dish_id,rung,damage,cal_true,cal_pred,cal_abs_err,mass_true,mass_pred,mass_abs_err,mahalanobis,lap_var,tenengrad,blockiness,hf_ratio
dish_1565035746,clean,clean,43.1,54.0186,10.9186,149,168.328,19.3283,7.30712,94.7336,160.195,0.0936277,0.0150561
dish_1558639818,clean,clean,20.06,28.949,8.88898,59,103.242,44.2422,7.28739,147.97,283.059,-0.00292718,0.0202909
dish_1558549605,clean,clean,97.5,144.207,46.7068,75,110.39,35.39,8.95898,145.197,268.454,0.0332607,0.019559
dish_1561663580,clean,clean,432.063,365.474,66.5897,307,219.485,87.5153,7.4525,206.779,305.387,0.160979,0.0236681
dish_1565898402,clean,clean,384.799,349.679,35.1203,229,221.377,7.6231,7.24194,153.565,277.457,0.017568,0.0141443
dish_1566328724,clean,clean,275.55,238.994,36.5558,167,157.38,9.62025,7.8374,151.841,243.398,-0.0521956,0.0217578
dish_1566838351,clean,clean,190.01,184.134,5.87622,417,334.722,82.2776,7.74083,98.9767,181.421,0.187779,0.0092465
dish_1567107839,clean,clean,174.284,212.293,38.0082,156,141.542,14.4578,6.41526,158.546,260.776,0.0190691,0.0214245
dish_1558639787,clean,clean,24.75,6.14252,18.6075,99,106.545,7.54479,7.81373,162.85,305.903,0.0434067,0.022664
dish_1562788601,clean,clean,413.17,444.126,30.9557,287,313.484,26.4835,6.61195,102.704,169.473,-0.0297601,0.0126644
dish_1560456326,clean,clean,206.873,175.373,31.5,138,143.943,5.94297,9.13719,186.489,275.716,0.094662,0.0138228
dish_1564427430,clean,clean,345.62,277.363,68.2572,170,181.975,11.975,9.52017,291.79,443.892,0.155386,0.0159101
dish_1565896662,clean,clean,19.38,29.2781,9.89815,57,52.1978,4.80222,6.90374,173.733,283.507,-0.123467,0.0159016
dish_1566414342,clean,clean,846.367,594.922,251.445,552,506.54,45.4597,6.23912,168.061,255,-0.106095,0.0164895
dish_1562617703,clean,clean,179.63,91.9323,87.6977,110,45.403,64.597,8.28049,142.594,223.001,0.0386795,0.017208
dish_1565020926,clean,clean,398.496,333.994,64.5025,489,387.172,101.828,7.19023,119.269,182.248,-0.0276586,0.0094872
dish_1564689168,clean,clean,352.947,382.692,29.7453,339,370.822,31.8222,6.41725,214.779,353.948,0.0189661,0.0131294
dish_1560456348,clean,clean,210.283,187.581,22.7017,149,154.485,5.48505,8.66653,236.738,337.29,0.0847833,0.0168215
dish_1558641287,clean,clean,11.52,10.2996,1.22043,64,65.5877,1.58768,6.61619,161.177,295.669,0.0794706,0.0189914
dish_1558373008,clean,clean,251.558,199.418,52.14,73,17.3663,55.6337,7.32008,195.515,330.485,-0.165912,0.0206518
dish_1561577947,clean,clean,623.204,476.288,146.917,424,366.631,57.3689,6.22506,405.659,637.289,-0.00112057,0.019845
dish_1558639440,clean,clean,60.32,61.2336,0.913588,116,125.826,9.82606,6.95029,144.143,267.058,0.0190533,0.0176211
dish_1565894889,clean,clean,257.813,199.763,58.0499,74,31.5514,42.4486,6.59803,86.8581,152.285,-0.0762194,0.0128494
dish_1561147944,clean,clean,42.371,85.267,42.896,34,55.614,21.614,7.18273,177.606,252.83,-0.0922386,0.0134621
dish_1557937079,clean,clean,146.07,157.085,11.0146,27,-5.56966,32.5697,8.7265,109.658,166.175,0.0621606,0.0169289
dish_1558641320,clean,clean,211.59,152.907,58.6832,336,302.008,33.9916,8.9396,200.497,356.864,0.054168,0.0255691
dish_1567007848,clean,clean,100.3,173.051,72.7508,243,306.896,63.8957,6.82972,128.882,196.033,-0.106828,0.0134598
dish_1565810969,clean,clean,4.6,145.5,140.9,20,163.394,143.394,10.5724,214.574,381.032,0.0602412,0.00936733
dish_1562168800,clean,clean,237.525,186.229,51.2956,242,239.472,2.52769,6.68954,187.573,284.411,0.0794079,0.0160236
dish_1564687046,clean,clean,374.794,414.046,39.2519,308,268.217,39.7828,9.46133,214.793,334.86,-0.0339938,0.0143441
dish_1563221054,clean,clean,298.878,382.826,83.948,170,236.74,66.7398,5.74967,226.661,368.57,0.0731531,0.0140219
dish_1565898361,clean,clean,370.671,361.577,9.09487,202,210.839,8.83887,6.29825,137.85,249.77,0.0230877,0.0144466
dish_1560367926,clean,clean,408.523,451.831,43.3076,194,216.767,22.7672,6.83152,200.778,324.35,0.0713198,0.0126931
dish_1560444869,clean,clean,14.04,33.9962,19.9562,39,93.5257,54.5257,9.11181,122.362,196.803,0.0610529,0.0148092
dish_1559850283,clean,clean,271.707,297.674,25.967,47,89.5335,42.5335,7.99062,86.2862,158.712,-0.106897,0.0119857
dish_1566502505,clean,clean,454.517,490.086,35.5682,275,286.639,11.6392,7.08831,174.535,290.07,-0.0738029,0.0135374
dish_1565811091,clean,clean,504.4,422.783,81.6168,371,403.203,32.2033,8.71656,462.517,658.632,0.0427848,0.0192776
dish_1561739265,clean,clean,292.04,356.703,64.6635,308,399.564,91.5639,7.45081,203.548,312.954,0.0168147,0.0179878
dish_1558373159,clean,clean,1013.34,537.855,475.482,334,282.618,51.3824,7.8173,248.552,426.758,-0.153255,0.0206358
dish_1565035830,clean,clean,340.128,523.218,183.09,414,518.865,104.865,8.95605,276.373,455.241,0.0876667,0.0164929
dish_1562788568,clean,clean,289.203,357.865,68.6619,230,247.586,17.5856,6.06378,104.759,171.368,-0.0351735,0.0122851
dish_1558376483,clean,clean,735.03,566.299,168.731,270,302.906,32.9055,8.17115,286.264,480.319,-0.0880351,0.0229615
dish_1561739160,clean,clean,34.77,104.18,69.4096,61,123.546,62.5457,8.99844,153.583,235.955,0.00120819,0.0200937
dish_1558549773,clean,clean,2.3,-41.652,43.952,10,-30.0803,40.0803,6.81006,156.025,293.768,0.00582361,0.0187062
dish_1561574394,clean,clean,61.5024,97.3748,35.8725,82,117.663,35.6629,6.4388,273.447,420.38,0.082443,0.0145489
dish_1558461760,clean,clean,10.98,-49.1215,60.1015,61,30.2544,30.7456,7.3895,168.551,303.701,-0.0114197,0.0213198
dish_1563909469,clean,clean,72.4028,-4.09727,76.5001,64,-10.5727,74.5727,5.79241,199.367,312.101,0.11596,0.0162271
dish_1558376938,clean,clean,51.06,102.736,51.6758,74,94.3096,20.3096,7.74689,205.201,345.422,-0.133632,0.0204948
dish_1565986733,clean,clean,387.929,409.898,21.969,287,264.454,22.5456,5.5905,195.215,298.329,0.201663,0.0171207
dish_1558639555,clean,clean,156.049,261.089,105.04,320,331.118,11.1178,8.34348,287.602,444.314,-0.0127317,0.0222472
dish_1558546558,clean,clean,254.364,288.014,33.6502,44,42.963,1.03696,7.722,183.898,339.187,-0.0433231,0.0212152
dish_1563984242,clean,clean,402.117,349.716,52.401,753,617.683,135.317,8.37418,125.351,217.252,0.0299965,0.0130221
dish_1559849097,clean,clean,495.928,277.411,218.517,325,303.048,21.9516,7.06832,97.4471,179.182,-0.0276675,0.0107393
dish_1563566965,clean,clean,370.827,395.637,24.8099,286,369.734,83.7344,7.58656,251.973,401.88,-0.00374681,0.0118636
dish_1566849895,clean,clean,112.31,187.369,75.059,153,176.509,23.509,10.8885,178.848,299.588,-0.0424388,0.0133355
dish_1559157919,clean,clean,37.0946,46.2224,9.12778,39,61.7267,22.7267,7.66601,269.485,446.689,0.176536,0.0249237
dish_1558113477,clean,clean,289.05,300.859,11.8087,50,79.9006,29.9006,7.27996,195.373,324.481,-0.172671,0.021036
dish_1559238993,clean,clean,61.56,44.5693,16.9907,108,125.588,17.5884,6.89989,183.314,322.97,0.110761,0.0200639
dish_1562788506,clean,clean,114.588,60.8845,53.7035,108,80.6604,27.3396,7.30109,63.8072,106.025,-0.0814587,0.0167601
dish_1562774129,clean,clean,73.0835,97.1426,24.0591,77,104.076,27.0757,6.57148,138.888,232.332,-0.0604448,0.0117857
dish_1559578551,clean,clean,124.43,165.737,41.3067,23,-4.54836,27.5484,7.87014,164.202,267.938,0.0931343,0.0191383
dish_1562788536,clean,clean,245.132,303.157,58.0249,190,187.528,2.47167,7.01653,99.7144,160.531,-0.0127738,0.0131344
dish_1559233756,clean,clean,189.85,240.904,51.0535,222,185.559,36.4412,7.01696,224.471,388.01,0.0651987,0.0257748
dish_1564428181,clean,clean,510.051,482.843,27.2075,320,303.349,16.6514,7.30896,350.873,548.2,0.110145,0.0145409
dish_1565118729,clean,clean,435.493,431.438,4.05565,248,205.903,42.0965,7.83748,156.902,256.357,0.0052619,0.0122342
dish_1568305225,clean,clean,428.668,464.806,36.1378,144,219.896,75.8958,9.20701,175.629,275.564,0.00183916,0.0117602
dish_1566414291,clean,clean,345.142,424.108,78.9664,244,321.135,77.1353,6.41321,159.727,242.628,-0.158341,0.0156591
dish_1561661347,clean,clean,50.67,188.851,138.181,132,212.764,80.7644,7.92233,257.315,386.519,0.14338,0.0211906
dish_1566501575,clean,clean,251.694,458.178,206.484,54,384.16,330.16,8.38681,199.593,325.784,-0.0646256,0.0140608
dish_1563218408,clean,clean,245.34,228.599,16.7409,87,174.468,87.4684,9.06503,228.58,329.771,-0.092889,0.00976663
dish_1561661377,clean,clean,306.334,396.709,90.3758,294,363.698,69.6976,6.1009,246.263,366.298,0.14807,0.020971
dish_1558639876,clean,clean,68.18,192.999,124.819,215,273.893,58.8925,9.66965,362.58,544.571,-0.00559056,0.0261573
dish_1566849862,clean,clean,77.05,102.448,25.3983,67,50.8518,16.1482,10.0635,155.74,272.806,-0.0736702,0.0106028
dish_1566502573,clean,clean,821.51,543.273,278.237,487,448.509,38.4906,6.22777,196.468,329.516,-0.0594817,0.0143803
dish_1562009810,clean,clean,119.88,126.863,6.98332,108,76.2447,31.7553,9.71148,197.029,303.386,0.126004,0.0215992
dish_1564675411,clean,clean,235.531,350.158,114.627,308,322.684,14.6836,8.14209,169.67,276.201,-0.0226738,0.0168897
dish_1560203424,clean,clean,451.754,356.499,95.2549,138,145.748,7.74777,8.45815,158.242,250.783,0.0118895,0.0139383
dish_1562790824,clean,clean,437.072,443.516,6.44426,368,299.804,68.1955,7.32917,158.178,251.397,-0.0404751,0.0118149
dish_1558030289,clean,clean,38.52,-50.8491,89.3691,107,116.626,9.62608,7.44804,155.929,273.785,-0.210459,0.0205977
dish_1560444985,clean,clean,198.938,267.066,68.128,264,387.513,123.513,7.50535,161.137,278.337,0.0421206,0.0164703
dish_1563984140,clean,clean,245.44,295.437,49.9968,472,371.679,100.321,9.44883,92.2073,161.155,0.00473559,0.0152088
dish_1561662160,clean,clean,41.8383,100.289,58.4508,36,87.4321,51.4321,6.43468,191.741,288.749,-0.0423011,0.0159464
dish_1558641164,clean,clean,80.08,67.3955,12.6845,154,116.638,37.3615,6.88089,156.016,281.122,0.055625,0.020572
dish_1558110335,clean,clean,37.87,42.8674,4.99742,7,-24.5117,31.5117,6.8693,160.926,281.408,-0.172428,0.0192169
dish_1565811061,clean,clean,380.32,308.491,71.8291,324,368.547,44.5472,9.20186,358,537.737,0.0511097,0.0146205
dish_1559844490,clean,clean,108.36,145.284,36.9238,180,232.043,52.0425,7.34804,99.8035,174.216,0.042632,0.011752
dish_1562786103,clean,clean,93.081,117.609,24.5285,57,96.6425,39.6425,9.18799,105.85,168.942,-0.0840042,0.0122628
dish_1563897087,clean,clean,102.44,170.926,68.4858,231,204.302,26.6981,8.41952,116.181,187.354,-0.0846204,0.0122223
dish_1566590007,clean,clean,740.762,575.426,165.336,457,429.798,27.2023,6.9596,191.325,316.993,0.190277,0.0134452
dish_1560975517,clean,clean,42.39,179.928,137.538,99,187.2,88.1998,6.52131,191.663,278.39,0.0362338,0.0223152
dish_1557936645,clean,clean,11.88,-4.43168,16.3117,36,68.7538,32.7538,7.17907,100.447,156.449,0.0801927,0.015604
dish_1565020796,clean,clean,90.6,184.073,93.4727,99,137.233,38.2325,8.47843,99.0231,152.857,0.0171206,0.0178376
dish_1559578579,clean,clean,142.58,208.134,65.5541,78,90.6375,12.6375,8.32578,221.87,353.492,0.0537905,0.0224217
dish_1557862783,clean,clean,442.98,498.827,55.847,258,313.418,55.4177,10.4356,258.576,287.516,0.0554087,0.0256599
dish_1560975601,clean,clean,233.936,473.037,239.101,253,418.553,165.553,5.75612,265.869,382.771,0.0361869,0.0210818
dish_1560367952,clean,clean,414.733,346.842,67.8907,221,281.797,60.7972,8.40876,262.361,413.238,0.101229,0.0134824
dish_1563565454,clean,clean,350.789,302.437,48.3516,322,287.922,34.0776,7.6122,198.528,321.899,-0.0251588,0.0133659
dish_1562703408,clean,clean,311.209,435.59,124.381,196,282.073,86.0734,7.3657,111.702,176.694,-0.102664,0.0103384
dish_1564689138,clean,clean,268.267,225.985,42.2818,223,216.338,6.66242,5.13129,193.028,316.403,0.0659659,0.0123556
dish_1563221086,clean,clean,328.278,398.297,70.019,254,306.333,52.3325,5.83781,238.633,372.719,0.160344,0.0130268
dish_1567007814,clean,clean,73,87.4048,14.4048,152,209.488,57.4883,6.59436,120.165,185.752,-0.071775,0.0145963
dish_1565896701,clean,clean,294.473,356.133,61.6591,184,207.522,23.5222,6.81187,115.96,181.607,-0.0683812,0.0135825
dish_1557937615,clean,clean,6.93,-50.926,57.856,21,13.5227,7.47728,7.28487,96.1425,147.415,0.0491252,0.0148412
dish_1564427455,clean,clean,354.26,279.929,74.3313,218,246.344,28.3444,9.29123,264.128,425.336,0.0794078,0.0145942
dish_1564588859,clean,clean,183.586,261.623,78.0367,257,257.565,0.565446,7.62637,101.608,149.645,-0.0850962,0.0196512
dish_1561577848,clean,clean,413.348,383.144,30.2038,254,253.184,0.816387,6.56468,189.361,337.805,0.00840652,0.0146796
dish_1563389600,clean,clean,451.428,240.346,211.082,264,248.964,15.0357,9.57251,177.467,290.274,-0.051056,0.0101468
dish_1566316726,clean,clean,409.523,356.452,53.0708,685,505.337,179.663,8.35688,106.358,185.721,-0.0813307,0.0124304
dish_1562776465,clean,clean,173.432,239.677,66.2442,212,204.94,7.05967,8.23203,162.605,257.801,0.0932463,0.0140917
dish_1568401261,clean,clean,530.393,409.546,120.848,443,364.245,78.7551,7.7601,162.055,252.973,0.109535,0.0199206
dish_1559841950,clean,clean,11.2,33.3969,22.1969,32,74.8419,42.8419,7.6246,78.4052,141.678,-0.0599101,0.0111035
dish_1558375667,clean,clean,687.939,425.499,262.44,119,98.574,20.426,7.78598,223.466,372.569,-0.147752,0.0213211
dish_1558639482,clean,clean,30.769,70.0332,39.2642,29,73.7464,44.7464,8.69201,133.296,246.456,0.00606334,0.0173456
dish_1566328805,clean,clean,927.81,628.581,299.229,488,465.036,22.9643,8.54574,175.078,309.512,-0.0129832,0.0189887
dish_1558114145,clean,clean,57.27,181.291,124.021,83,164.036,81.0356,7.85226,198.024,336.97,-0.165853,0.0215268
dish_1562700593,clean,clean,385.774,530.627,144.853,384,394.66,10.6598,7.35843,236.982,374.765,0.102833,0.0145945
dish_1557937574,clean,clean,5.59,-43.549,49.139,13,24.4552,11.4552,6.36087,91.9396,143.636,0.0823624,0.0139707
dish_1561661324,clean,clean,33,128.408,95.4082,75,123.888,48.8875,7.28324,215.071,319.919,0.223426,0.0257998
dish_1564588820,clean,clean,81.12,111.966,30.8459,156,182.089,26.0889,6.6393,81.5703,115.105,-0.0612525,0.0214702
dish_1566414225,clean,clean,125.182,179.66,54.4783,88,144.252,56.252,6.05109,126.694,206.914,-0.17516,0.0177235
dish_1568305257,clean,clean,837.148,543.85,293.298,420,353.631,66.3687,6.73042,183.001,295.732,0.0121759,0.0134084
dish_1564773826,clean,clean,10.08,-11.9778,22.0578,56,60.8505,4.85053,8.21006,126.317,224.478,-0.0299532,0.0161446
dish_1562700496,clean,clean,31,3.86361,27.1364,124,112.131,11.869,7.54427,145.36,240.489,0.190325,0.0180333
dish_1566850099,clean,clean,113.058,97.1656,15.8924,112,100.181,11.8191,5.82074,143.93,239.579,-0.043425,0.0106056
dish_1560975628,clean,clean,348.273,563.818,215.546,296,433.22,137.22,5.93495,269.621,390.431,-0.0119249,0.0228784
dish_1558461431,clean,clean,1.15,-51.5872,52.7372,5,-32.6601,37.6601,7.65893,192.568,345.137,0.00877666,0.0220659
dish_1558635618,clean,clean,220.254,242.593,22.3387,334,351.661,17.6606,10.2755,407.37,613.667,-0.0668775,0.028923
dish_1561148021,clean,clean,361.765,508.201,146.436,216,264.653,48.6528,7.08224,275.57,398.935,-0.0229535,0.0181007
dish_1566328745,clean,clean,282.03,272.504,9.52601,203,234.868,31.868,8.75817,184.246,300.143,-0.0416626,0.0206221
dish_1558373074,clean,clean,73.84,74.5085,0.668466,142,143.785,1.78547,7.7358,189.031,293.618,-0.187847,0.0221687
dish_1561662869,clean,clean,284.346,296.49,12.1444,192,233.594,41.594,5.83566,226.816,358.625,0.0840896,0.0183082
dish_1558544663,clean,clean,141.44,224.697,83.2569,208,167.594,40.4057,9.85622,172.355,308.411,-0.0383611,0.0239458
dish_1564588919,clean,clean,335.944,304.29,31.6539,452,415.404,36.5958,7.48607,114.827,170.254,-0.0478298,0.0121963
dish_1563909580,clean,clean,544.312,428.223,116.089,361,355.458,5.54229,8.31684,221.158,352.257,0.0641445,0.0144837
dish_1565894858,clean,clean,132.84,71.1068,61.7332,27,9.75674,17.2433,6.82425,86.8183,144.728,-0.122678,0.013404
dish_1564689078,clean,clean,72.3608,1.74905,70.6117,55,31.9556,23.0444,7.22842,147.141,241.82,0.0607188,0.0138518
dish_1566414412,clean,clean,920.12,519.871,400.249,658,427.698,230.302,5.8188,179.298,280.304,-0.0964536,0.0127837
dish_1566502537,clean,clean,517.644,504.302,13.3424,315,351.865,36.8655,6.50967,189.794,310.212,-0.0818058,0.0140642
dish_1558718587,clean,clean,10.25,3.15161,7.09839,41,46.497,5.49697,7.69709,144.344,259.221,-0.11062,0.0193914
dish_1563551164,clean,clean,339.756,352.438,12.6816,270,331.385,61.3854,8.57432,126.954,202.999,-0.0246459,0.0163727
dish_1558720236,clean,clean,887.823,461.652,426.171,407,366.416,40.5842,8.12799,235.425,410.611,-0.0309784,0.0254636
dish_1562776497,clean,clean,291.832,371.627,79.7943,292,283.177,8.82267,6.51504,201.476,316.36,0.065389,0.0162362
dish_1563565289,clean,clean,93.368,161.535,68.1671,88,167.305,79.3051,9.00582,151.401,249.056,-0.00339741,0.0172937
dish_1559849412,clean,clean,352.641,243.105,109.536,61,55.3954,5.60464,7.87212,86.0271,156.953,-0.0858853,0.0107027
dish_1559934477,clean,clean,25.08,52.3634,27.2834,57,68.1411,11.1411,8.03907,168.692,243.105,-0.03405,0.0093555
dish_1557936599,clean,clean,22.05,29.2481,7.19805,63,81.3481,18.3481,7.38015,123.051,184.517,0.0706992,0.0164657
dish_1563565354,clean,clean,272.315,353.006,80.6905,193,241.913,48.9134,8.07146,185.812,293.37,-0.0210246,0.0183518
dish_1561405411,clean,clean,332.063,403.274,71.2102,282,331.94,49.9396,6.89735,275.988,396.591,-0.0349388,0.0184095
dish_1566502472,clean,clean,132.919,184.327,51.408,119,157.107,38.1073,7.54753,156.49,261.481,-0.0541212,0.0128416
dish_1566838317,clean,clean,114.2,165.759,51.5589,284,294.778,10.7778,9.25225,90.6679,170.021,0.190397,0.0121803
dish_1565123881,clean,clean,406.822,495.974,89.1526,515,393.526,121.474,7.63587,280.665,426.654,0.0580163,0.0178139
dish_1563551134,clean,clean,246.92,211.423,35.4972,173,200.126,27.1257,8.90249,126.016,194.83,-0.0370014,0.0222377
dish_1558718906,clean,clean,282.58,387.611,105.031,247,282.772,35.772,9.04657,352.674,541.837,-0.0631224,0.027352
dish_1562963289,clean,clean,349.918,377.142,27.2244,180,193.593,13.5926,5.97831,114.394,178.504,-0.144691,0.0146547
dish_1562790775,clean,clean,75.6863,63.8181,11.8682,40,39.949,0.050969,6.62107,131.103,205.504,0.077454,0.0128518
dish_1560801041,clean,clean,432.244,442.617,10.3724,292,380.085,88.0852,7.75328,320.369,435.761,-0.0128361,0.0168246
dish_1565123816,clean,clean,250.917,243.538,7.37921,110,106.74,3.26014,6.33636,83.3457,130.052,0.0917439,0.0165112
dish_1558031351,clean,clean,12.3,-25.7733,38.0733,41,54.4099,13.4099,6.1746,166.083,286.214,-0.164394,0.0204021
dish_1559841979,clean,clean,39.29,0.720404,38.5696,85,123.402,38.4017,7.43114,76.3872,139.992,-0.0573587,0.010816
dish_1560203400,clean,clean,293.28,299.781,6.50124,104,116.274,12.274,8.59363,136.29,219.892,0.0210083,0.0124839
dish_1563294987,clean,clean,97.38,136.733,39.3526,18,44.19,26.19,6.42399,167.477,261.255,-0.163578,0.0135427
dish_1563208412,clean,clean,62.4,114.248,51.848,39,25.0175,13.9825,7.85583,136.941,215.635,0.15163,0.0155622
dish_1557862696,clean,clean,19.25,77.3383,58.0883,77,95.4007,18.4007,12.6042,270.892,257.555,0.00967324,0.0341412
dish_1561739212,clean,clean,134.01,254.149,120.139,214,351.806,137.806,7.81793,171.682,272.004,-0.0214333,0.0180662
dish_1564675380,clean,clean,87.331,179.814,92.483,23,62.6278,39.6278,7.15767,137.653,220.457,-0.0538574,0.0152471
dish_1564773903,clean,clean,316.828,192.767,124.061,336,286.688,49.3123,7.45105,142.171,243.414,-0.0136378,0.0121677
dish_1558376768,clean,clean,74.36,101.871,27.5109,143,146.71,3.71002,7.96994,168.811,285.91,-0.172174,0.0200171
dish_1563897047,clean,clean,66.04,240.046,174.006,127,227.623,100.623,8.00428,111.403,171.109,-0.0174795,0.0157758
dish_1562172561,clean,clean,150.8,177.572,26.7719,290,278.383,11.6171,7.94268,111.281,184.036,0.00843036,0.0192778
dish_1563551194,clean,clean,471.644,413.236,58.4076,400,358.725,41.2747,7.97424,151.167,239.936,-0.0333616,0.0172582
dish_1558113430,clean,clean,7.84,80.7217,72.8817,28,90.4346,62.4346,7.81512,241.402,378.929,-0.171124,0.0223345
dish_1565035774,clean,clean,57.5,150.707,93.2067,185,216.773,31.7731,7.1119,105.897,184.678,0.0574028,0.0141114
dish_1563551105,clean,clean,194.4,215.201,20.801,72,127.309,55.3088,9.52217,107.305,165.134,-0.00333297,0.0201548
dish_1566850142,clean,clean,464.951,446.869,18.0819,284,317.394,33.394,7.1238,167.339,268.664,-0.0399876,0.0116383
dish_1561574368,clean,clean,22,33.1925,11.1925,50,68.4866,18.4866,7.3599,178.69,293.103,0.139282,0.0112895
dish_1562085672,clean,clean,122.084,178.858,56.7742,46,122.766,76.7659,8.92364,172.497,269.897,0.025452,0.0238683
dish_1560526472,clean,clean,113.673,229.69,116.017,114,205.202,91.2025,5.90088,205.329,316.794,-0.0588349,0.0152308
dish_1566328776,clean,clean,901.81,614.644,287.166,436,397.729,38.271,8.17639,177.423,309.381,-0.00406462,0.0193015
dish_1566501594,clean,clean,508.049,423.25,84.7989,109,343.041,234.041,8.29606,185.738,311.798,-0.0882499,0.0128015
dish_1560368019,clean,clean,436.966,456.809,19.843,301,314.613,13.6127,7.4778,339.016,538.252,0.089438,0.0175008
dish_1561393764,clean,clean,280.8,280.385,0.414795,182,158.059,23.941,7.51007,226.072,331.959,0.102612,0.0151257
dish_1558641200,clean,clean,3.28,-48.3667,51.6467,8,9.63928,1.63928,6.94763,139.244,267.98,0.0723284,0.0177445
dish_1558639412,clean,clean,32.98,-12.2012,45.1812,97,61.3792,35.6208,6.57151,137.568,261.822,-0.00720429,0.0198433
dish_1565123783,clean,clean,93.065,128.172,35.1075,35,50.0335,15.0335,7.32074,77.7134,120.662,0.105429,0.0202039
dish_1559157777,clean,clean,2.53,-8.69612,11.2261,11,-36,47,8.23665,217.65,372.917,0.185408,0.0206867
dish_1567785739,clean,clean,168.576,195.633,27.0568,177,202.77,25.7699,8.1979,142.53,224.803,0.0267646,0.012891
dish_1564588889,clean,clean,234.494,249.579,15.0849,346,333.958,12.0423,8.02431,106.976,159.202,-0.0797147,0.0126395
dish_1561667207,clean,clean,249.445,301.907,52.4621,121,195.354,74.3544,6.65616,173.212,256.893,-0.0129915,0.0175853
dish_1559850314,clean,clean,296.617,270.301,26.3156,100,103.998,3.9982,7.45495,81.1592,154.175,-0.102877,0.0112326
dish_1559233445,clean,clean,24.5,15.1538,9.34616,49,45.6669,3.33306,6.85294,135.441,249.238,0.0733234,0.0191458
dish_1558030182,clean,clean,67.76,42.9945,24.7655,88,67.8561,20.1439,6.81226,166.103,283.184,-0.180125,0.0214345
dish_1567007719,clean,clean,14.28,-55.6496,69.9296,42,-30.293,72.293,6.90344,104.696,161.368,-0.0690933,0.0163779
dish_1567785709,clean,clean,131.251,136.917,5.66636,138,188.478,50.4783,7.42094,127.995,207.5,-0.0320964,0.0122768
dish_1558546434,clean,clean,2.53,-16.1917,18.7217,11,-19.6082,30.6082,6.99985,183.57,339.276,-0.076611,0.0195476
dish_1560801773,clean,clean,13.5,8.41242,5.08758,54,10.3349,43.6651,8.58344,102.085,178.049,0.0630205,0.00676738
dish_1561662926,clean,clean,288.336,315.801,27.4654,213,244.29,31.2897,6.32619,232.223,363.509,0.0875858,0.0175391
dish_1565035858,clean,clean,375.228,534.481,159.253,531,593.275,62.2754,8.00839,205.458,331.428,0.0635771,0.0146123
dish_1565030391,clean,clean,609.334,362.447,246.887,313,302.203,10.7967,5.7891,269.576,401.088,0.118591,0.0138136
dish_1562774099,clean,clean,51.9935,56.0134,4.01989,40,35.2552,4.74481,6.91403,140.526,234.279,-0.0526525,0.012673
dish_1560801020,clean,clean,346.34,322.366,23.9742,250,338.69,88.6896,7.75634,325.387,446.297,-0.0165803,0.0175527
dish_1562690886,clean,clean,20.6117,14.412,6.19969,37,39.4137,2.41367,7.16548,128.042,194.879,0.0723794,0.0199182
dish_1564428144,clean,clean,205.213,194.821,10.3924,171,144.613,26.3874,7.92155,148.826,244.945,0.149703,0.0116777
dish_1560456305,clean,clean,26.3916,60.7902,34.3986,21,101.58,80.5802,8.55093,146.845,228.783,0.0727887,0.0115866
dish_1565117429,clean,clean,390.873,319.826,71.0474,147,137.513,9.4871,7.8761,155.792,281.351,0.0366492,0.0202097
dish_1564773876,clean,clean,258.328,124.323,134.004,219,173.506,45.494,6.72336,141.123,243.91,-0.010892,0.0124281
dish_1560526552,clean,clean,359.241,496.627,137.386,319,432.066,113.066,6.75903,233.539,374.136,-0.0225718,0.0170298
dish_1560526408,clean,clean,67.0982,143.594,76.4957,51,81.2691,30.2691,6.3818,178.197,262.762,-0.0914975,0.013893
dish_1562963325,clean,clean,760.162,565.713,194.449,379,383.747,4.74712,5.63172,117.381,187.351,-0.128522,0.0134292
dish_1557937037,clean,clean,25.97,33.2794,7.30941,49,87.9745,38.9745,6.25408,107.404,161.35,0.0662688,0.015174
dish_1561662216,clean,clean,300.794,330.795,30.0008,193,228.941,35.9415,7.06258,237.171,368.01,-0.038268,0.0154061
dish_1562099134,clean,clean,271.641,195.094,76.5472,188,153.294,34.7062,6.62002,117.073,194.109,-0.0195605,0.0112397
dish_1562008936,clean,clean,57.64,102.401,44.761,131,105.554,25.4458,7.03488,201.838,303.351,-0.00323796,0.0249961
dish_1565020867,clean,clean,255.805,255.734,0.0713717,325,281.16,43.8396,7.61184,98.2845,149.886,-0.0551352,0.00949165
dish_1558720133,clean,clean,14.25,-30.7704,45.0204,57,49.8404,7.15958,8.425,154.168,281.378,-0.0920243,0.0201547
dish_1561739238,clean,clean,274.19,311.118,36.928,257,368.274,111.274,7.75746,187.565,290.217,0.0223951,0.0195868
dish_1565711570,clean,clean,603.827,621.758,17.9304,324,371.732,47.7321,7.89109,163.53,266.055,0.0411621,0.0138213
dish_1562774206,clean,clean,298.764,378.518,79.7546,272,357.731,85.731,6.50436,148.954,252.95,0.00435376,0.0131173
dish_1561148042,clean,clean,370.755,466.866,96.1108,245,298.737,53.7373,6.76618,354.159,509.054,-0.0284528,0.0229297
dish_1560444931,clean,clean,112.66,197.956,85.2959,200,313.583,113.583,7.90771,132.815,235.936,0.0784775,0.0161544
dish_1558031302,clean,clean,56.98,60.8386,3.8586,74,57.7597,16.2403,6.47768,161.684,280.799,-0.204064,0.0205067
dish_1563566939,clean,clean,286.027,330.292,44.2649,238,321.692,83.6925,5.93699,248.928,394.853,-0.0270409,0.0134584
dish_1566587102,clean,clean,213.599,238.208,24.6087,146,139.664,6.33574,6.89996,134.716,228.787,0.260816,0.0142668
dish_1561405332,clean,clean,18.55,-37.2064,55.7564,53,8.12657,44.8734,7.3866,138.899,221.461,-0.101649,0.014016
dish_1564687013,clean,clean,330.841,423.093,92.252,224,210.348,13.6522,6.30214,148.884,244.438,-0.0558949,0.0148494
dish_1563996464,clean,clean,100.489,159.355,58.8662,146,212.792,66.7922,6.61539,228.489,341.466,-0.00139874,0.0166073
dish_1563998279,clean,clean,565.005,441.85,123.155,296,265.146,30.8544,7.79991,178.87,261.596,0.00842571,0.0160708
dish_1565020755,clean,clean,43.28,88.3088,45.0288,8,-4.45453,12.4545,7.24136,87.5746,123.66,-0.161766,0.0184425
dish_1557937758,clean,clean,106.783,188.856,82.0729,128,256.033,128.033,7.40062,111.813,192.852,0.077183,0.017107
dish_1559850338,clean,clean,307.117,305.535,1.5819,130,175.421,45.4212,7.71755,96.5035,175.555,-0.0852078,0.0121707
dish_1563305513,clean,clean,606.252,386.858,219.394,228,209.31,18.6898,7.01197,91.6445,157.044,-0.0752894,0.0118492
dish_1563389548,clean,clean,438.828,222.391,216.437,194,203.922,9.92208,10.1043,180.937,284.951,-0.0733116,0.0117032
dish_1565898128,clean,clean,209.031,222.925,13.8946,134,145.123,11.1233,7.39013,126.191,211.436,-0.0403736,0.0183626
dish_1558549413,clean,clean,682.158,405.431,276.727,118,106.693,11.3069,8.63787,232.709,408.018,0.0438389,0.0229046
dish_1562703345,clean,clean,154.28,260.972,106.692,58,92.2205,34.2205,6.34755,101.611,159.848,-0.0899349,0.0138479
dish_1565030350,clean,clean,62.5857,36.4112,26.1745,62,34.0515,27.9485,7.71005,128.792,197.639,0.229023,0.0136764
dish_1562774180,clean,clean,164.084,178.076,13.9928,181,195.179,14.1791,6.88851,132.937,224.72,-0.081927,0.0118739
dish_1559239256,clean,clean,60.16,47.9524,12.2076,128,113.345,14.6553,7.11351,146.014,262.711,0.12325,0.020481
dish_1563566909,clean,clean,222.53,312.676,90.1457,187,268.063,81.0632,7.00624,107.046,180.806,-0.0531525,0.0137211
dish_1563984199,clean,clean,322.68,322.416,0.264025,670,521.103,148.897,9.01131,99.8488,176.274,-0.00477123,0.0144386
dish_1558722125,clean,clean,497.166,392.511,104.655,86,108.43,22.4296,8.4588,195.242,356.196,-0.0364559,0.0210739
dish_1565123845,clean,clean,268.662,226.231,42.4304,201,130.301,70.6988,5.86146,88.6865,139.649,0.0730389,0.0138308
dish_1562168696,clean,clean,95.1148,87.5116,7.60327,141,198.054,57.0538,6.10311,195.882,293.714,-0.0722013,0.0183928
dish_1567785778,clean,clean,303.508,358.133,54.626,310,317.919,7.91918,7.43471,116.258,195.407,0.00745118,0.0114538
dish_1564687090,clean,clean,498.019,532.598,34.5793,416,386.27,29.7296,8.6915,232.871,359.553,-0.0465204,0.0138284
dish_1563909507,clean,clean,117.926,86.6018,31.3238,151,132.355,18.6452,8.20047,236.194,377.351,0.126975,0.0141527
dish_1560526530,clean,clean,245.281,385.729,140.448,242,346.161,104.161,6.57617,222.792,350.889,-0.0385159,0.0164653
dish_1563295044,clean,clean,241.975,265.511,23.5353,158,215.83,57.8304,6.53633,187.31,296.242,-0.166882,0.0161434
dish_1559844272,clean,clean,462.48,306.447,156.033,80,96.2672,16.2672,8.23079,86.7183,163.696,-0.0733352,0.0111659
dish_1561578800,clean,clean,338.355,342.14,3.78504,146,211.95,65.9504,6.78156,222.978,363.697,0.0915612,0.0116766
dish_1562099157,clean,clean,277.531,193.798,83.7334,207,201.995,5.00511,6.65812,138.021,230.14,0.00549614,0.0109095
dish_1562703447,clean,clean,384.426,212.14,172.286,259,155.081,103.919,7.43696,128.437,197.326,-0.11383,0.00923125
dish_1566587143,clean,clean,354.399,347.272,7.12724,234,233.91,0.0900214,7.41022,149.706,254.528,0.187247,0.0131516
dish_1562618000,clean,clean,685.994,458.076,227.917,448,399.375,48.6249,5.92239,427.844,618.767,0.0114479,0.0175615
dish_1566851704,clean,clean,461.16,557.681,96.521,348,400.925,52.925,6.87323,209.143,339.98,0.0661787,0.0178355
dish_1566587182,clean,clean,531.261,481.726,49.5354,377,363.866,13.1342,6.91064,174.95,300.11,0.156007,0.0105302
dish_1558718680,clean,clean,132.963,268.654,135.691,23,-1.73691,24.7369,7.81674,172.731,310.26,-0.117032,0.0194685
dish_1563898019,clean,clean,343.977,352.739,8.76164,237,197.584,39.416,8.20527,124.668,198.886,-0.0840641,0.0178764
dish_1558718610,clean,clean,113.527,185.575,72.0485,107,115.656,8.6559,8.67458,154.84,268.594,-0.0894917,0.0204846
dish_1565894910,clean,clean,537.113,432.833,104.28,179,154.241,24.759,8.3844,154.358,266.055,-0.0645509,0.0142099
dish_1561578865,clean,clean,417.185,409.563,7.62261,246,295.178,49.178,6.49276,344.97,525.556,0.0392493,0.0154172
dish_1568401167,clean,clean,426.36,321.788,104.573,228,174.96,53.0403,7.62788,135.455,216.562,0.0746841,0.0216601
dish_1564689219,clean,clean,506.847,449.787,57.0598,474,457.421,16.5792,6.45889,220.043,378.494,0.0409685,0.0143037
dish_1563984296,clean,clean,436.337,584.54,148.203,871,722.419,148.581,8.31881,138.196,249.665,0.0136127,0.0114291
dish_1558110478,clean,clean,205.439,218.581,13.1424,161,196.923,35.9234,6.70586,195.715,347.773,-0.188163,0.0204096
dish_1563295016,clean,clean,127.88,182.108,54.228,79,113.316,34.316,6.75313,165.707,259.325,-0.182519,0.0163846
dish_1557861216,clean,clean,0,-13.3758,13.3758,1,-30.8222,31.8222,10.704,168.725,167.714,0.0494986,0.0241397
dish_1558376801,clean,clean,4.2,-35.7465,39.9465,15,-42.6531,57.6531,6.98127,177.492,298.598,-0.133408,0.0195497
dish_1561739188,clean,clean,97.09,165.629,68.5392,143,188.348,45.3479,7.74466,167.911,258.038,-0.0308522,0.0181816
dish_1565020822,clean,clean,180.565,266.031,85.4663,193,213.829,20.8293,7.93408,111.29,171.125,-0.0568373,0.013265
dish_1561667238,clean,clean,268.805,411.656,142.851,165,293.544,128.544,5.88247,319.693,485.854,-0.0161325,0.0209585
dish_1558114209,clean,clean,30.6,63.3789,32.7789,90,124.273,34.2725,7.01794,168.758,280.572,-0.176677,0.0221256
dish_1561654392,clean,clean,494.065,474.746,19.3196,282,276.314,5.68602,8.40488,262.606,376.401,-0.0220533,0.0157628
dish_1564160043,clean,clean,245,248.681,3.68135,98,133.966,35.9665,7.60619,121.058,187.943,0.10537,0.0165812
dish_1558376364,clean,clean,48.99,19.0892,29.9008,71,57.2532,13.7468,7.68843,195.445,342.422,-0.139452,0.0200991
dish_1566849987,clean,clean,562.97,466.284,96.6858,540,416.952,123.048,8.47995,261.86,411.682,-0.0428169,0.0179572
dish_1563898107,clean,clean,440.693,448.279,7.58585,424,385.496,38.5041,7.165,149.235,246.573,-0.0701625,0.0163434
dish_1558635489,clean,clean,78.514,117.496,38.9817,74,111.033,37.0326,7.97321,156.031,277.18,-0.116825,0.0202097
dish_1566589933,clean,clean,89.06,284.68,195.62,122,177.899,55.8987,6.25995,153.727,260.062,0.223875,0.017578
dish_1568401199,clean,clean,459.643,364.796,94.8478,343,251.697,91.3029,7.66225,147.56,225.956,0.114259,0.020647
dish_1563898084,clean,clean,419.493,404.517,14.976,384,342.197,41.8034,6.76638,143.393,228.896,-0.0679302,0.016562
dish_1565898158,clean,clean,240.426,285.598,45.1723,194,257.288,63.2878,9.04779,184.67,305.06,-0.0285542,0.016154
dish_1560368464,clean,clean,349.45,283.009,66.441,275,255.895,19.1049,7.63852,135.328,206.713,0.0340426,0.0168595
dish_1565898230,clean,clean,780.202,486.135,294.067,500,411.203,88.7967,6.14398,195.149,313.904,-0.041015,0.0127324
dish_1566316757,clean,clean,448.383,513.983,65.6005,819,575.634,243.366,8.89369,130.995,222.997,-0.0761252,0.0121775
dish_1566849923,clean,clean,127.97,240.104,112.134,240,215.444,24.5562,8.99592,168.031,283.788,-0.0462308,0.0117171
dish_1562009934,clean,clean,434.914,448.784,13.8694,369,362.745,6.25518,6.86274,275.252,424.728,-0.0487621,0.0154881
dish_1560456370,clean,clean,258.383,235.018,23.365,186,170.382,15.6185,9.2617,250.658,352.6,0.140892,0.0173961
dish_1561741090,clean,clean,161.54,168.557,7.01652,221,192.992,28.0082,7.97615,164.875,277.754,0.182422,0.0300227
dish_1565811000,clean,clean,342.85,548.975,206.125,225,444.587,219.587,9.10043,180.478,288.25,0.0937738,0.0134692
dish_1560444892,clean,clean,39.54,40.2366,0.69663,90,111.345,21.3455,7.26616,133.209,203.694,0.0560681,0.0165465
dish_1563565508,clean,clean,403.862,369.928,33.9344,387,342.321,44.6791,7.75059,237.272,366.124,-0.0234301,0.0140595
dish_1556575327,clean,clean,103.3,148.846,45.5456,152,168.523,16.5231,8.6395,262.587,400.1,0.0267295,0.0259971
dish_1564428102,clean,clean,133.22,74.7259,58.4937,107,85.3108,21.6892,6.20009,130.787,217.84,0.137366,0.0114393
dish_1558376306,clean,clean,372.168,321.434,50.734,108,117.697,9.69685,8.16651,211.889,361.264,-0.116607,0.0197359
dish_1561654374,clean,clean,326.356,313.952,12.4036,251,246.655,4.34509,7.51636,240.945,346.561,-0.0366822,0.0156455
dish_1566328831,clean,clean,941.61,655.25,286.36,500,482.663,17.3366,8.45403,174.619,306.15,-0.0238263,0.0173931
dish_1562168673,clean,clean,56.3548,90.7469,34.3921,73,155.414,82.4137,5.74655,182.526,274.628,-0.0778399,0.0195394
dish_1558375886,clean,clean,1050.51,579.769,470.742,277,266.075,10.9253,8.16889,288.323,488.743,-0.162724,0.0226754
dish_1564773976,clean,clean,516.089,450.152,65.9377,463,462.302,0.698478,7.71469,162.901,273.74,-0.0174683,0.0129297
dish_1566851584,clean,clean,286.295,307.698,21.4027,222,230.507,8.50691,7.20358,165.287,279.173,0.10283,0.0192291
dish_1560800988,clean,clean,314.866,294.87,19.9954,230,290.581,60.5806,8.31208,315.163,428.075,-0.0119022,0.0169713
dish_1559849497,clean,clean,521.433,375.467,145.966,340,292.313,47.6866,7.24862,108.202,192.425,-0.0497015,0.0114768
dish_1562008979,clean,clean,382.937,393.496,10.5591,290,280.23,9.76999,6.92783,263.551,393.606,-0.0181482,0.0209819
dish_1560445004,clean,clean,339.598,404.242,64.6443,290,431.059,141.059,8.26232,193.145,314.856,0.0289736,0.0204348
dish_1561662190,clean,clean,117.318,229.578,112.259,104,178.057,74.0575,7.10998,195.341,299.384,0.0192487,0.0159992
dish_1559844366,clean,clean,529.22,368.242,160.978,192,253.056,61.0559,7.27148,115.655,211.594,-0.0341116,0.0117425
dish_1563998244,clean,clean,259.479,227.202,32.2772,170,158.372,11.6284,7.14163,152.492,222.151,-0.0193033,0.0201329
dish_1566838378,clean,clean,286.21,281.153,5.05747,482,378.091,103.909,7.19749,115.367,206.759,0.154157,0.0102227
dish_1566851616,clean,clean,300.779,327.568,26.7892,248,253.366,5.36567,7.53566,170.488,283.45,0.113864,0.0182104
dish_1565034605,clean,clean,52.4912,13.1642,39.327,52,14.3483,37.6517,6.19591,112.412,176.464,0.166785,0.0130092
dish_1558030435,clean,clean,246.94,234.155,12.7855,221,230.064,9.06401,9.60941,210.701,359.804,-0.151794,0.0252943
dish_1558114284,clean,clean,162.23,162.891,0.661041,316,290.767,25.2332,6.97757,194.592,336.936,-0.239062,0.0207895
dish_1565638515,clean,clean,198.971,230.558,31.5869,165,217.202,52.2019,7.39862,165.466,287.812,0.0750608,0.0133925
dish_1558376212,clean,clean,300.612,344.397,43.7847,52,55.3002,3.30021,7.70126,186.677,326.432,-0.149029,0.0197013
dish_1560975491,clean,clean,37.84,117.955,80.1151,86,147.99,61.99,6.98723,169.638,256.489,0.0493339,0.0186107
dish_1565035715,clean,clean,15.6,172.757,157.157,39,113.285,74.285,8.13061,93.0816,155.745,0.0363038,0.0150276
dish_1558375833,clean,clean,317.032,213.009,104.023,92,58.1845,33.8155,7.26532,198.06,336.809,-0.139165,0.0194404
dish_1561574428,clean,clean,84.0024,121.643,37.6407,172,236.487,64.4871,7.05397,357.765,526.135,0.0503039,0.0160581
dish_1561147997,clean,clean,185.18,298.488,113.308,133,150.098,17.0985,6.67506,247.179,362.136,-0.0472527,0.0151456
dish_1565974375,clean,clean,459.85,285.234,174.616,85,23.9014,61.0986,8.13287,129.534,200.201,0.257123,0.0152071
dish_1560801829,clean,clean,256.896,283.924,27.0282,178,191.007,13.0074,7.03423,180.527,291.725,0.0485712,0.00975986
dish_1561574848,clean,clean,182.258,141.548,40.7099,155,194.877,39.8767,7.16204,297.798,443.583,-0.0482029,0.0145485
dish_1558722171,clean,clean,24.25,-44.4547,68.7047,97,56.6476,40.3524,8.28977,145.922,274.393,0.0146521,0.0199141
dish_1559844323,clean,clean,518.37,353.268,165.102,161,214.324,53.3241,7.60306,104.856,194.597,-0.0348334,0.0112164
dish_1568401302,clean,clean,716.479,506.824,209.655,561,412.603,148.397,8.10607,163.831,253.583,0.240849,0.0195055
dish_1558461607,clean,clean,87.63,164.579,76.9489,127,140.76,13.76,8.50641,192.249,348.449,-0.0149524,0.0202398
dish_1558031394,clean,clean,237.41,268.335,30.925,318,370.617,52.6173,8.74351,231.762,390.526,-0.0460952,0.0254655
dish_1562172600,clean,clean,263.6,278.036,14.4364,370,375.273,5.27306,8.35357,139.678,229.181,-0.0172521,0.0152371
dish_1562790855,clean,clean,739.376,599.342,140.034,507,396.964,110.036,7.09205,161.304,260.823,0.0270431,0.0123394
dish_1560526514,clean,clean,183.253,354.009,170.756,224,330.355,106.355,6.6174,225.933,348.588,-0.059647,0.0164971
dish_1558546663,clean,clean,330.734,337.046,6.31158,197,206.157,9.1568,8.3034,211.425,368.562,-0.0470907,0.0231883
dish_1560368570,clean,clean,555.933,459.847,96.0853,452,331.815,120.185,7.60141,231.262,335.946,0.0200274,0.0171967
dish_1565638550,clean,clean,277.657,290.746,13.0896,215,279.077,64.0772,7.8449,173.634,300.204,0.0833075,0.0128694
dish_1563897938,clean,clean,54.1,-26.1355,80.2355,10,-22.0015,32.0015,7.46606,105.234,168.226,-0.104268,0.0169642
dish_1558376734,clean,clean,206.76,155.529,51.2305,60,57.7015,2.29854,7.05537,190.598,320.981,-0.138488,0.0197238
dish_1567785622,clean,clean,30.78,48.7801,18.0001,54,105.115,51.1145,7.01581,94.952,153.421,-0.0385062,0.0112567
dish_1558639526,clean,clean,31.98,36.7398,4.75982,78,80.2008,2.20081,7.25051,159.078,288.859,-0.0371233,0.0203479
dish_1559849053,clean,clean,381.528,233.261,148.267,125,161.922,36.9221,7.16874,103.219,182.396,-0.0685515,0.0113563
dish_1558031237,clean,clean,31.62,49.9602,18.3402,93,101.926,8.92645,7.36544,162.149,281.707,-0.199248,0.0206327
dish_1564773847,clean,clean,238.028,112.586,125.441,161,130.545,30.4547,6.79237,134.685,233.445,-0.00746334,0.0148811
dish_1566590056,clean,clean,815.648,576.397,239.251,519,455.92,63.0803,6.30255,201.781,324.58,0.137022,0.011275
dish_1564773942,clean,clean,491.94,441.562,50.3773,442,441.031,0.968679,7.47694,152.37,261.243,-0.0176153,0.0133856
dish_1561393715,clean,clean,17.15,8.23539,8.91461,49,56.3528,7.3528,7.46584,163.739,241.413,0.0654868,0.0146627
dish_1563897981,clean,clean,243.54,267.655,24.1153,138,147.881,9.88135,7.3877,99.1626,166.348,-0.0914761,0.0171812
dish_1558545738,clean,clean,73.84,110.248,36.4079,142,189.117,47.1173,7.40354,159.686,301.467,-0.0584778,0.0213276
dish_1558718649,clean,clean,25.84,-11.9419,37.7819,76,44.6441,31.3559,7.47388,142.65,261.047,-0.10057,0.0201275
dish_1562690950,clean,clean,109.062,120.785,11.7233,202,230.358,28.3579,6.61719,129.402,202.992,0.0571709,0.017536
dish_1564689108,clean,clean,203.662,149.756,53.9063,159,147.173,11.8272,5.86662,171.872,282.989,0.00302005,0.0133205
dish_1561578775,clean,clean,295.149,218.107,77.0424,111,99.2611,11.7389,7.35208,137.645,244.516,0.0980715,0.00868931
dish_1558110385,clean,clean,52.87,48.9064,3.96363,34,29.919,4.081,6.81785,158.629,275.48,-0.183477,0.0207892
dish_1563998513,clean,clean,757.505,607.21,150.295,599,465.303,133.697,7.72192,198.757,291.818,-0.0242347,0.0153084
dish_1559844458,clean,clean,55.89,68.2926,12.4026,81,87.4862,6.48624,7.04849,102.114,164.54,0.0291048,0.0120473
dish_1566316681,clean,clean,116.763,130.72,13.9568,122,78.8141,43.1859,6.41301,111.016,186.433,-0.15752,0.0132398
dish_1566851549,clean,clean,226.015,248.106,22.0907,85,106.249,21.2487,6.53481,115.859,209.946,0.108758,0.0215963
dish_1565034681,clean,clean,323.553,277.589,45.9639,185,219.228,34.2281,6.92909,126.292,202.737,0.19582,0.0122055
dish_1558635523,clean,clean,55.9,87.3068,31.4068,43,53.1268,10.1268,8.47522,141.112,250.865,-0.123326,0.0191143
dish_1559239369,clean,clean,130.92,193.767,62.8465,276,279.098,3.09793,7.57352,256.129,418.95,0.0706571,0.0283169
dish_1566849955,clean,clean,147.17,187.111,39.9406,288,197.396,90.6039,8.13393,170.347,288.666,-0.0411403,0.0116214
dish_1559849537,clean,clean,549.523,359.097,190.426,393,311.398,81.6018,7.36372,108.684,194.133,-0.0527687,0.0109936
dish_1562776428,clean,clean,33.6998,67.2558,33.556,66,88.8607,22.8607,7.67051,161.382,257.241,0.098061,0.0148033
dish_1560800918,clean,clean,70.8256,118.083,47.2573,40,80.2069,40.2069,6.99654,243.199,351.81,-0.0144624,0.0130456
dish_1565898193,clean,clean,291.914,270.283,21.6307,268,284.655,16.6553,7.33104,215.777,344.891,-0.0107664,0.0133639
dish_1558376874,clean,clean,335.298,273.9,61.3983,58,57.6371,0.362922,7.55334,191.778,329.999,-0.146708,0.0200364
dish_1558630176,clean,clean,73.84,83.7019,9.86192,142,136.859,5.14077,7.31576,150.115,272.701,-0.0957817,0.0202715
dish_1565034635,clean,clean,124.089,91.6922,32.3971,110,89.424,20.576,5.85613,137.636,218.349,0.148724,0.0117069
dish_1561405356,clean,clean,206.645,246.994,40.3488,176,182.048,6.04754,6.91396,196.249,294.45,-0.0746803,0.0180361
dish_1557937427,clean,clean,26.435,-7.79879,34.2338,17,8.7689,8.2311,7.46562,89.8257,140.172,0.0579227,0.0139851
dish_1563551220,clean,clean,561.704,455.231,106.473,558,495.167,62.8326,7.70741,152.16,249.754,-0.0451049,0.0131858
dish_1560368506,clean,clean,462.934,430.64,32.2937,378,350.422,27.5778,7.50187,173.721,262.288,0.0289999,0.0177971
dish_1566589967,clean,clean,381.662,517.048,135.386,322,341.556,19.5559,6.83829,181.048,297.391,0.179295,0.0140385
dish_1560444948,clean,clean,171.317,263.925,92.6078,231,352.402,121.402,7.53226,167.634,285.402,0.0453812,0.0178275
dish_1560975572,clean,clean,96.99,346.441,249.451,159,318.395,159.395,6.53426,239.016,342.525,0.0511613,0.0218561
dish_1558719994,clean,clean,768.873,429.207,339.666,133,123.798,9.2017,8.73227,199.148,363.813,-0.0447472,0.0205198
dish_1563208439,clean,clean,92.61,168.849,76.239,96,140.344,44.3441,6.89968,150.421,232.934,0.123927,0.0139871
dish_1566920304,clean,clean,296.4,283.544,12.8556,570,449.815,120.185,8.60364,98.0078,172.786,-0.130545,0.0179167
dish_1561393741,clean,clean,188.83,172.319,16.5113,165,140.093,24.9073,7.03791,187.85,282.445,0.0918678,0.0156076
dish_1557862738,clean,clean,319.78,252.985,66.7946,118,100.934,17.0664,11.9219,278.809,264.133,0.0969032,0.0282737
dish_1559233627,clean,clean,64.92,80.6046,15.6846,12,-55.592,67.592,7.49688,147.291,272.409,0.0502856,0.0194579
dish_1565896745,clean,clean,368.54,297.206,71.3347,244,241.987,2.01343,6.41305,250.74,384.181,-0.0349891,0.0135237
dish_1562099076,clean,clean,110.181,140.992,30.8107,61,99.4655,38.4655,6.59357,96.2175,157.364,-0.0231563,0.0164177
dish_1562700568,clean,clean,246.864,378.388,131.524,318,335.427,17.427,6.53185,226.273,353.298,0.165197,0.014996
dish_1566838286,clean,clean,72.5,55.6993,16.8007,145,120.962,24.038,8.0156,80.166,149.811,0.218275,0.0140197
dish_1561147967,clean,clean,177.98,264.979,86.9988,85,121.078,36.078,6.93289,201.187,292.091,-0.0557361,0.0146876
dish_1563565415,clean,clean,303.477,347.905,44.428,284,314.326,30.3257,8.21752,198.404,318.984,-0.0169985,0.0155447
dish_1558722247,clean,clean,604.616,492.313,112.303,343,328.282,14.7175,9.3895,203.171,358.655,0.0358872,0.0211953
dish_1566920365,clean,clean,490.422,620.808,130.386,871,660.153,210.847,8.00016,165.033,276.241,-0.0880595,0.0164239
dish_1561574815,clean,clean,74.853,44.455,30.398,89,99.8028,10.8028,6.8585,303.24,445.112,-0.0403512,0.013979
dish_1565118782,clean,clean,557.522,484.931,72.5907,353,321.196,31.8038,7.02481,225.623,351.416,0.0392863,0.0126686
dish_1562168648,clean,clean,41.5948,116.624,75.0292,32,85.9523,53.9523,5.75328,193.278,289.981,0.00409985,0.020246
dish_1563996485,clean,clean,178.039,254.441,76.4014,201,300.204,99.2044,7.18286,237.808,358.363,-0.0211066,0.0158865
dish_1567785654,clean,clean,51.78,88.5577,36.7777,96,157.019,61.0191,6.90705,98.55,160.358,-0.0223122,0.0112958
dish_1558113941,clean,clean,296.89,324.919,28.0292,78,83.1817,5.18167,8.22636,274.1,440.869,-0.165454,0.0240389
dish_1557937157,clean,clean,355.25,383.482,28.2318,271,307.104,36.1037,8.05801,167.255,280.763,0.0464647,0.0159778
dish_1558719570,clean,clean,74.36,133.65,59.2899,143,183.485,40.4846,7.70617,148.622,271.466,-0.0850073,0.01969
dish_1560367904,clean,clean,76.0231,153.054,77.0309,69,104.06,35.0602,7.09986,138.383,220.722,0.0978571,0.0117289
dish_1558375732,clean,clean,45.54,16.2403,29.2997,66,78.4937,12.4937,7.22622,195.056,330.598,-0.149325,0.0203233
dish_1565711453,clean,clean,198.32,136.484,61.8361,134,104.66,29.3403,7.07504,96.2155,163.213,-0.0164458,0.0156989
dish_1557862345,clean,clean,103.95,140.795,36.845,63,48.5795,14.4205,13.2571,277.108,262.72,0.039789,0.0336422
dish_1566851677,clean,clean,354.774,461.504,106.73,296,338.149,42.1488,6.74106,196.515,320.575,0.083832,0.0188152
dish_1560368395,clean,clean,49.32,29.1949,20.1251,137,144.791,7.79131,7.7332,100.458,165.196,0.0228842,0.0141794
dish_1562876531,clean,clean,66.0669,55.1045,10.9624,85,96.9898,11.9898,6.74344,126.556,190.912,0.0419415,0.0126828
dish_1566920339,clean,clean,449.532,427.338,22.194,730,596.944,133.056,8.57289,116.367,200.145,-0.106212,0.0164385
dish_1558717604,clean,clean,73.84,134.07,60.2303,142,150.116,8.11567,6.49986,163.345,277.505,-0.130965,0.0204575
dish_1561574456,clean,clean,203.657,279.45,75.7931,217,299.168,82.1677,7.17115,363.27,543.733,0.0602995,0.0186361
dish_1563478751,clean,clean,950.395,588.935,361.461,545,346.793,198.207,9.49908,183.665,311.106,0.114199,0.0121309
dish_1558376437,clean,clean,13.26,-27.1557,40.4157,39,13.7877,25.2123,6.9858,162.935,280.77,-0.141888,0.019136
dish_1561654346,clean,clean,79.1955,116.269,37.0733,84,103.096,19.0956,6.87429,208.653,300.411,-0.0708455,0.0134289
dish_1559842047,clean,clean,153.69,108.383,45.3067,285,246.177,38.8228,7.47223,83.8136,151.139,-0.0564037,0.0109145
dish_1562009894,clean,clean,244.807,268.198,23.3904,200,215.035,15.0348,8.0977,234.718,353.576,0.114649,0.0177756
dish_1565118700,clean,clean,16.66,-2.3688,19.0288,49,8.69482,40.3052,6.53058,153.265,246.6,0.0976365,0.0156705
dish_1563221025,clean,clean,245.446,257.697,12.2516,123,149.568,26.5679,6.4529,98.1433,162.415,0.0675201,0.0144778
dish_1558461692,clean,clean,231.24,284.119,52.8793,40,61.3531,21.3531,7.39019,185.499,330.332,-0.0233987,0.0218522
dish_1558031133,clean,clean,136.51,128.993,7.51683,110,78.4037,31.5963,7.15047,182.644,316.198,-0.173578,0.0210996
dish_1563565323,clean,clean,229.53,273.947,44.4165,152,195.066,43.066,7.88457,176.853,283.643,-0.00654036,0.0180459
dish_1562617939,clean,clean,234.966,120.401,114.565,133,86.9951,46.0049,6.00524,141.163,215.427,-0.0426397,0.0111134
dish_1558722207,clean,clean,83.2,61.4738,21.7262,160,155.724,4.2761,6.56145,140.674,259.269,0.0369647,0.0192642
dish_1558635546,clean,clean,60.84,93.6347,32.7947,117,138.545,21.5446,7.88129,148.814,271.324,-0.115407,0.0202524
dish_1558639849,clean,clean,23.37,-13.2502,36.6202,57,2.99546,54.0045,6.58256,145.427,269.963,0.00953984,0.0191313
dish_1565020895,clean,clean,348.126,288.546,59.5797,416,311.711,104.289,7.45767,128.483,190.497,-0.0450001,0.0108315
dish_1562963246,clean,clean,324.398,312.547,11.8514,122,137.356,15.3563,5.66247,81.5075,132.876,-0.166976,0.0135319
dish_1563909550,clean,clean,310.32,291.019,19.301,273,295.803,22.8029,7.84365,183.91,289.814,0.102147,0.0140221
dish_1563998323,clean,clean,634.505,549.025,85.4798,574,436.576,137.424,7.97095,195.364,289.322,-0.0267226,0.016414
dish_1567007783,clean,clean,50,55.9234,5.9234,106,142.594,36.5936,5.9006,115.845,176.621,-0.052525,0.0146415
dish_1559849020,clean,clean,46.23,54.7763,8.54633,67,89.3133,22.3133,7.72556,90.6565,150.025,-0.0899378,0.0117559
dish_1557936555,clean,clean,149.28,107.695,41.5849,96,93.28,2.71995,6.81956,96.7527,150.215,0.0776535,0.0161131
dish_1562009006,clean,clean,470.717,495.886,25.1696,323,355.085,32.0854,6.95899,259.183,395.886,-0.00591016,0.0199334
dish_1559239151,clean,clean,9.2,33.2008,24.0008,40,46.9125,6.91249,6.93256,196.387,348.209,0.0803097,0.0209092
dish_1560526490,clean,clean,141.673,266.954,125.281,170,267.493,97.4925,6.92968,209.421,321.337,-0.0497663,0.0159589
dish_1565811139,clean,clean,902.2,440.839,461.361,416,425.652,9.65203,8.78056,398.128,573.118,0.0615975,0.0185024
dish_1558635400,clean,clean,25,61.1218,36.1218,100,81.1101,18.8899,7.33532,160.099,284.908,-0.128346,0.0207941
dish_1558461792,clean,clean,331,350.045,19.0447,233,237.46,4.45988,7.65296,249.109,425.099,-0.0231377,0.0209784
dish_1565811025,clean,clean,361.05,464.697,103.647,277,404.677,127.677,7.48615,371.82,559.343,0.0703963,0.0153275
dish_1560800951,clean,clean,102.826,242.28,139.454,168,275.123,107.123,7.54076,254.64,368.702,-0.0373124,0.0142784
dish_1559846688,clean,clean,82.8325,69.1967,13.6358,73,72.6436,0.356368,7.45577,96.3778,179.027,-0.0160927,0.0120342
dish_1558630207,clean,clean,670.596,363.466,307.13,116,89.2533,26.7467,8.25391,189.133,341.556,-0.0689197,0.0200306
dish_1559157454,clean,clean,34.5646,-6.09433,40.6589,28,14.297,13.703,7.00206,197.669,336.171,0.217159,0.0209047
dish_1562876494,clean,clean,40.1069,-4.0892,44.1961,26,-6.71184,32.7118,7.44514,106.429,158.153,0.0417224,0.0153336
dish_1561574479,clean,clean,363.614,405.744,42.1306,293,371.702,78.7016,6.25899,376.299,558.06,0.0348728,0.0209123
dish_1561654326,clean,clean,59.7926,64.4237,4.63113,46,73.0898,27.0898,6.85129,177.681,254.322,-0.0631848,0.0134397
dish_1563996441,clean,clean,80.2392,142.115,61.8763,65,116.485,51.4848,6.95378,220.611,328.398,-0.00910515,0.0160027
dish_1560801883,clean,clean,512.111,552.323,40.2114,315,352.615,37.6146,6.66362,227.617,353.771,0.0373802,0.0129355
dish_1560801859,clean,clean,428.704,467.935,39.2302,262,248.097,13.9032,6.69375,212.695,335.152,0.0424664,0.0108064
dish_1562691064,clean,clean,555.304,551.754,3.54939,501,481.901,19.0989,6.60828,133.74,219.12,-0.0669973,0.0165898
dish_1558030383,clean,clean,140.66,142.694,2.03427,26,18.4865,7.51353,7.58754,177.333,304.538,-0.154024,0.0211378
dish_1563389626,clean,clean,498.62,249.352,249.268,360,228.845,131.155,9.52917,160.533,263.174,-0.0372794,0.00970462
dish_1565898331,clean,clean,155.993,146.512,9.48135,100,109.956,9.95585,6.60735,137.383,239.383,-0.023463,0.0170815
dish_1567007751,clean,clean,39.93,67.2826,27.3526,87,125.319,38.3191,6.20836,113.685,175.371,-0.048166,0.0155821
dish_1558720097,clean,clean,30.34,71.8067,41.4667,74,64.3131,9.68692,7.02461,166.029,307.151,-0.0816737,0.0201629
dish_1558110297,clean,clean,29.07,58.2532,29.1832,51,106.343,55.3432,6.92789,182.08,316.56,-0.162123,0.0204521
dish_1561574783,clean,clean,29.6268,-53.8464,83.4731,24,4.61061,19.3894,7.757,210.793,324.791,-0.0590517,0.0118285
dish_1563220987,clean,clean,224.988,214.481,10.507,110,153.052,43.0516,6.97071,93.8781,153.548,0.11461,0.0149132
dish_1568305198,clean,clean,311.354,407.64,96.2856,82,151.46,69.46,9.84597,137.036,213.725,0.00348711,0.0128361
dish_1561405389,clean,clean,265.983,370.076,104.092,223,281.48,58.4799,6.34251,248.874,360.963,-0.0419694,0.0174818
dish_1565638599,clean,clean,368.698,387.235,18.5366,279,352.279,73.2787,7.60924,202.708,338.132,0.0660642,0.0137161
dish_1565986702,clean,clean,211.344,266.458,55.1142,204,184.376,19.6244,5.82266,200.729,311.42,0.214849,0.0172248
dish_1559578599,clean,clean,229.98,335.283,105.303,193,204.639,11.6386,7.27294,216.517,362.004,0.0827091,0.0229674
dish_1559233715,clean,clean,83.6,54.6256,28.9744,110,68.1684,41.8316,7.21447,155.564,274.715,0.11138,0.0200999
dish_1559849466,clean,clean,467.613,328.232,139.381,262,183.451,78.5487,7.68563,92.7913,166.268,-0.0561257,0.0110309
dish_1558630325,clean,clean,751.542,433.659,317.883,269,259.624,9.37553,8.90263,238.742,418.493,-0.011057,0.0244659
dish_1565035802,clean,clean,69.2,241.378,172.178,250,335.466,85.4657,6.74136,124.056,213.621,0.00900328,0.0129048
dish_1558641253,clean,clean,116.71,90.025,26.685,110,88.0874,21.9126,8.59056,140.293,268.549,0.0563582,0.0193989
dish_1560444967,clean,clean,197.378,252.93,55.5523,252,362.154,110.154,7.73435,168.118,287.744,0.0522774,0.0171262
dish_1559233570,clean,clean,16.83,38.5913,21.7613,51,69.3355,18.3355,6.94838,154.441,285.819,0.0387667,0.0188996
dish_1565034661,clean,clean,219.813,234.621,14.808,146,196.291,50.2908,7.08783,133.118,212.049,0.204614,0.0119463
dish_1561663541,clean,clean,124.32,211.3,86.9796,112,112.444,0.44439,7.21148,177.285,263.673,0.189251,0.0256321
dish_1557937715,clean,clean,20.67,22.9955,2.3255,39,93.3488,54.3488,6.51577,101.532,154.203,0.0875752,0.0148531
dish_1566838407,clean,clean,358.948,322.54,36.4071,558,435.059,122.941,6.93379,126.294,226.845,0.149022,0.0103973
dish_1562691000,clean,clean,326.622,374.151,47.5297,349,396.479,47.4788,6.46799,159.05,249.647,0.0114763,0.0195849
dish_1564427406,clean,clean,305.37,194.66,110.71,135,148.546,13.5461,9.72598,321.816,497.661,0.148997,0.017066
dish_1561662814,clean,clean,23.2435,52.2459,29.0024,20,43.2182,23.2182,5.60504,191.718,300.968,0.0917389,0.0188343
dish_1565638478,clean,clean,47.6158,53.2094,5.5936,91,92.6536,1.6536,7.64859,152.938,269.859,0.0777049,0.0141085
dish_1562690917,clean,clean,69.0617,40.5778,28.4839,122,129.944,7.94371,6.17979,143.004,212.958,0.0667895,0.0175856
dish_1558549806,clean,clean,781.958,512.738,269.22,203,206.412,3.41216,10.9491,371.192,543.136,-0.0322006,0.0243051
dish_1561578839,clean,clean,362.155,365.818,3.66317,214,242.8,28.8002,6.86594,324.191,488.247,0.0611193,0.0139605
dish_1558376984,clean,clean,671.678,522.733,148.945,350,294.438,55.5615,8.09629,276.389,467.136,-0.129138,0.021503
dish_1563996509,clean,clean,365.185,409.147,43.9622,316,396.614,80.6136,7.10711,249.778,383.266,-0.004574,0.0169257
dish_1558110436,clean,clean,85.629,53.8024,31.8266,69,6.01804,62.982,6.7028,176.71,308.733,-0.195492,0.0224319
dish_1564686966,clean,clean,153.205,268.846,115.641,65,90.7338,25.7338,7.46023,132.329,219.511,-0.0868812,0.0208639
dish_1562099053,clean,clean,98.383,120.885,22.5019,37,88.8832,51.8832,7.94072,97.1779,154.095,-0.0320334,0.0186438
dish_1563208459,clean,clean,186.486,239.179,52.6935,161,216.2,55.1999,6.92472,164.559,252.428,0.132619,0.0129207
dish_1566850031,clean,clean,616.772,541.612,75.1601,662,472.796,189.204,8.4776,245.947,403.195,-0.0102686,0.0196912
dish_1565711527,clean,clean,484.807,513.242,28.4349,302,368.456,66.4564,7.74433,143.16,235.562,0.0371518,0.0148378
dish_1562703382,clean,clean,203.87,317.165,113.295,145,228.966,83.9661,6.5685,107.725,168.231,-0.0494358,0.0111993
dish_1566502437,clean,clean,74.564,138.873,64.3093,64,86.0868,22.0868,6.45073,144.608,243.545,-0.044576,0.0116487
dish_1561662842,clean,clean,263.125,253.857,9.2683,172,187.382,15.3825,5.59976,232.639,367.91,0.0912461,0.0180263
dish_1562691032,clean,clean,419.682,440.166,20.4847,415,440.49,25.4902,6.61346,172.21,272.295,-0.0370656,0.0193154
dish_1565974409,clean,clean,688.65,427.855,260.795,228,136.364,91.6355,8.1502,129.691,211.381,0.230494,0.0135921
dish_1558372948,clean,clean,687.939,360.505,327.434,119,103.792,15.2078,7.29642,203.368,347.931,-0.160548,0.020488
dish_1560367980,clean,clean,421.465,267.829,153.636,254,256.819,2.81904,7.86752,286.928,455.715,0.0970531,0.0145864
dish_1560444914,clean,clean,62.34,122.381,60.0412,166,262.552,96.5521,8.24128,147.028,231.348,0.0750343,0.0166278
dish_1557937335,clean,clean,47.158,-16.9144,64.0724,38,-6.49666,44.4967,7.47381,101.871,166.843,0.0739185,0.0152533
dish_1563221157,clean,clean,418.152,503.375,85.2226,352,391.558,39.5582,5.58562,235.593,372.15,0.104373,0.0132913
dish_1560526447,clean,clean,88.5928,168.603,80.0103,70,131.093,61.0931,6.22324,202.77,312.098,-0.0896925,0.0145857
dish_1562774159,clean,clean,90.7635,114.947,24.1834,129,174.547,45.5473,6.30971,131.451,222.952,-0.0248861,0.0115757
dish_1563998210,clean,clean,148.089,175.885,27.7953,91,114.474,23.4745,7.57761,82.9423,118.955,-0.0334396,0.0216101
dish_1565711498,clean,clean,246.827,307.239,60.4114,229,237.543,8.54347,7.79928,110.913,187.13,0.00369763,0.0146828
dish_1561663606,clean,clean,474.503,422.883,51.6209,347,293.573,53.4265,8.34622,208.765,309.635,0.149587,0.0239259
dish_1558114086,clean,clean,74.36,120.266,45.906,143,154.816,11.816,7.42272,185.434,306.375,-0.130412,0.0224505
dish_1558630288,clean,clean,7.106,-32.1621,39.2681,11,-25.9737,36.9737,6.88324,175.281,326.532,-0.0256613,0.0194097
dish_1563984167,clean,clean,291.68,319.203,27.5228,608,524.492,83.5085,8.97644,100.715,178.397,0.00211573,0.0147718
dish_1566416701,clean,clean,198.537,341.745,143.207,122,252.967,130.967,8.42824,164.818,265.099,-0.0881224,0.0209473
dish_1560801797,clean,clean,25.6557,43.7116,18.056,96,74.9822,21.0178,7.99646,127.291,218.399,0.0497077,0.00791564
dish_1562172643,clean,clean,734.27,522.231,212.039,457,440.539,16.461,7.80726,189.362,294.74,0.0103104,0.0129687
dish_1565117463,clean,clean,435.313,503.559,68.2461,248,294.395,46.3946,8.82034,238.225,378.086,0.0591422,0.0247686
dish_1561741063,clean,clean,132.3,169.855,37.5548,135,172.513,37.5127,8.49861,168.374,275.031,0.197125,0.0304572
dish_1568401233,clean,clean,490.393,411.491,78.9021,418,357.826,60.1738,7.89926,160.87,250.286,0.134977,0.0198089
dish_1565898432,clean,clean,450.225,401.602,48.6227,282,306.904,24.9039,6.26511,278.029,450.01,0.0211511,0.0174345
dish_1565035746,blur3,blurred ×3,43.1,134.963,91.8626,149,235.378,86.3784,7.60463,1.65722,34.9277,0.023737,0.00312375
dish_1558639818,blur3,blurred ×3,20.06,79.7756,59.7156,59,81.9964,22.9964,6.74598,2.34752,57.7626,0.0103896,0.00328694
dish_1558549605,blur3,blurred ×3,97.5,112.243,14.7432,75,96.3352,21.3352,7.20293,2.28162,52.861,0.0381974,0.00313783
dish_1561663580,blur3,blurred ×3,432.063,273.03,159.034,307,191.102,115.898,7.36705,2.28216,54.3239,0.00160289,0.00449497
dish_1565898402,blur3,blurred ×3,384.799,301.025,83.7745,229,213.104,15.8957,7.62019,2.41441,62.0717,-0.000605226,0.00236627
dish_1566328724,blur3,blurred ×3,275.55,288.367,12.8167,167,217.348,50.3479,6.78629,2.16985,44.995,-0.0284242,0.00692768
dish_1566838351,blur3,blurred ×3,190.01,278.543,88.5335,417,312.185,104.815,6.7194,1.96544,38.2352,-0.0205308,0.00251735
dish_1567107839,blur3,blurred ×3,174.284,202.077,27.7925,156,163.873,7.8729,7.55246,2.02213,50.3801,0.0071131,0.00567201
dish_1558639787,blur3,blurred ×3,24.75,171.687,146.937,99,178.599,79.5985,7.54933,2.4563,60.8873,0.0111128,0.00397018
dish_1562788601,blur3,blurred ×3,413.17,428.319,15.1489,287,318.672,31.6715,7.1188,1.84841,36.9623,-0.00238734,0.00284693
dish_1560456326,blur3,blurred ×3,206.873,199.52,7.35295,138,153.218,15.2183,7.54179,2.27148,53.127,0.0381486,0.00372953
dish_1564427430,blur3,blurred ×3,345.62,307.051,38.5687,170,212.615,42.6152,8.48339,2.77422,80.2976,0.00216222,0.00246917
dish_1565896662,blur3,blurred ×3,19.38,52.1029,32.7229,57,70.7937,13.7937,6.34967,1.96246,56.0899,0.00939369,0.00376904
dish_1566414342,blur3,blurred ×3,846.367,525.164,321.203,552,412.726,139.274,6.03022,2.19581,46.9663,0.00897419,0.00287376
dish_1562617703,blur3,blurred ×3,179.63,182.441,2.81054,110,167.369,57.3687,8.49151,1.94062,42.5246,0.0333221,0.00251155
dish_1565020926,blur3,blurred ×3,398.496,425.163,26.6671,489,378.269,110.731,6.61731,1.98499,39.8007,0.00562203,0.00208257
dish_1564689168,blur3,blurred ×3,352.947,403.056,50.1085,339,392.119,53.1186,6.44432,2.64866,68.3831,0.0354748,0.00197831
dish_1560456348,blur3,blurred ×3,210.283,232.45,22.1672,149,185.067,36.0667,8.0782,2.44787,61.0569,0.0437589,0.00393115
dish_1558641287,blur3,blurred ×3,11.52,30.6664,19.1464,64,79.2806,15.2806,6.5974,2.35466,60.4877,0.0468326,0.00282557
dish_1558373008,blur3,blurred ×3,251.558,252.616,1.05776,73,45.5394,27.4606,6.47395,2.42096,64.3603,0.0333153,0.00271287
dish_1561577947,blur3,blurred ×3,623.204,377.139,246.066,424,355.117,68.8826,6.03453,3.55982,105.445,0.0041939,0.00445353
dish_1558639440,blur3,blurred ×3,60.32,80.2277,19.9077,116,112.276,3.72359,6.41122,2.28137,58.5491,0.0228841,0.00305101
dish_1565894889,blur3,blurred ×3,257.813,236.843,20.9697,74,105.59,31.5896,5.98505,1.76955,34.0237,-0.000432014,0.00292217
dish_1561147944,blur3,blurred ×3,42.371,97.7059,55.3349,34,87.8845,53.8845,6.98564,2.22769,45.8512,-0.0198963,0.00332132
dish_1557937079,blur3,blurred ×3,146.07,207.446,61.3764,27,52.6667,25.6667,7.88306,2.00351,37.8408,0.00945401,0.00594753
dish_1558641320,blur3,blurred ×3,211.59,163.542,48.0481,336,268.291,67.7093,8.21754,2.79473,68.5186,0.00365162,0.00450701
dish_1567007848,blur3,blurred ×3,100.3,244.401,144.101,243,286.873,43.873,6.28249,2.04997,38.5719,-0.0614752,0.00303068
dish_1565810969,blur3,blurred ×3,4.6,122.453,117.853,20,175.038,155.038,8.7014,2.67152,78.5757,0.0214795,0.00127053
dish_1562168800,blur3,blurred ×3,237.525,263.967,26.4419,242,317.237,75.2366,6.65072,2.39253,58.7229,0.0122683,0.00211993
dish_1564687046,blur3,blurred ×3,374.794,303.765,71.029,308,250.991,57.0086,9.59227,2.5747,66.1051,0.00136578,0.00317012
dish_1563221054,blur3,blurred ×3,298.878,300.382,1.50446,170,186.679,16.6789,6.35848,2.36132,69.8668,-0.0178975,0.00410611
dish_1565898361,blur3,blurred ×3,370.671,316.961,53.7108,202,203.128,1.12824,6.93915,2.19641,55.829,-0.0024116,0.0026313
dish_1560367926,blur3,blurred ×3,408.523,363.798,44.7255,194,236.179,42.1793,7.32784,2.50051,69.3494,0.041649,0.00168776
dish_1560444869,blur3,blurred ×3,14.04,112.726,98.6858,39,135.075,96.0748,9.6079,1.77483,35.8997,0.0517285,0.00371824
dish_1559850283,blur3,blurred ×3,271.707,263.181,8.52589,47,67.2627,20.2627,7.29868,1.94251,38.2922,0.0057056,0.00383737
dish_1566502505,blur3,blurred ×3,454.517,458.547,4.02931,275,344.494,69.4937,6.44018,2.5061,59.8563,-0.00532365,0.00167782
dish_1565811091,blur3,blurred ×3,504.4,364.605,139.795,371,363.363,7.6371,7.98761,3.41561,102.745,0.0219783,0.00174391
dish_1561739265,blur3,blurred ×3,292.04,333.444,41.4041,308,375.661,67.6611,6.02008,2.34544,56.7796,0.000727654,0.000582997
dish_1558373159,blur3,blurred ×3,1013.34,503.7,509.637,334,306.311,27.6887,7.19201,2.90004,80.9429,0.0283841,0.00247812
dish_1565035830,blur3,blurred ×3,340.128,501.834,161.706,414,513.96,99.9602,7.41753,2.90508,86.0453,0.0168453,0.00163879
dish_1562788568,blur3,blurred ×3,289.203,320.919,31.7159,230,267.079,37.0788,7.10273,1.79958,37.1819,0.00078094,0.00267947
dish_1558376483,blur3,blurred ×3,735.03,467.386,267.644,270,294.004,24.0038,7.95026,3.21511,88.4115,0.0178589,0.00306195
dish_1561739160,blur3,blurred ×3,34.77,186.996,152.226,61,194.694,133.694,6.95466,1.86125,42.9116,-0.00279039,0.000820975
dish_1558549773,blur3,blurred ×3,2.3,-16.3173,18.6173,10,-14.7343,24.7343,5.64662,2.31782,60.1522,0.0238705,0.00290141
dish_1561574394,blur3,blurred ×3,61.5024,117.473,55.9705,82,156.982,74.9825,6.41387,2.60929,70.4614,0.022992,0.00198093
dish_1558461760,blur3,blurred ×3,10.98,-3.81488,14.7949,61,38.4056,22.5944,6.72969,2.33999,59.995,0.0559173,0.00289561
dish_1563909469,blur3,blurred ×3,72.4028,14.3756,58.0272,64,29.3129,34.6871,6.89545,2.15266,60.7193,0.0328404,0.00488986
dish_1558376938,blur3,blurred ×3,51.06,155.191,104.131,74,110.773,36.7731,6.82521,2.48525,66.6713,0.0460266,0.00242075
dish_1565986733,blur3,blurred ×3,387.929,298.278,89.6517,287,235.11,51.8895,6.30073,2.13193,55.3728,-0.0337388,0.00621163
dish_1558639555,blur3,blurred ×3,156.049,186.209,30.1605,320,246.625,73.3753,8.10363,3.1413,82.7137,-0.00160402,0.00247799
dish_1558546558,blur3,blurred ×3,254.364,255.996,1.6315,44,20.5025,23.4975,6.98953,2.48361,67.7603,0.0151902,0.00282997
dish_1563984242,blur3,blurred ×3,402.117,427.611,25.4943,753,593.98,159.02,8.45224,2.36033,50.6714,0.0235227,0.00246219
dish_1559849097,blur3,blurred ×3,495.928,355.046,140.882,325,287.032,37.9676,6.40919,2.08909,41.8954,-0.00793582,0.00338018
dish_1563566965,blur3,blurred ×3,370.827,374.109,3.28169,286,356.387,70.3873,6.42693,2.77165,77.874,0.0265836,0.00177081
dish_1566849895,blur3,blurred ×3,112.31,238.453,126.143,153,231.78,78.7799,9.67081,2.4418,48.7629,-0.0304731,0.00292939
dish_1559157919,blur3,blurred ×3,37.0946,103.284,66.1892,39,112.991,73.991,6.7913,2.89522,81.0393,0.00636041,0.00494428
dish_1558113477,blur3,blurred ×3,289.05,329.587,40.537,50,82.4812,32.4812,6.78844,2.44901,63.7281,-0.00655431,0.00331661
dish_1559238993,blur3,blurred ×3,61.56,140.092,78.5316,108,131.698,23.6983,6.10748,2.47428,67.0523,0.0125214,0.00347326
dish_1562788506,blur3,blurred ×3,114.588,109.208,5.38013,108,108.678,0.678201,7.8865,1.26918,24.4765,-0.000613213,0.00504864
dish_1562774129,blur3,blurred ×3,73.0835,123.594,50.5104,77,153.61,76.6101,6.07728,1.9016,48.7072,0.0279727,0.00228346
dish_1559578551,blur3,blurred ×3,124.43,150.165,25.7349,23,-31.9683,54.9683,7.80037,2.24059,52.0883,-0.0599961,0.00147185
dish_1562788536,blur3,blurred ×3,245.132,258.101,12.9692,190,191.851,1.851,7.12663,1.71421,34.5553,-0.00184584,0.00282077
dish_1559233756,blur3,blurred ×3,189.85,223.561,33.7106,222,231.079,9.07883,7.07303,2.79899,74.7575,0.0374959,0.00412904
dish_1564428181,blur3,blurred ×3,510.051,399.733,110.318,320,307.698,12.3017,7.213,2.94254,92.1783,-0.00425476,0.00121925
dish_1565118729,blur3,blurred ×3,435.493,362.063,73.4305,248,202.257,45.7429,6.12674,2.03526,54.5847,0.0330639,0.00257164
dish_1568305225,blur3,blurred ×3,428.668,445.347,16.679,144,270.964,126.964,8.34093,2.32406,58.0957,0.0309163,0.00185039
dish_1566414291,blur3,blurred ×3,345.142,355.653,10.5107,244,288.56,44.5603,5.11378,2.00158,46.0911,-0.0116233,0.00328201
dish_1561661347,blur3,blurred ×3,50.67,219.067,168.397,132,220.18,88.1797,7.9575,2.44101,70.1166,0.00677669,0.00260613
dish_1566501575,blur3,blurred ×3,251.694,407.786,156.092,54,354.303,300.303,8.10331,2.61465,61.1918,0.00169742,0.00313675
dish_1563218408,blur3,blurred ×3,245.34,227.362,17.9781,87,185.682,98.6825,9.03206,2.41705,57.7072,-0.0137511,0.0026452
dish_1561661377,blur3,blurred ×3,306.334,375.476,69.142,294,333.987,39.987,6.41809,2.50403,66.6519,0.00125575,0.00256819
dish_1558639876,blur3,blurred ×3,68.18,251.735,183.555,215,274.579,59.5792,8.75401,3.39701,99.4089,-0.0118617,0.00277692
dish_1566849862,blur3,blurred ×3,77.05,117.05,40.0004,67,92.2195,25.2195,9.7832,2.29076,52.9599,-0.0298159,0.00258785
dish_1566502573,blur3,blurred ×3,821.51,578.346,243.164,487,504.391,17.3908,6.72565,2.74333,65.164,-0.00447357,0.0018571
dish_1562009810,blur3,blurred ×3,119.88,106.294,13.5858,108,97.7833,10.2167,8.89445,2.00982,52.6893,0.0223213,0.00432852
dish_1564675411,blur3,blurred ×3,235.531,406.533,171.002,308,362.901,54.9008,8.11331,2.28726,57.4658,0.0121759,0.00265805
dish_1560203424,blur3,blurred ×3,451.754,358.625,93.1292,138,167.563,29.5629,7.66956,2.44423,50.4985,0.0231701,0.00111648
dish_1562790824,blur3,blurred ×3,437.072,377,60.0719,368,284.605,83.3954,7.0692,2.14529,46.0829,0.0265609,0.00232492
dish_1558030289,blur3,blurred ×3,38.52,35.4137,3.10627,107,126.672,19.6719,6.34483,2.31803,55.845,-0.0215356,0.00366273
dish_1560444985,blur3,blurred ×3,198.938,271.453,72.5149,264,354.687,90.6873,7.05399,2.48661,53.7819,0.0395548,0.00365623
dish_1563984140,blur3,blurred ×3,245.44,267.836,22.3963,472,347.37,124.63,8.86181,1.88684,38.511,0.0216503,0.00370863
dish_1561662160,blur3,blurred ×3,41.8383,163.656,121.818,36,124.29,88.2899,6.3231,2.10265,53.7664,-0.0265945,0.00183162
dish_1558641164,blur3,blurred ×3,80.08,80.7603,0.680328,154,131.924,22.0757,6.21668,2.27166,56.2654,0.0273628,0.00322523
dish_1558110335,blur3,blurred ×3,37.87,101.753,63.8832,7,32.6812,25.6812,5.81936,2.29578,58.9651,0.0045203,0.00314855
dish_1565811061,blur3,blurred ×3,380.32,300.087,80.2333,324,302.263,21.7373,8.31176,3.09426,90.1978,0.0306441,0.00142932
dish_1559844490,blur3,blurred ×3,108.36,170.126,61.766,180,209.453,29.453,6.54755,2.10346,40.2485,-0.021728,0.00336122
dish_1562786103,blur3,blurred ×3,93.081,136.441,43.3604,57,124.635,67.6346,8.83732,1.74981,33.8989,0.0494277,0.00241055
dish_1563897087,blur3,blurred ×3,102.44,183.438,80.9975,231,223.558,7.44247,7.66104,1.9299,38.0052,0.055568,0.00183023
dish_1566590007,blur3,blurred ×3,740.762,495.363,245.399,457,386.941,70.0591,7.40026,2.56235,62.4008,-0.048871,0.00276783
dish_1560975517,blur3,blurred ×3,42.39,218.409,176.019,99,223.294,124.294,6.16952,2.30724,47.7452,0.0334765,0.00465271
dish_1557936645,blur3,blurred ×3,11.88,115.86,103.98,36,72.8662,36.8662,6.08622,1.91378,36.9396,-0.00242591,0.0053153
dish_1565020796,blur3,blurred ×3,90.6,205.413,114.813,99,183.541,84.5414,7.44005,1.66526,32.6719,0.00594056,0.00452743
dish_1559578579,blur3,blurred ×3,142.58,247.88,105.3,78,74.4848,3.51523,8.01097,2.57013,66.4219,-0.0476435,0.00144996
dish_1557862783,blur3,blurred ×3,442.98,540.886,97.9062,258,368.04,110.04,7.69721,2.29334,48.2472,0.0181445,0.00704604
dish_1560975601,blur3,blurred ×3,233.936,425.222,191.286,253,432.139,179.139,6.66587,2.80541,67.5107,0.0268526,0.00413401
dish_1560367952,blur3,blurred ×3,414.733,221.362,193.372,221,211.576,9.42399,7.54438,2.90992,82.5851,0.0440751,0.00169777
dish_1563565454,blur3,blurred ×3,350.789,248.127,102.662,322,304.003,17.9966,6.98274,2.46784,63.7141,0.044252,0.00176207
dish_1562703408,blur3,blurred ×3,311.209,346.898,35.6889,196,293.471,97.4714,6.99755,1.94126,39.1584,0.0187154,0.0022666
dish_1564689138,blur3,blurred ×3,268.267,315.619,47.3524,223,296.175,73.1752,5.38792,2.41637,61.0743,0.0292221,0.00210112
dish_1563221086,blur3,blurred ×3,328.278,354.609,26.3311,254,310.596,56.596,6.54213,2.58501,70.8334,-0.0200089,0.00345544
dish_1567007814,blur3,blurred ×3,73,136.867,63.8672,152,211.683,59.6825,6.7709,1.9856,37.1578,-0.0541481,0.00325813
dish_1565896701,blur3,blurred ×3,294.473,268.8,25.6734,184,220.541,36.5414,6.6114,1.7235,37.4978,-0.00226009,0.00289102
dish_1557937615,blur3,blurred ×3,6.93,51.4796,44.5496,21,107.807,86.8073,6.74187,1.83215,34.5162,0.00901258,0.00478604
dish_1564427455,blur3,blurred ×3,354.26,339.256,15.0041,218,287.513,69.5125,8.01619,2.85231,80.2311,0.0130295,0.00198225
dish_1564588859,blur3,blurred ×3,183.586,318.203,134.617,257,302.035,45.0351,8.67122,1.69028,28.6789,0.00377679,0.00493815
dish_1561577848,blur3,blurred ×3,413.348,373.903,39.4444,254,250.284,3.71559,5.81203,2.3615,60.2816,-0.010536,0.00370181
dish_1563389600,blur3,blurred ×3,451.428,302.08,149.348,264,245.856,18.1437,9.06004,2.39571,59.6204,-0.00299418,0.00187578
dish_1566316726,blur3,blurred ×3,409.523,379.728,29.7948,685,507.395,177.605,7.90484,2.2061,44.2158,-0.0229885,0.00217772
dish_1562776465,blur3,blurred ×3,173.432,242.546,69.1132,212,235.464,23.4643,6.27727,2.16176,50.2865,0.0184305,0.00207235
dish_1568401261,blur3,blurred ×3,530.393,449.379,81.014,443,363.428,79.572,7.65604,2.32763,44.2515,0.0235436,0.00501896
dish_1559841950,blur3,blurred ×3,11.2,35.2769,24.0769,32,23.2116,8.78836,7.92452,1.82544,33.3464,-0.0123125,0.0035227
dish_1558375667,blur3,blurred ×3,687.939,376.234,311.706,119,102.599,16.4011,7.43789,2.60452,69.2073,0.0334918,0.00235752
dish_1558639482,blur3,blurred ×3,30.769,40.2657,9.49674,29,29.7515,0.751535,7.40385,2.18269,53.8071,0.0280113,0.0030621
dish_1566328805,blur3,blurred ×3,927.81,614.577,313.233,488,476.103,11.8967,7.25104,2.82456,62.9715,-0.017942,0.00555226
dish_1558114145,blur3,blurred ×3,57.27,229.35,172.08,83,147.545,64.545,6.56604,2.48378,68.4071,-0.00899708,0.00336067
dish_1562700593,blur3,blurred ×3,385.774,488.181,102.407,384,370.197,13.8027,7.76049,2.67917,69.4427,0.0203013,0.00196601
dish_1557937574,blur3,blurred ×3,5.59,77.5921,72.0021,13,99.071,86.071,7.08049,1.78791,33.3747,0.0100491,0.00437972
dish_1561661324,blur3,blurred ×3,33,160.635,127.635,75,143.611,68.611,6.80833,2.08712,58.3312,0.00110626,0.00380175
dish_1564588820,blur3,blurred ×3,81.12,197.259,116.139,156,224.792,68.7919,7.31094,1.54278,23.6314,-0.000913203,0.0062299
dish_1566414225,blur3,blurred ×3,125.182,256.205,131.023,88,165.497,77.4971,5.53513,1.73951,42.0057,-0.0207256,0.00417534
dish_1568305257,blur3,blurred ×3,837.148,499.426,337.722,420,390.227,29.773,6.57619,2.50551,59.5792,0.0333416,0.00212073
dish_1564773826,blur3,blurred ×3,10.08,-13.6262,23.7062,56,59.0449,3.04488,7.78141,1.88776,50.9324,0.0295892,0.00164099
dish_1562700496,blur3,blurred ×3,31,18.6125,12.3875,124,117.788,6.21172,8.66853,1.79201,47.4815,0.0286548,0.00320959
dish_1566850099,blur3,blurred ×3,113.058,139.022,25.9637,112,120.201,8.20131,5.66736,2.06483,42.8877,-0.0355753,0.00291468
dish_1560975628,blur3,blurred ×3,348.273,527.3,179.028,296,496.418,200.418,6.54385,2.91091,69.0117,0.0342419,0.00493132
dish_1558461431,blur3,blurred ×3,1.15,-15.7666,16.9166,5,8.81751,3.81751,6.33597,2.42547,64.7029,0.0562042,0.00272552
dish_1558635618,blur3,blurred ×3,220.254,264.863,44.6085,334,339.429,5.42877,8.06384,3.45654,98.3427,0.0107256,0.00308894
dish_1561148021,blur3,blurred ×3,361.765,446.212,84.4467,216,320.5,104.5,6.17936,2.90131,73.1473,-0.0163327,0.00337836
dish_1566328745,blur3,blurred ×3,282.03,324.893,42.8629,203,269.678,66.6778,7.09772,2.43056,56.1976,-0.0279948,0.00618844
dish_1558373074,blur3,blurred ×3,73.84,72.9498,0.890154,142,110.574,31.426,6.34856,2.31631,54.2735,0.0251125,0.00244628
dish_1561662869,blur3,blurred ×3,284.346,267.441,16.9046,192,182.706,9.29361,6.68506,2.36772,68.9021,-0.00489593,0.000795972
dish_1558544663,blur3,blurred ×3,141.44,212.44,70.9999,208,148.788,59.2123,8.1662,2.36738,59.2874,0.0379982,0.00372341
dish_1564588919,blur3,blurred ×3,335.944,356.844,20.9,452,452.334,0.333562,7.89445,1.88672,35.2288,0.00344288,0.00291122
dish_1563909580,blur3,blurred ×3,544.312,402.902,141.41,361,391.017,30.0174,9.072,2.74565,67.3314,0.0214076,0.00352403
dish_1565894858,blur3,blurred ×3,132.84,105.717,27.1232,27,65.4779,38.4779,7.02723,1.64355,31.2424,0.0047878,0.00304497
dish_1564689078,blur3,blurred ×3,72.3608,52.7249,19.6359,55,54.1089,0.891147,6.90788,1.78242,48.7296,0.0379035,0.00285697
dish_1566414412,blur3,blurred ×3,920.12,455.94,464.18,658,410.007,247.993,6.2317,2.40983,51.4883,0.0122583,0.00346915
dish_1566502537,blur3,blurred ×3,517.644,494.067,23.5768,315,383.448,68.4484,5.92996,2.55619,62.1287,0.00170565,0.00163838
dish_1558718587,blur3,blurred ×3,10.25,40.8645,30.6145,41,69.4355,28.4355,6.847,2.21996,52.947,0.0323514,0.00321122
dish_1563551164,blur3,blurred ×3,339.756,379.59,39.8341,270,358.217,88.2175,8.21416,1.94178,43.3104,0.0141226,0.00219812
dish_1558720236,blur3,blurred ×3,887.823,429.867,457.956,407,355.278,51.7222,7.62871,3.06717,78.4128,0.0110439,0.00433332
dish_1562776497,blur3,blurred ×3,291.832,324.802,32.97,292,271.948,20.0518,5.90789,2.38554,59.6253,0.0120296,0.00242941
dish_1563565289,blur3,blurred ×3,93.368,151.809,58.4413,88,162.646,74.6459,8.18448,2.05632,48.918,0.0410936,0.0029509
dish_1559849412,blur3,blurred ×3,352.641,295.107,57.5345,61,45.8975,15.1025,7.11503,1.93254,37.4473,-0.00942343,0.00361311
dish_1559934477,blur3,blurred ×3,25.08,93.8303,68.7503,57,112.898,55.8978,6.84278,2.37662,41.8933,0.00516343,0.00132554
dish_1557936599,blur3,blurred ×3,22.05,129.426,107.376,63,131.73,68.7305,6.82368,2.0186,40.9798,-0.00149822,0.00484632
dish_1563565354,blur3,blurred ×3,272.315,322.589,50.2737,193,263.19,70.19,7.52636,2.30294,55.3383,0.0399722,0.00263856
dish_1561405411,blur3,blurred ×3,332.063,420.133,88.0693,282,347.31,65.3104,6.91095,2.72105,67.8089,-0.0363051,0.00286002
dish_1566502472,blur3,blurred ×3,132.919,182.335,49.416,119,190.671,71.6707,6.57834,2.24218,52.5782,0.00254917,0.00187347
dish_1566838317,blur3,blurred ×3,114.2,185.093,70.8934,284,241.701,42.2995,7.62078,1.96739,36.4471,-0.0314347,0.00352203
dish_1565123881,blur3,blurred ×3,406.822,429.753,22.9317,515,384.818,130.182,7.19183,2.69991,67.832,0.00446832,0.00384335
dish_1563551134,blur3,blurred ×3,246.92,216.107,30.8134,173,220.623,47.6233,9.63561,1.82213,39.331,0.0113924,0.00239129
dish_1558718906,blur3,blurred ×3,282.58,356.356,73.7756,247,278.229,31.2294,8.21514,3.37667,94.842,-0.0132886,0.00344806
dish_1562963289,blur3,blurred ×3,349.918,337.573,12.3445,180,208.984,28.9844,6.09628,1.84245,34.732,-0.0356687,0.00425387
dish_1562790775,blur3,blurred ×3,75.6863,74.5985,1.08783,40,81.064,41.064,6.95692,1.77568,39.0042,0.0300342,0.00298079
dish_1560801041,blur3,blurred ×3,432.244,488.064,55.8198,292,419.113,127.113,7.0825,3.01291,71.2029,0.0121733,0.00178384
dish_1565123816,blur3,blurred ×3,250.917,189.71,61.2069,110,114.847,4.84674,7.67724,1.48357,26.9181,-0.00322735,0.0058045
dish_1558031351,blur3,blurred ×3,12.3,50.3659,38.0659,41,83.9003,42.9003,5.39332,2.29479,57.2796,-0.0199637,0.00327495
dish_1559841979,blur3,blurred ×3,39.29,10.263,29.027,85,75.0464,9.9536,7.28374,1.84933,33.1342,-0.0144325,0.003486
dish_1560203400,blur3,blurred ×3,293.28,306.656,13.3757,104,127.061,23.0607,7.12868,2.32544,45.7487,0.0220252,0.00109143
dish_1563294987,blur3,blurred ×3,97.38,144.784,47.4037,18,68.1202,50.1202,6.34441,2.22531,50.5398,-0.062323,0.00226845
dish_1563208412,blur3,blurred ×3,62.4,104.34,41.9405,39,48.1833,9.18331,7.94126,1.93949,42.7141,-0.0376948,0.00377092
dish_1557862696,blur3,blurred ×3,19.25,165.885,146.635,77,146.909,69.9094,8.34673,1.94924,36.821,0.0247259,0.00713682
dish_1561739212,blur3,blurred ×3,134.01,279.606,145.596,214,322.563,108.563,6.86834,2.24209,51.9598,0.00576448,0.000607632
dish_1564675380,blur3,blurred ×3,87.331,270.466,183.135,23,96.3704,73.3704,7.6044,1.86738,44.8629,0.0132821,0.0026969
dish_1564773903,blur3,blurred ×3,316.828,204.207,112.621,336,299.216,36.7844,7.36255,2.20059,53.9196,0.0308871,0.0013894
dish_1558376768,blur3,blurred ×3,74.36,99.2764,24.9164,143,143.409,0.409345,7.00037,2.29268,55.7427,0.0467451,0.00262311
dish_1563897047,blur3,blurred ×3,66.04,280.52,214.48,127,256.194,129.194,7.32569,1.85798,33.1329,0.0557387,0.00238021
dish_1562172561,blur3,blurred ×3,150.8,278.432,127.632,290,306.704,16.7042,7.93081,1.88297,37.079,0.0127128,0.00408135
dish_1563551194,blur3,blurred ×3,471.644,479.881,8.23752,400,415.612,15.6121,7.35379,2.13468,49.3987,0.0194471,0.00178865
dish_1558113430,blur3,blurred ×3,7.84,92.7639,84.9239,28,83.1438,55.1438,7.03209,2.59622,70.0739,-0.00369889,0.00321614
dish_1565035774,blur3,blurred ×3,57.5,213.627,156.127,185,267.18,82.1798,7.94435,1.82049,40.6739,0.0272323,0.00256499
dish_1563551105,blur3,blurred ×3,194.4,194.013,0.387487,72,149.27,77.2704,8.78389,1.58086,34.1991,0.0118183,0.00339135
dish_1566850142,blur3,blurred ×3,464.951,411.799,53.1522,284,316.867,32.8666,6.73073,2.25517,44.1533,-0.027106,0.00252434
dish_1561574368,blur3,blurred ×3,22,63.3953,41.3953,50,102.909,52.9091,7.44268,2.1264,51.5993,0.0281589,0.00179203
dish_1562085672,blur3,blurred ×3,122.084,203.318,81.2336,46,167.831,121.831,8.05406,2.06258,50.4603,0.00783587,0.00266994
dish_1560526472,blur3,blurred ×3,113.673,167.848,54.1754,114,183.187,69.1875,6.14585,2.54649,61.5345,0.0498308,0.00314543
dish_1566328776,blur3,blurred ×3,901.81,606.735,295.075,436,418.456,17.5438,7.45233,2.78322,62.0914,-0.0164157,0.00517987
dish_1566501594,blur3,blurred ×3,508.049,426.444,81.6054,109,359.859,250.859,8.44112,2.53673,60.8035,-0.00245273,0.00288298
dish_1560368019,blur3,blurred ×3,436.966,420.256,16.7102,301,338.916,37.9158,6.61139,3.46108,103.234,0.0450456,0.00102798
dish_1561393764,blur3,blurred ×3,280.8,341.892,61.0922,182,198.065,16.0654,7.36291,2.54092,63.9556,-0.00557822,0.00283355
dish_1558641200,blur3,blurred ×3,3.28,-12.362,15.642,8,36.2019,28.2019,6.02528,2.24121,56.8065,0.0112907,0.00294006
dish_1558639412,blur3,blurred ×3,32.98,52.5237,19.5437,97,45.3932,51.6068,6.45239,2.28945,55.2688,0.0408078,0.00332825
dish_1565123783,blur3,blurred ×3,93.065,143.079,50.0136,35,91.2204,56.2204,7.69466,1.35304,24.549,0.00471568,0.0067151
dish_1559157777,blur3,blurred ×3,2.53,31.3666,28.8366,11,23.7827,12.7827,7.41807,2.63145,72.7366,0.0334514,0.00362533
dish_1567785739,blur3,blurred ×3,168.576,246.691,78.1148,177,249.126,72.1264,7.30187,2.21713,45.8384,0.0192544,0.00200865
dish_1564588889,blur3,blurred ×3,234.494,280.629,46.1349,346,363.143,17.1431,8.73314,1.76639,32.7967,0.00461936,0.00317011
dish_1561667207,blur3,blurred ×3,249.445,302.257,52.8117,121,215.938,94.9377,6.21007,2.04691,47.6097,-0.0149864,0.00154794
dish_1559850314,blur3,blurred ×3,296.617,261.068,35.5488,100,102.26,2.25996,6.7015,1.94604,37.6849,0.0114537,0.0037956
dish_1559233445,blur3,blurred ×3,24.5,72.1166,47.6166,49,21.8542,27.1458,7.0168,2.10493,50.5313,0.0535518,0.00357546
dish_1558030182,blur3,blurred ×3,67.76,107.825,40.065,88,104.404,16.4044,6.10037,2.29793,56.9417,-0.0220637,0.00400502
dish_1567007719,blur3,blurred ×3,14.28,6.33601,7.94399,42,28.0758,13.9242,6.74321,1.7654,31.5991,-0.0610113,0.00419503
dish_1567785709,blur3,blurred ×3,131.251,205.939,74.688,138,217.651,79.651,6.79529,2.18105,43.8509,0.0305115,0.00205608
dish_1558546434,blur3,blurred ×3,2.53,-5.54584,8.07584,11,13.7132,2.71323,5.69496,2.49707,66.7522,0.0131272,0.00259298
dish_1560801773,blur3,blurred ×3,13.5,85.7453,72.2453,54,59.1021,5.10209,6.92496,1.9128,38.7906,0.0203135,0.00090831
dish_1561662926,blur3,blurred ×3,288.336,334.219,45.8835,213,226.598,13.5981,6.80954,2.46345,70.3878,-0.011635,0.000809893
dish_1565035858,blur3,blurred ×3,375.228,534.89,159.662,531,576.786,45.7859,6.76096,2.59821,65.0396,0.0181532,0.00202009
dish_1565030391,blur3,blurred ×3,609.334,253.098,356.236,313,232.649,80.3507,5.93556,2.65023,67.7893,0.0277014,0.00238642
dish_1562774099,blur3,blurred ×3,51.9935,46.5746,5.41898,40,46.4291,6.42913,6.80708,1.86859,48.2398,0.0194619,0.00236596
dish_1560801020,blur3,blurred ×3,346.34,438.41,92.0701,250,401.133,151.133,7.21382,3.03852,71.6462,0.0143399,0.00177741
dish_1562690886,blur3,blurred ×3,20.6117,59.0564,38.4447,37,59.5141,22.5141,6.57204,1.61191,40.6181,-0.0197548,0.00694221
dish_1564428144,blur3,blurred ×3,205.213,215.774,10.5615,171,185.411,14.4114,7.45775,2.00929,48.3908,-0.00654364,0.00159801
dish_1560456305,blur3,blurred ×3,26.3916,85.4407,59.0491,21,110.875,89.8749,8.4612,2.00746,43.2912,0.030547,0.00272337
dish_1565117429,blur3,blurred ×3,390.873,315.701,75.1723,147,177.394,30.3944,6.88486,2.32316,58.2329,0.0340307,0.00470201
dish_1564773876,blur3,blurred ×3,258.328,130.438,127.89,219,174.072,44.9281,6.13931,2.12366,53.2637,0.0214858,0.0012363
dish_1560526552,blur3,blurred ×3,359.241,418.005,58.7641,319,378.493,59.4933,7.47122,2.91444,73.7146,0.0436562,0.00340962
dish_1560526408,blur3,blurred ×3,67.0982,89.5914,22.4932,51,77.0121,26.0121,6.60682,2.29054,52.8488,0.056601,0.00305989
dish_1562963325,blur3,blurred ×3,760.162,549.869,210.293,379,410.123,31.1231,7.29089,2.05543,36.543,-0.0317847,0.0038961
dish_1557937037,blur3,blurred ×3,25.97,142.009,116.039,49,134.38,85.3803,6.17507,1.94118,37.7788,0.00952256,0.00522724
dish_1561662216,blur3,blurred ×3,300.794,307.943,7.14872,193,272.785,79.7851,6.18312,2.59267,68.2008,-0.0230318,0.00157343
dish_1562099134,blur3,blurred ×3,271.641,264.054,7.58681,188,207.321,19.3215,6.89513,1.95905,39.5996,-0.00075388,0.00264967
dish_1562008936,blur3,blurred ×3,57.64,164.422,106.782,131,133.168,2.16792,7.32919,2.13506,52.8599,0.0299532,0.00285182
dish_1565020867,blur3,blurred ×3,255.805,315.875,60.0703,325,311.647,13.3525,6.79099,1.83782,33.7502,0.0131015,0.0021391
dish_1558720133,blur3,blurred ×3,14.25,1.57795,12.6721,57,34.7932,22.2068,7.24325,2.27306,57.0049,0.0193186,0.00308851
dish_1561739238,blur3,blurred ×3,274.19,303.169,28.9786,257,351.308,94.3078,6.56871,2.26808,53.0118,-0.00965947,0.000636025
dish_1565711570,blur3,blurred ×3,603.827,593.345,10.4818,324,378.234,54.2341,7.70991,2.3809,52.3854,-0.000188053,0.00217566
dish_1562774206,blur3,blurred ×3,298.764,353.949,55.1858,272,388.97,116.97,6.51409,2.1793,52.8918,0.0152562,0.00236206
dish_1561148042,blur3,blurred ×3,370.755,466.581,95.8255,245,362.731,117.731,6.33048,3.2704,88.46,-0.00540781,0.00371034
dish_1560444931,blur3,blurred ×3,112.66,174.236,61.5757,200,261.565,61.5654,6.95572,2.24054,46.5266,0.0402211,0.00391911
dish_1558031302,blur3,blurred ×3,56.98,83.4978,26.5178,74,81.2272,7.22723,6.03082,2.30954,55.5213,-0.0150905,0.00333534
dish_1563566939,blur3,blurred ×3,286.027,318.228,32.2008,238,307.503,69.5033,6.81375,2.62199,76.6776,0.0237125,0.00215035
dish_1566587102,blur3,blurred ×3,213.599,211.168,2.43153,146,175.414,29.4138,6.73776,1.79794,49.5092,-0.0686792,0.00384142
dish_1561405332,blur3,blurred ×3,18.55,-14.7873,33.3373,53,13.511,39.489,7.18837,2.01315,48.3029,-0.0585607,0.00347249
dish_1564687013,blur3,blurred ×3,330.841,326.469,4.37195,224,183.784,40.2162,6.36718,2.02402,52.1569,0.00527024,0.00351528
dish_1563996464,blur3,blurred ×3,100.489,256.737,156.247,146,270.811,124.811,8.20253,2.37254,62.0669,0.0277683,0.00267739
dish_1563998279,blur3,blurred ×3,565.005,454.045,110.96,296,242.036,53.9638,7.65221,2.16681,49.6393,0.00993776,0.00407503
dish_1565020755,blur3,blurred ×3,43.28,74.2299,30.9499,8,1.90301,6.09699,6.65764,1.3644,25.9352,0.00415194,0.00467453
dish_1557937758,blur3,blurred ×3,106.783,207.711,100.928,128,187.898,59.8981,6.78924,2.10702,48.3302,0.013991,0.00685658
dish_1559850338,blur3,blurred ×3,307.117,270.477,36.6396,130,176.242,46.2422,6.48429,2.09,40.4031,0.0160017,0.0037334
dish_1563305513,blur3,blurred ×3,606.252,406.743,199.509,228,235.794,7.79405,6.88482,1.91073,35.8608,-0.0134093,0.00307495
dish_1563389548,blur3,blurred ×3,438.828,298.922,139.906,194,228.399,34.3995,10.0686,2.37651,58.3573,-0.0334682,0.00310368
dish_1565898128,blur3,blurred ×3,209.031,182.604,26.427,134,178.185,44.1851,7.01732,1.74783,43.7177,0.0220016,0.00206113
dish_1558549413,blur3,blurred ×3,682.158,406.244,275.914,118,130.533,12.5329,7.71316,2.82129,78.8601,0.0486525,0.00305086
dish_1562703345,blur3,blurred ×3,154.28,155.675,1.39514,58,78.1256,20.1256,6.09792,1.69872,34.3198,0.0241685,0.00323342
dish_1565030350,blur3,blurred ×3,62.5857,99.5267,36.9411,62,129.126,67.1264,7.91386,1.75866,36.9339,0.029521,0.00293251
dish_1562774180,blur3,blurred ×3,164.084,194.845,30.7616,181,270.781,89.7814,6.52298,1.98318,48.5577,0.0217513,0.00234261
dish_1559239256,blur3,blurred ×3,60.16,83.4663,23.3063,128,120.512,7.48752,7.31229,2.22406,52.6164,0.0522523,0.003895
dish_1563566909,blur3,blurred ×3,222.53,312.669,90.1385,187,283.914,96.9144,6.68911,1.81269,40.0034,0.0165275,0.00303115
dish_1563984199,blur3,blurred ×3,322.68,380.376,57.6956,670,528.594,141.406,8.04752,2.15867,42.2606,0.0126088,0.00323807
dish_1558722125,blur3,blurred ×3,497.166,372.163,125.003,86,98.6341,12.6341,7.72631,2.6912,75.6826,0.024014,0.0030953
dish_1565123845,blur3,blurred ×3,268.662,214.386,54.2755,201,154.77,46.2298,7.16574,1.62218,29.5629,0.00763249,0.00477869
dish_1562168696,blur3,blurred ×3,95.1148,131.14,36.0255,141,194.71,53.7095,5.15104,2.28036,60.0529,0.00656664,0.00261875
dish_1567785778,blur3,blurred ×3,303.508,261.184,42.3234,310,280.515,29.4849,7.55982,2.18554,42.6298,0.0401225,0.00199401
dish_1564687090,blur3,blurred ×3,498.019,416.424,81.595,416,362.924,53.0759,8.84939,2.74415,71.1183,-0.00993657,0.00290691
dish_1563909507,blur3,blurred ×3,117.926,107.366,10.5598,151,177.669,26.6687,9.79668,2.40523,72.0968,0.034605,0.0036315
dish_1560526530,blur3,blurred ×3,245.281,336.71,91.429,242,313.792,71.7921,7.7492,2.79417,69.737,0.0471356,0.0033446
dish_1563295044,blur3,blurred ×3,241.975,313.296,71.3205,158,189.485,31.485,6.75416,2.5407,61.3205,-0.045972,0.00228021
dish_1559844272,blur3,blurred ×3,462.48,272.745,189.736,80,64.9061,15.0939,7.41583,1.95558,38.9908,0.0113661,0.00339046
dish_1561578800,blur3,blurred ×3,338.355,317.278,21.0768,146,210.161,64.161,6.44781,2.52362,68.6587,0.0115967,0.00122194
dish_1562099157,blur3,blurred ×3,277.531,263.574,13.9571,207,248.207,41.2068,7.51046,2.17067,47.7655,0.00343764,0.00234864
dish_1562703447,blur3,blurred ×3,384.426,222.169,162.258,259,199.747,59.2532,7.03033,2.05418,39.2934,0.0196457,0.00194306
dish_1566587143,blur3,blurred ×3,354.399,289.113,65.286,234,222.9,11.0996,6.30779,2.02162,55.6017,-0.059898,0.00328584
dish_1562618000,blur3,blurred ×3,685.994,355.407,330.587,448,367.011,80.9893,5.36475,3.31661,100.282,0.0335608,0.001674
dish_1566851704,blur3,blurred ×3,461.16,510.764,49.6035,348,404.373,56.3732,7.21236,2.63886,60.2348,-0.0327297,0.00422044
dish_1566587182,blur3,blurred ×3,531.261,470.593,60.6682,377,374.916,2.08353,7.08885,2.48217,65.0046,-0.0486279,0.00237556
dish_1558718680,blur3,blurred ×3,132.963,191.197,58.234,23,-12.6392,35.6392,6.80687,2.45264,65.7776,0.0279195,0.00309654
dish_1563898019,blur3,blurred ×3,343.977,351.371,7.39347,237,205.47,31.5301,7.04726,1.95051,40.5382,0.0295701,0.00273416
dish_1558718610,blur3,blurred ×3,113.527,148.406,34.8788,107,97.222,9.77795,8.05627,2.20312,51.6896,0.0395681,0.0033009
dish_1565894910,blur3,blurred ×3,537.113,440.767,96.3459,179,197.378,18.3777,7.67451,2.3071,55.4757,0.00902009,0.0021776
dish_1561578865,blur3,blurred ×3,417.185,402.044,15.1415,246,360.558,114.558,5.92879,3.27115,96.1958,0.0201389,0.00140964
dish_1568401167,blur3,blurred ×3,426.36,279.438,146.922,228,142.331,85.6692,7.33711,2.09326,41.1642,0.0151836,0.00510433
dish_1564689219,blur3,blurred ×3,506.847,388.221,118.626,474,429.165,44.8352,6.59471,2.92999,76.9944,0.0308373,0.00183137
dish_1563984296,blur3,blurred ×3,436.337,610.585,174.248,871,657.316,213.684,8.67446,2.50133,59.7433,0.032091,0.00203461
dish_1558110478,blur3,blurred ×3,205.439,296.412,90.9726,161,216.784,55.7837,5.97708,2.67246,72.4087,-0.00685674,0.00360823
dish_1563295016,blur3,blurred ×3,127.88,191.112,63.232,79,105.216,26.216,7.41165,2.32133,53.309,-0.048156,0.00235327
dish_1557861216,blur3,blurred ×3,0,80.4378,80.4378,1,47.0155,46.0155,8.45398,1.63447,28.7259,0.0132064,0.00825394
dish_1558376801,blur3,blurred ×3,4.2,32.8227,28.6227,15,7.06635,7.93365,6.22787,2.28671,57.445,0.0441698,0.00244461
dish_1561739188,blur3,blurred ×3,97.09,233.856,136.766,143,208.998,65.9979,6.77233,2.03906,48.2116,0.0152208,0.000698374
dish_1565020822,blur3,blurred ×3,180.565,295.596,115.032,193,271.423,78.4227,7.52517,1.83019,38.0491,0.0132593,0.00289301
dish_1561667238,blur3,blurred ×3,268.805,405.338,136.533,165,323.199,158.199,6.58245,2.71694,80.9822,-0.015274,0.00119318
dish_1558114209,blur3,blurred ×3,30.6,162.235,131.635,90,167.007,77.0066,6.51892,2.30843,55.6866,-0.00412971,0.00393667
dish_1561654392,blur3,blurred ×3,494.065,451.505,42.561,282,267.826,14.174,7.85149,2.86286,72.5706,0.0298089,0.00165851
dish_1564160043,blur3,blurred ×3,245,231.419,13.5811,98,139.156,41.1556,8.11322,1.97461,35.4679,0.0318027,0.00209145
dish_1558376364,blur3,blurred ×3,48.99,87.8482,38.8582,71,62.3234,8.67656,7.18271,2.47546,67.6729,0.0390228,0.00236722
dish_1566849987,blur3,blurred ×3,562.97,539.702,23.2683,540,501.417,38.5831,8.16874,2.82685,65.499,-0.0296056,0.00238207
dish_1563898107,blur3,blurred ×3,440.693,422.778,17.9156,424,363.286,60.7143,7.21899,2.37064,55.185,0.0209931,0.00226103
dish_1558635489,blur3,blurred ×3,78.514,141.368,62.8542,74,131.923,57.923,7.57341,2.22734,54.4101,0.00433815,0.00321095
dish_1566589933,blur3,blurred ×3,89.06,266.352,177.292,122,178.079,56.079,6.4351,1.978,52.7728,-0.0597429,0.00421664
dish_1568401199,blur3,blurred ×3,459.643,417.03,42.6137,343,290.175,52.8254,7.18653,2.06481,40.6452,0.0144942,0.00562289
dish_1563898084,blur3,blurred ×3,419.493,398.467,21.0263,384,337.118,46.8818,6.97844,2.18928,47.8765,0.0307505,0.00241695
dish_1565898158,blur3,blurred ×3,240.426,209.333,31.0923,194,209.014,15.0141,8.14675,2.28259,61.1594,0.0276555,0.00214268
dish_1560368464,blur3,blurred ×3,349.45,304.196,45.2539,275,246.088,28.9117,6.19758,2.07782,43.3489,0.0215715,0.00461863
dish_1565898230,blur3,blurred ×3,780.202,450.795,329.407,500,384.421,115.579,8.08948,2.52918,59.4601,-0.00232291,0.00250998
dish_1566316757,blur3,blurred ×3,448.383,527.105,78.722,819,559.901,259.099,8.0694,2.2831,52.1311,-0.0156132,0.00256801
dish_1566849923,blur3,blurred ×3,127.97,309.188,181.218,240,271.072,31.0722,7.97502,2.47334,50.7906,-0.0401114,0.00270608
dish_1562009934,blur3,blurred ×3,434.914,392.848,42.0664,369,337.164,31.836,5.91139,2.86126,74.3733,0.0137444,0.00248759
dish_1560456370,blur3,blurred ×3,258.383,215.73,42.6523,186,186.161,0.160611,8.83344,2.54174,59.7075,0.0468318,0.00318056
dish_1561741090,blur3,blurred ×3,161.54,162.024,0.4841,221,178.454,42.5456,8.00732,2.20084,50.8857,-0.025247,0.0039943
dish_1565811000,blur3,blurred ×3,342.85,538.515,195.665,225,440.921,215.921,7.21907,2.46622,59.3461,0.0189583,0.00213181
dish_1560444892,blur3,blurred ×3,39.54,63.9441,24.4041,90,89.7244,0.275581,7.97546,1.90312,37.5727,0.0490532,0.00425255
dish_1563565508,blur3,blurred ×3,403.862,317.147,86.7146,387,361.227,25.7729,6.71817,2.57429,69.0673,0.0410342,0.00171507
dish_1556575327,blur3,blurred ×3,103.3,193.653,90.3532,152,197.271,45.2708,7.31762,2.77486,77.1044,0.02388,0.00716107
dish_1564428102,blur3,blurred ×3,133.22,169.362,36.1425,107,195.054,88.054,8.72424,1.88749,43.724,-0.0061155,0.00176859
dish_1558376306,blur3,blurred ×3,372.168,342.165,30.0028,108,137.169,29.1686,7.05657,2.54287,68.6022,0.0421809,0.00218735
dish_1561654374,blur3,blurred ×3,326.356,320.561,5.79455,251,271.099,20.0992,6.80379,2.68145,67.1557,0.0273159,0.0020773
dish_1566328831,blur3,blurred ×3,941.61,659.75,281.86,500,522.428,22.4282,7.62304,2.8059,62.6219,-0.023252,0.00356632
dish_1562168673,blur3,blurred ×3,56.3548,30.8973,25.4576,73,101.788,28.7876,5.35629,2.13527,56.0735,0.0104271,0.00325332
dish_1558375886,blur3,blurred ×3,1050.51,500.896,549.615,277,283.878,6.8781,7.74776,3.2103,87.7291,0.00336075,0.00262347
dish_1564773976,blur3,blurred ×3,516.089,416.262,99.8278,463,418.54,44.4595,8.04927,2.36039,57.4907,0.0299151,0.00110688
dish_1566851584,blur3,blurred ×3,286.295,324.634,38.3385,222,257.28,35.2796,6.5574,2.24087,50.7309,-0.0378597,0.0052011
dish_1560800988,blur3,blurred ×3,314.866,383.629,68.7637,230,351.22,121.22,7.03777,2.94754,67.6232,0.0147148,0.00174116
dish_1559849497,blur3,blurred ×3,521.433,364.734,156.699,340,225.841,114.159,6.72967,2.1715,43.9981,-0.0195071,0.00346189
dish_1562008979,blur3,blurred ×3,382.937,407.029,24.0919,290,284.82,5.18042,6.60549,2.52161,65.7006,0.0308557,0.00273034
dish_1560445004,blur3,blurred ×3,339.598,377.809,38.2113,290,388.971,98.9715,8.07298,2.63578,58.8227,0.0363961,0.00458047
dish_1561662190,blur3,blurred ×3,117.318,209.343,92.0243,104,210.41,106.41,7.49064,2.33722,55.9606,-0.0248185,0.00182314
dish_1559844366,blur3,blurred ×3,529.22,371.165,158.055,192,237.462,45.4624,6.83887,2.26609,48.2577,0.00215364,0.00303412
dish_1563998244,blur3,blurred ×3,259.479,204.098,55.3808,170,122.964,47.0356,6.39096,1.86643,41.7434,0.0110804,0.00555246
dish_1566838378,blur3,blurred ×3,286.21,327.583,41.373,482,390.799,91.2014,6.59258,2.15156,43.1308,-0.0171863,0.00272157
dish_1566851616,blur3,blurred ×3,300.779,343.271,42.4923,248,262.476,14.4762,7.40826,2.31751,51.7402,-0.0369453,0.00469171
dish_1565034605,blur3,blurred ×3,52.4912,78.3902,25.899,52,108.116,56.1164,5.71207,1.85064,36.1007,0.0068152,0.00304427
dish_1558030435,blur3,blurred ×3,246.94,226.309,20.6309,221,222.669,1.66892,7.9563,2.75284,70.4598,-0.008448,0.00419466
dish_1558114284,blur3,blurred ×3,162.23,201.31,39.0801,316,291.319,24.6813,6.93924,2.66345,70.4877,-0.0188711,0.00346067
dish_1565638515,blur3,blurred ×3,198.971,220.912,21.9407,165,221.985,56.9851,7.68302,2.31703,63.0202,0.0344948,0.00289618
dish_1558376212,blur3,blurred ×3,300.612,337.3,36.6884,52,67.2194,15.2194,7.37356,2.45652,64.2852,0.0384314,0.00233437
dish_1560975491,blur3,blurred ×3,37.84,206.016,168.176,86,215.841,129.841,6.77441,2.1339,45.3081,0.0410491,0.00451838
dish_1565035715,blur3,blurred ×3,15.6,235.857,220.257,39,153.485,114.485,7.86931,1.50833,34.2121,0.0152903,0.00324741
dish_1558375833,blur3,blurred ×3,317.032,235.003,82.0287,92,73.3122,18.6878,6.76307,2.45076,67.2537,0.0386102,0.00222114
dish_1561574428,blur3,blurred ×3,84.0024,222.605,138.603,172,257.293,85.2929,6.46436,3.00043,85.9805,0.026513,0.0016583
dish_1561147997,blur3,blurred ×3,185.18,319.402,134.222,133,225.775,92.7747,6.11555,2.74143,69.5729,-0.0115352,0.003099
dish_1565974375,blur3,blurred ×3,459.85,335.78,124.07,85,102.043,17.0428,8.5175,1.88237,40.6857,-0.0459867,0.00630177
dish_1560801829,blur3,blurred ×3,256.896,313.154,56.2582,178,213.332,35.3319,6.77023,2.46285,60.1018,0.0217146,0.000939773
dish_1561574848,blur3,blurred ×3,182.258,144.612,37.6467,155,175.306,20.306,6.01736,2.71414,78.2898,0.0109411,0.00195874
dish_1558722171,blur3,blurred ×3,24.25,38.1958,13.9458,97,93.0749,3.92514,8.58837,2.32687,56.3404,0.0343112,0.00326658
dish_1559844323,blur3,blurred ×3,518.37,320.924,197.446,161,162.137,1.13732,7.04931,2.12302,44.8504,-0.00365788,0.00310277
dish_1568401302,blur3,blurred ×3,716.479,556.974,159.505,561,434.715,126.285,8.11767,2.42363,44.2777,0.0217072,0.00480831
dish_1558461607,blur3,blurred ×3,87.63,205.791,118.161,127,179.555,52.5551,7.79846,2.48415,67.7033,0.0495075,0.00253878
dish_1558031394,blur3,blurred ×3,237.41,317.548,80.1384,318,372.514,54.5137,7.64454,2.98699,76.5408,-0.0275317,0.00394746
dish_1562172600,blur3,blurred ×3,263.6,343.64,80.0396,370,416.986,46.9859,8.29054,2.078,45.5726,0.0142123,0.00289913
dish_1562790855,blur3,blurred ×3,739.376,502.98,236.397,507,356.147,150.853,6.88385,2.21213,47.7617,0.0311122,0.00233864
dish_1560526514,blur3,blurred ×3,183.253,287.725,104.472,224,298.862,74.862,7.2157,2.74372,68.8597,0.0468771,0.00359712
dish_1558546663,blur3,blurred ×3,330.734,293.882,36.8515,197,214.518,17.5177,7.05212,2.7689,71.9627,0.00218916,0.00406088
dish_1560368570,blur3,blurred ×3,555.933,441.367,114.566,452,359.997,92.0034,7.81389,2.65378,64.2086,0.0190003,0.00304682
dish_1565638550,blur3,blurred ×3,277.657,275.395,2.26226,215,295.695,80.6954,7.06219,2.48709,66.1131,0.033807,0.00246867
dish_1563897938,blur3,blurred ×3,54.1,-9.49746,63.5975,10,20.4199,10.4199,8.40159,1.63191,37.5998,0.0349698,0.0020304
dish_1558376734,blur3,blurred ×3,206.76,194.019,12.741,60,59.3819,0.618064,6.37884,2.39705,63.2463,0.0448818,0.00239355
dish_1567785622,blur3,blurred ×3,30.78,124.729,93.9489,54,106.109,52.1091,5.98413,1.90479,34.1981,0.0242727,0.00228416
dish_1558639526,blur3,blurred ×3,31.98,32.2076,0.227625,78,59.6497,18.3503,6.92829,2.36858,58.8862,0.0321345,0.00342631
dish_1559849053,blur3,blurred ×3,381.528,282.876,98.6523,125,143.879,18.8789,6.7626,2.04804,42.4029,-0.00155145,0.0034367
dish_1558031237,blur3,blurred ×3,31.62,116.993,85.3731,93,70.0676,22.9324,7.07187,2.3534,57.0747,-0.0240603,0.00336937
dish_1564773847,blur3,blurred ×3,238.028,97.4594,140.568,161,147.339,13.6612,6.72504,2.05033,51.4221,0.0362164,0.00114323
dish_1566590056,blur3,blurred ×3,815.648,456.257,359.391,519,393.903,125.097,6.60853,2.63622,58.7324,-0.0330281,0.00227643
dish_1564773942,blur3,blurred ×3,491.94,411.21,80.7297,442,413.792,28.2079,7.16817,2.35395,54.6618,0.0285047,0.00116725
dish_1561393715,blur3,blurred ×3,17.15,4.58807,12.5619,49,54.5641,5.56407,8.06391,2.08113,47.8286,0.00164735,0.0028717
dish_1563897981,blur3,blurred ×3,243.54,205.645,37.8948,138,127.88,10.1199,7.26722,1.80432,38.6227,0.0180018,0.00207744
dish_1558545738,blur3,blurred ×3,73.84,86.96,13.12,142,155.089,13.0892,7.15322,2.32665,58.8424,0.0123041,0.00307857
dish_1558718649,blur3,blurred ×3,25.84,44.1117,18.2717,76,49.532,26.468,7.56874,2.27927,54.6722,0.0379158,0.0034339
dish_1562690950,blur3,blurred ×3,109.062,199.958,90.8966,202,235.796,33.7964,5.90753,1.88738,43.5444,-0.0209129,0.0060718
dish_1564689108,blur3,blurred ×3,203.662,232.451,28.7881,159,238.291,79.2907,6.51951,2.13259,56.0178,0.022725,0.00241528
dish_1561578775,blur3,blurred ×3,295.149,249.981,45.1681,111,124.7,13.6995,6.01708,2.00984,51.3876,0.00701952,0.00102526
dish_1558110385,blur3,blurred ×3,52.87,40.5696,12.3004,34,48.0176,14.0176,5.6145,2.27519,54.5432,0.00374377,0.00397908
dish_1563998513,blur3,blurred ×3,757.505,584.058,173.447,599,435.573,163.427,7.38532,2.50404,56.2898,0.00425565,0.00387976
dish_1559844458,blur3,blurred ×3,55.89,42.0293,13.8607,81,61.5907,19.4093,6.69322,1.93883,36.5648,-0.0224602,0.00344594
dish_1566316681,blur3,blurred ×3,116.763,210.559,93.7962,122,136.1,14.0999,5.79548,2.04166,44.9119,-0.0376174,0.0008012
dish_1566851549,blur3,blurred ×3,226.015,285.196,59.1814,85,139.311,54.3113,6.81178,1.83774,41.1179,-0.0395922,0.00724817
dish_1565034681,blur3,blurred ×3,323.553,302.281,21.2726,185,259.886,74.8863,7.10546,2.07559,41.2989,0.0115086,0.00206657
dish_1558635523,blur3,blurred ×3,55.9,74.3157,18.4157,43,50.9778,7.97777,6.6763,2.15649,49.2245,0.0380385,0.00316211
dish_1559239369,blur3,blurred ×3,130.92,233.51,102.59,276,326.495,50.4946,6.9137,2.91988,75.5452,0.0304416,0.00535377
dish_1566849955,blur3,blurred ×3,147.17,287.187,140.017,288,286.284,1.71583,7.58559,2.46581,50.8754,-0.0335376,0.00292997
dish_1559849537,blur3,blurred ×3,549.523,372.68,176.843,393,273.345,119.655,6.7794,2.18993,44.3672,-0.0170512,0.00338772
dish_1562776428,blur3,blurred ×3,33.6998,106.479,72.779,66,86.5742,20.5742,5.97611,2.03085,49.9874,0.0264781,0.00232319
dish_1560800918,blur3,blurred ×3,70.8256,188.643,117.817,40,154.112,114.112,6.59843,2.67439,63.5695,0.0161545,0.00157435
dish_1565898193,blur3,blurred ×3,291.914,315.172,23.2583,268,300.839,32.8393,6.94078,2.54257,66.3261,0.0241846,0.00146063
dish_1558376874,blur3,blurred ×3,335.298,318.478,16.8201,58,84.8624,26.8624,6.98339,2.47613,65.2411,0.0395527,0.00251024
dish_1558630176,blur3,blurred ×3,73.84,102.785,28.9452,142,161.934,19.9341,7.04715,2.28772,55.5843,0.011322,0.00325787
dish_1565034635,blur3,blurred ×3,124.089,191.92,67.831,110,213.508,103.508,5.30107,2.07663,43.9716,0.0157561,0.00240034
dish_1561405356,blur3,blurred ×3,206.645,239.719,33.0741,176,142.464,33.5357,6.99401,2.32838,57.1124,-0.0421612,0.00356899
dish_1557937427,blur3,blurred ×3,26.435,25.0264,1.40862,17,33.9526,16.9526,6.47591,1.80767,31.9065,0.0144681,0.00457774
dish_1563551220,blur3,blurred ×3,561.704,487.366,74.3376,558,498.511,59.4892,6.55096,2.31279,54.0247,0.018802,0.00143008
dish_1560368506,blur3,blurred ×3,462.934,421.666,41.2682,378,357.57,20.4297,6.16731,2.32658,53.8618,0.0109208,0.0038289
dish_1566589967,blur3,blurred ×3,381.662,461.821,80.1588,322,321.38,0.619962,7.65276,2.2941,58.8886,-0.0608696,0.00302841
dish_1560444948,blur3,blurred ×3,171.317,255.49,84.1732,231,339.989,108.989,6.87614,2.45304,53.445,0.0364951,0.00373626
dish_1560975572,blur3,blurred ×3,96.99,309.532,212.542,159,320.981,161.981,6.02451,2.54055,58.0967,0.0350454,0.00424901
dish_1558719994,blur3,blurred ×3,768.873,447.182,321.691,133,150.493,17.4925,7.98334,2.69248,74.9602,0.0295122,0.00291149
dish_1563208439,blur3,blurred ×3,92.61,108.324,15.7142,96,118.169,22.1695,6.82974,2.05841,45.8459,-0.0393904,0.00304255
dish_1566920304,blur3,blurred ×3,296.4,379.585,83.185,570,453.181,116.819,7.87178,2.29833,40.7905,-0.0301541,0.00416196
dish_1561393741,blur3,blurred ×3,188.83,174.255,14.5754,165,149.825,15.1755,6.69852,2.34784,54.5268,-0.00467384,0.00265249
dish_1557862738,blur3,blurred ×3,319.78,264.466,55.3143,118,109.195,8.80545,8.00222,1.99722,38.2356,0.0115651,0.00646144
dish_1559233627,blur3,blurred ×3,64.92,-23.4251,88.3451,12,-43.9313,55.9313,6.40903,2.24207,56.8689,0.0352476,0.00365766
dish_1565896745,blur3,blurred ×3,368.54,312.868,55.6728,244,276.867,32.8675,5.6161,2.6233,66.0981,0.0157173,0.00243822
dish_1562099076,blur3,blurred ×3,110.181,133.535,23.3543,61,72.6323,11.6323,7.90818,1.57569,31.6856,-0.00294113,0.00424331
dish_1562700568,blur3,blurred ×3,246.864,365,118.135,318,346.205,28.2048,7.20968,2.52087,64.1822,0.023471,0.00192817
dish_1566838286,blur3,blurred ×3,72.5,90.663,18.163,145,137.818,7.1816,7.47805,1.6319,30.9781,-0.0348842,0.00388984
dish_1561147967,blur3,blurred ×3,177.98,278.435,100.455,85,170.333,85.3333,5.45382,2.43498,54.124,-0.0178558,0.00337145
dish_1563565415,blur3,blurred ×3,303.477,336.23,32.7531,284,354.791,70.7908,6.9717,2.44467,61.5434,0.0342489,0.002164
dish_1558722247,blur3,blurred ×3,604.616,406.828,197.788,343,280.187,62.8132,8.04093,2.86022,72.1902,0.0235864,0.00338889
dish_1566920365,blur3,blurred ×3,490.422,685.291,194.869,871,691.6,179.4,8.13284,2.73235,64.8471,-0.0176053,0.0034205
dish_1561574815,blur3,blurred ×3,74.853,71.3173,3.53568,89,131.46,42.4599,6.01672,2.68506,74.9633,0.00834846,0.00174395
dish_1565118782,blur3,blurred ×3,557.522,349.347,208.175,353,306.356,46.6438,6.83221,2.57739,63.3868,0.0280923,0.00163388
dish_1562168648,blur3,blurred ×3,41.5948,61.3789,19.7841,32,65.5504,33.5504,5.69463,2.12882,58.3697,0.00862586,0.00354249
dish_1563996485,blur3,blurred ×3,178.039,273.071,95.0315,201,348.522,147.522,8.22055,2.47555,65.6714,0.0284399,0.00257375
dish_1567785654,blur3,blurred ×3,51.78,137.67,85.8896,96,118.047,22.0474,5.62721,1.95842,35.482,0.0331784,0.00221377
dish_1558113941,blur3,blurred ×3,296.89,331.733,34.8433,78,119.09,41.09,7.40053,2.8814,79.6042,-0.0159719,0.00330167
dish_1557937157,blur3,blurred ×3,355.25,399.866,44.6157,271,286.78,15.7802,7.07789,2.58273,64.1046,0.0140941,0.00457336
dish_1558719570,blur3,blurred ×3,74.36,149.437,75.0773,143,187.005,44.0051,7.10668,2.26941,54.9311,0.0209258,0.00277692
dish_1560367904,blur3,blurred ×3,76.0231,136.16,60.1371,69,126.341,57.3407,7.94629,1.94783,47.9611,0.0587831,0.00065559
dish_1558375732,blur3,blurred ×3,45.54,54.2171,8.67706,66,74.1446,8.14462,5.98434,2.43227,65.0319,0.0364341,0.0024416
dish_1565711453,blur3,blurred ×3,198.32,140.786,57.5337,134,110.962,23.0382,7.45036,1.63887,34.4349,-0.0124664,0.00341578
dish_1557862345,blur3,blurred ×3,103.95,181.615,77.6649,63,119.171,56.1713,8.78574,1.97348,37.5287,0.0222322,0.00776641
dish_1566851677,blur3,blurred ×3,354.774,458.859,104.085,296,346.683,50.6829,7.12193,2.52062,56.4377,-0.0316875,0.00457125
dish_1560368395,blur3,blurred ×3,49.32,84.0905,34.7704,137,136.006,0.994078,7.50169,1.8303,37.9154,0.0201368,0.00389152
dish_1562876531,blur3,blurred ×3,66.0669,122.408,56.3407,85,139.352,54.3517,6.84896,1.91919,37.2075,-0.0260602,0.00308182
dish_1566920339,blur3,blurred ×3,449.532,531.151,81.6197,730,607.479,122.521,7.71421,2.47001,47.027,-0.017844,0.00345184
dish_1558717604,blur3,blurred ×3,73.84,114.127,40.2871,142,133.162,8.8378,7.16045,2.23784,54.3346,0.0401058,0.00329584
dish_1561574456,blur3,blurred ×3,203.657,355.382,151.725,217,332.126,115.126,6.44838,3.1267,88.6109,0.0263629,0.00230443
dish_1563478751,blur3,blurred ×3,950.395,499.253,451.142,545,335.892,209.108,9.13672,2.47386,63.6719,0.0155025,0.00285336
dish_1558376437,blur3,blurred ×3,13.26,24.0861,10.8261,39,43.2185,4.21848,7.05555,2.28408,54.6493,0.0458487,0.00268047
dish_1561654346,blur3,blurred ×3,79.1955,136.691,57.4959,84,124.389,40.3887,7.05139,2.43104,63.4399,0.0298083,0.00223952
dish_1559842047,blur3,blurred ×3,153.69,131.187,22.5027,285,236.496,48.5044,6.89621,1.96731,35.3698,-0.000850141,0.00346035
dish_1562009894,blur3,blurred ×3,244.807,246.272,1.46479,200,232.976,32.9763,7.31838,2.45156,61.7114,0.0127559,0.00228433
dish_1565118700,blur3,blurred ×3,16.66,26.9723,10.3123,49,47.5716,1.42844,5.85342,1.80733,51.5403,0.0347434,0.00308554
dish_1563221025,blur3,blurred ×3,245.446,218.857,26.589,123,164.511,41.5115,6.05893,1.62016,35.1618,-0.0180671,0.0053879
dish_1558461692,blur3,blurred ×3,231.24,283.213,51.9733,40,43.1465,3.1465,6.26736,2.42481,63.0248,0.051863,0.00279813
dish_1558031133,blur3,blurred ×3,136.51,184.533,48.0229,110,87.9851,22.0149,6.72893,2.44646,64.2275,-0.0187548,0.0035411
dish_1563565323,blur3,blurred ×3,229.53,217.955,11.5749,152,164.763,12.7632,7.38698,2.21184,53.4799,0.0404891,0.0026312
dish_1562617939,blur3,blurred ×3,234.966,168.473,66.4933,133,135.759,2.75917,6.01926,1.96863,44.3314,0.0149509,0.00237811
dish_1558722207,blur3,blurred ×3,83.2,55.4228,27.7772,160,118.749,41.2514,6.48455,2.20138,52.449,0.0467163,0.00324878
dish_1558635546,blur3,blurred ×3,60.84,92.4246,31.5846,117,153.449,36.4488,7.584,2.26412,55.355,0.0367337,0.00338805
dish_1558639849,blur3,blurred ×3,23.37,53.0224,29.6524,57,40.5465,16.4535,6.62069,2.23897,55.9415,0.0384501,0.00315844
dish_1565020895,blur3,blurred ×3,348.126,294.59,53.5357,416,303.049,112.951,6.39315,1.97536,40.0566,0.00769842,0.00230515
dish_1562963246,blur3,blurred ×3,324.398,235.724,88.6738,122,123.032,1.03152,5.93987,1.54554,28.4728,-0.0432277,0.00497585
dish_1563909550,blur3,blurred ×3,310.32,247.716,62.6032,273,299.54,26.5398,8.67697,2.37693,56.0303,0.0237112,0.00346905
dish_1563998323,blur3,blurred ×3,634.505,509.756,124.749,574,403.901,170.099,7.49452,2.46368,55.3372,0.00415277,0.00421291
dish_1567007783,blur3,blurred ×3,50,122.256,72.2557,106,159.694,53.6941,5.99565,1.87999,34.8229,-0.0556288,0.00322948
dish_1559849020,blur3,blurred ×3,46.23,85.165,38.935,67,96.9398,29.9398,7.14711,1.87446,33.3818,-0.00336128,0.00369647
dish_1557936555,blur3,blurred ×3,149.28,175.133,25.8534,96,133.896,37.8965,6.33361,1.93451,34.11,0.0065012,0.00521783
dish_1562009006,blur3,blurred ×3,470.717,482.165,11.4481,323,362.965,39.9647,6.3842,2.61545,67.9887,0.0330013,0.00269266
dish_1559239151,blur3,blurred ×3,9.2,149.811,140.611,40,122.734,82.7342,5.80361,2.57408,67.8871,0.0260968,0.00348722
dish_1560526490,blur3,blurred ×3,141.673,193.602,51.9297,170,215.407,45.4067,7.20596,2.59172,62.9234,0.0447851,0.00331345
dish_1565811139,blur3,blurred ×3,902.2,386.147,516.053,416,375.931,40.0693,7.66568,3.30271,91.7227,0.0185388,0.00201549
dish_1558635400,blur3,blurred ×3,25,122.127,97.1272,100,99.9881,0.0119225,7.90591,2.38175,57.022,0.0324039,0.00329136
dish_1558461792,blur3,blurred ×3,331,348.683,17.6832,233,274.552,41.5524,7.49579,2.99055,79.6749,0.01785,0.00261378
dish_1565811025,blur3,blurred ×3,361.05,409.271,48.2211,277,374.344,97.3437,6.45554,3.15258,100.591,0.0253257,0.00165774
dish_1560800951,blur3,blurred ×3,102.826,359.89,257.065,168,341.037,173.037,6.96277,2.82336,65.436,0.00996196,0.00170505
dish_1559846688,blur3,blurred ×3,82.8325,125.07,42.2378,73,110.508,37.5077,7.35414,2.0614,41.8526,-0.0189848,0.00366104
dish_1558630207,blur3,blurred ×3,670.596,347.662,322.934,116,117.542,1.54201,7.43912,2.6077,70.2314,0.0120935,0.00292303
dish_1559157454,blur3,blurred ×3,34.5646,40.0045,5.43993,28,42.4655,14.4655,5.9018,2.49332,64.6077,0.0399624,0.00373065
dish_1562876494,blur3,blurred ×3,40.1069,88.7001,48.5931,26,34.7167,8.71666,6.37646,1.67133,30.6057,-0.0338009,0.00409455
dish_1561574479,blur3,blurred ×3,363.614,421.278,57.6639,293,412.382,119.382,6.8257,3.21988,90.477,0.0150403,0.00307382
dish_1561654326,blur3,blurred ×3,59.7926,95.671,35.8784,46,94.305,48.305,7.2276,2.24037,53.0794,0.0264601,0.00279541
dish_1563996441,blur3,blurred ×3,80.2392,161.842,81.6029,65,158.67,93.6696,8.2231,2.23446,58.117,0.0377091,0.00258798
dish_1560801883,blur3,blurred ×3,512.111,517.591,5.4794,315,405.823,90.8232,6.56739,2.76609,69.1805,0.0130949,0.00107884
dish_1560801859,blur3,blurred ×3,428.704,444.46,15.7553,262,286.536,24.5359,7.32854,2.68508,67.9335,0.0087409,0.000934461
dish_1562691064,blur3,blurred ×3,555.304,511.685,43.6189,501,477.558,23.4422,7.10515,2.27314,45.0784,-0.00289214,0.00530801
dish_1558030383,blur3,blurred ×3,140.66,159.744,19.0835,26,17.4346,8.56537,7.10529,2.3707,60.0174,-0.0175713,0.0036104
dish_1563389626,blur3,blurred ×3,498.62,357.318,141.302,360,266.553,93.4466,9.72506,2.31498,49.0094,-0.0127144,0.00172403
dish_1565898331,blur3,blurred ×3,155.993,177.029,21.0361,100,126.604,26.6042,6.71662,1.75504,48.6641,0.0111113,0.00290454
dish_1567007751,blur3,blurred ×3,39.93,110.654,70.7236,87,158.973,71.9732,6.15971,1.87427,34.8355,-0.0531603,0.00336938
dish_1558720097,blur3,blurred ×3,30.34,178.243,147.903,74,105.172,31.172,7.12741,2.4303,64.0216,0.0406423,0.00309214
dish_1558110297,blur3,blurred ×3,29.07,118.879,89.8094,51,99.8363,48.8363,6.59829,2.40749,64.5004,0.00364697,0.00371533
dish_1561574783,blur3,blurred ×3,29.6268,-94.2187,123.845,24,-15.282,39.282,8.45906,2.24313,59.2538,0.00934291,0.00192502
dish_1563220987,blur3,blurred ×3,224.988,229.969,4.98175,110,146.187,36.1875,6.51506,1.49517,32.7358,-0.0160183,0.00552054
dish_1568305198,blur3,blurred ×3,311.354,359.732,48.3781,82,160.169,78.1694,9.29604,1.93527,48.3102,0.0321915,0.00193227
dish_1561405389,blur3,blurred ×3,265.983,385.34,119.356,223,283.306,60.3064,6.45613,2.62704,65.041,-0.0349025,0.00285027
dish_1565638599,blur3,blurred ×3,368.698,340.821,27.8771,279,344.103,65.103,7.8642,2.70998,69.6677,0.0294415,0.00229503
dish_1565986702,blur3,blurred ×3,211.344,267.729,56.385,204,214.412,10.4122,6.60484,2.1332,57.8574,-0.0355263,0.00632389
dish_1559578599,blur3,blurred ×3,229.98,340.947,110.967,193,217.782,24.7815,7.76759,2.64532,69.2841,-0.0400678,0.00147937
dish_1559233715,blur3,blurred ×3,83.6,112.48,28.8803,110,97.8009,12.1991,7.12249,2.32465,56.9916,0.0488987,0.00378491
dish_1559849466,blur3,blurred ×3,467.613,312.974,154.639,262,131.362,130.638,6.80819,2.0342,38.695,-0.0153216,0.00353412
dish_1558630325,blur3,blurred ×3,751.542,381.445,370.097,269,215.205,53.7953,7.68353,3.05834,77.8957,0.0326823,0.00418535
dish_1565035802,blur3,blurred ×3,69.2,279.462,210.262,250,353.336,103.336,7.18162,2.01595,46.8045,0.0129104,0.00182113
dish_1558641253,blur3,blurred ×3,116.71,91.625,25.085,110,70.121,39.879,8.10734,2.27864,54.1587,0.0385331,0.0030097
dish_1560444967,blur3,blurred ×3,197.378,268.709,71.3309,252,350.503,98.5033,7.52099,2.50358,55.2712,0.044076,0.00379066
dish_1559233570,blur3,blurred ×3,16.83,86.6474,69.8174,51,80.1446,29.1446,6.63962,2.25876,59.9737,0.0387031,0.00333858
dish_1565034661,blur3,blurred ×3,219.813,269.044,49.2308,146,263.284,117.284,7.78795,2.07877,43.442,0.0118481,0.00249422
dish_1561663541,blur3,blurred ×3,124.32,135.854,11.5342,112,114.066,2.0662,7.145,1.90894,48.5438,0.00128961,0.00549906
dish_1557937715,blur3,blurred ×3,20.67,97.3477,76.6777,39,177.096,138.096,5.56472,1.87425,36.2878,0.0157204,0.00470427
dish_1566838407,blur3,blurred ×3,358.948,370.189,11.2417,558,431.221,126.779,6.70245,2.27113,46.3409,-0.0151691,0.0023822
dish_1562691000,blur3,blurred ×3,326.622,428.73,102.108,349,420.581,71.5806,6.52979,2.24415,49.7763,-0.0133787,0.00610495
dish_1564427406,blur3,blurred ×3,305.37,269.115,36.2555,135,210.884,75.8835,8.11664,2.8757,89.2388,-0.00710297,0.00237637
dish_1561662814,blur3,blurred ×3,23.2435,61.9916,38.7481,20,78.4751,58.4751,6.0846,1.96944,58.644,-0.0119221,0.000862763
dish_1565638478,blur3,blurred ×3,47.6158,67.0246,19.4088,91,97.1712,6.17119,7.93427,2.15373,61.2946,0.037467,0.0028696
dish_1562690917,blur3,blurred ×3,69.0617,160.111,91.0498,122,179.676,57.6757,5.27296,1.79756,43.7775,-0.0226118,0.00574643
dish_1558549806,blur3,blurred ×3,781.958,504.8,277.158,203,223.317,20.3172,10.2953,3.28447,82.3871,0.0134422,0.00225839
dish_1561578839,blur3,blurred ×3,362.155,369.879,7.72397,214,326.656,112.656,6.21742,3.03579,87.1272,0.0195215,0.00109697
dish_1558376984,blur3,blurred ×3,671.678,418.492,253.186,350,303.248,46.7521,7.52985,3.12687,86.8667,0.0171778,0.00244334
dish_1563996509,blur3,blurred ×3,365.185,378.69,13.5047,316,395.705,79.7051,7.04991,2.62082,70.5824,0.0393175,0.00257951
dish_1558110436,blur3,blurred ×3,85.629,128.928,43.2995,69,26.7729,42.2271,6.03517,2.39423,60.8516,0.00643957,0.00387716
dish_1564686966,blur3,blurred ×3,153.205,199.026,45.8208,65,78.8955,13.8955,7.86573,1.72468,46.689,0.00656223,0.00557017
dish_1562099053,blur3,blurred ×3,98.383,165.318,66.9354,37,91.602,54.602,8.33953,1.53511,30.5636,0.00251245,0.00555407
dish_1563208459,blur3,blurred ×3,186.486,205.836,19.3504,161,220.714,59.7143,6.45824,2.20754,51.2539,-0.0273825,0.00273076
dish_1566850031,blur3,blurred ×3,616.772,475.241,141.531,662,457.359,204.641,6.73041,2.94257,71.0152,-0.0296634,0.00340156
dish_1565711527,blur3,blurred ×3,484.807,468.583,16.2244,302,323.319,21.3191,7.63544,2.21156,46.0989,-0.00139785,0.00254229
dish_1562703382,blur3,blurred ×3,203.87,269.358,65.4878,145,266.101,121.101,6.67573,1.85476,37.1264,0.0197514,0.00256315
dish_1566502437,blur3,blurred ×3,74.564,140.85,66.286,64,118.928,54.9279,5.8419,2.1309,52.7039,0.0112461,0.00176352
dish_1561662842,blur3,blurred ×3,263.125,249.718,13.4072,172,176.802,4.80202,6.21169,2.34411,69.8018,0.00308621,0.000635057
dish_1562691032,blur3,blurred ×3,419.682,441.005,21.3236,415,451.382,36.3824,6.68872,2.38016,55.0168,-0.00637317,0.00593197
dish_1565974409,blur3,blurred ×3,688.65,421.803,266.847,228,181.425,46.5748,7.55691,2.10454,44.0363,-0.0415906,0.00528136
dish_1558372948,blur3,blurred ×3,687.939,320.079,367.86,119,88.5978,30.4022,6.73697,2.5201,68.2455,0.0239367,0.00270887
dish_1560367980,blur3,blurred ×3,421.465,225.39,196.075,254,208.008,45.9923,7.28657,3.10192,92.5306,0.0417476,0.00149569
dish_1560444914,blur3,blurred ×3,62.34,122.988,60.648,166,234.007,68.0068,6.81736,2.12272,43.5547,0.0450466,0.00392656
dish_1557937335,blur3,blurred ×3,47.158,58.4004,11.2424,38,41.8814,3.88139,6.08644,1.96782,41.6564,0.00442493,0.00534358
dish_1563221157,blur3,blurred ×3,418.152,409.088,9.06401,352,358.054,6.05448,6.07348,2.66142,70.8486,-0.0235791,0.00331186
dish_1560526447,blur3,blurred ×3,88.5928,115.061,26.468,70,133.65,63.6499,6.22266,2.51495,61.5963,0.0511281,0.00320467
dish_1562774159,blur3,blurred ×3,90.7635,177.67,86.9063,129,213.537,84.5372,6.48362,1.94636,47.8524,0.0217242,0.0023161
dish_1563998210,blur3,blurred ×3,148.089,177.604,29.5149,91,111.731,20.7306,6.55165,1.39531,23.531,-0.00241524,0.0067647
dish_1565711498,blur3,blurred ×3,246.827,275.8,28.9726,229,215.662,13.3378,8.3465,1.83426,38.808,-0.0126017,0.00287851
dish_1561663606,blur3,blurred ×3,474.503,347.688,126.815,347,288.875,58.1252,8.03182,2.36749,55.2698,7.21216e-05,0.00442149
dish_1558114086,blur3,blurred ×3,74.36,147.838,73.4778,143,140.086,2.91372,6.56758,2.38312,59.6202,-0.0153972,0.00368057
dish_1558630288,blur3,blurred ×3,7.106,-6.27338,13.3794,11,-6.25421,17.2542,6.50828,2.54106,67.956,0.0268905,0.0028667
dish_1563984167,blur3,blurred ×3,291.68,396.041,104.361,608,532.137,75.8626,8.48899,2.1367,42.8725,0.0238441,0.0031829
dish_1566416701,blur3,blurred ×3,198.537,309.912,111.375,122,229.723,107.723,6.7269,2.11383,49.4776,-0.0309011,0.0052307
dish_1560801797,blur3,blurred ×3,25.6557,121.571,95.9154,96,78.4138,17.5862,6.87937,2.12852,46.9667,0.0232379,0.000870888
dish_1562172643,blur3,blurred ×3,734.27,507.344,226.926,457,436.319,20.6807,8.89559,2.39416,57.4549,0.0198638,0.00210926
dish_1565117463,blur3,blurred ×3,435.313,427.053,8.25969,248,286.125,38.125,7.37627,2.71689,67.8365,0.0315495,0.00441754
dish_1561741063,blur3,blurred ×3,132.3,189.418,57.1185,135,168.255,33.2549,8.53735,2.11076,48.8556,-0.02015,0.00405358
dish_1568401233,blur3,blurred ×3,490.393,447.068,43.3254,418,361.852,56.1483,7.64773,2.29708,43.8348,0.0155776,0.0051177
dish_1565898432,blur3,blurred ×3,450.225,328.095,122.13,282,297.422,15.4219,8.23908,3.07225,83.0732,-0.00180101,0.0022623
dish_1565035746,blur6,blurred ×6,43.1,141.21,98.1105,149,233.048,84.0478,6.79521,1.18676,14.9886,-0.00084132,0.00447216
dish_1558639818,blur6,blurred ×6,20.06,115.249,95.1885,59,86.636,27.636,7.57653,1.48396,27.0242,0.00470901,0.00341018
dish_1558549605,blur6,blurred ×6,97.5,139.295,41.7954,75,155.972,80.9718,6.46152,1.48436,24.8075,0.0148224,0.00325657
dish_1561663580,blur6,blurred ×6,432.063,288.025,144.038,307,225.906,81.0938,7.17047,1.49494,21.7994,-0.00421107,0.00503069
dish_1565898402,blur6,blurred ×6,384.799,286.465,98.3342,229,243.385,14.3854,8.63172,1.59333,28.1104,-0.0130272,0.00240095
dish_1566328724,blur6,blurred ×6,275.55,288.075,12.5255,167,205.291,38.2907,8.02293,1.45533,17.8437,-0.00920469,0.00859306
dish_1566838351,blur6,blurred ×6,190.01,302.887,112.877,417,320.705,96.2949,7.33006,1.41166,17.7239,0.00259781,0.00345231
dish_1567107839,blur6,blurred ×6,174.284,186.944,12.6593,156,156.035,0.0350798,8.51386,1.26878,20.5304,0.00114846,0.0068019
dish_1558639787,blur6,blurred ×6,24.75,224.761,200.011,99,202.71,103.71,7.79184,1.54827,27.2768,0.00754881,0.00414631
dish_1562788601,blur6,blurred ×6,413.17,432.731,19.561,287,337.004,50.0035,7.13969,1.34926,16.0752,0.00755668,0.00331381
dish_1560456326,blur6,blurred ×6,206.873,237.439,30.5665,138,197.2,59.1999,8.13303,1.49569,24.0466,-0.00422037,0.00360553
dish_1564427430,blur6,blurred ×6,345.62,245.842,99.7783,170,191.261,21.2608,7.76574,1.67692,32.0623,-0.00724119,0.0024901
dish_1565896662,blur6,blurred ×6,19.38,128.586,109.206,57,135.738,78.7377,6.88193,1.17265,24.6711,-0.0106468,0.00440333
dish_1566414342,blur6,blurred ×6,846.367,521.032,325.335,552,454.772,97.2277,7.76087,1.51752,19.7701,-0.000694871,0.00328322
dish_1562617703,blur6,blurred ×6,179.63,240.154,60.5242,110,226.972,116.972,7.8211,1.29165,17.0677,0.00530946,0.00311154
dish_1565020926,blur6,blurred ×6,398.496,401.883,3.38663,489,387.236,101.764,7.19542,1.47969,18.0509,0.0125716,0.00216005
dish_1564689168,blur6,blurred ×6,352.947,432.113,79.1655,339,407.868,68.8684,7.65248,1.60203,27.3555,0.0059104,0.00249858
dish_1560456348,blur6,blurred ×6,210.283,261.588,51.3048,149,220.353,71.3529,8.48583,1.56047,27.1116,0.00779164,0.00386835
dish_1558641287,blur6,blurred ×6,11.52,73.953,62.433,64,120.247,56.2471,6.28178,1.50971,29.2051,0.0111864,0.00293113
dish_1558373008,blur6,blurred ×6,251.558,256.679,5.12116,73,104.897,31.8967,6.66477,1.48392,30.7468,0.00991786,0.00285081
dish_1561577947,blur6,blurred ×6,623.204,346.552,276.652,424,328.7,95.3002,7.50627,1.92911,42.9375,0.00634623,0.00437318
dish_1558639440,blur6,blurred ×6,60.32,93.9675,33.6475,116,140.738,24.7384,6.12369,1.46447,27.7281,0.0101825,0.00314378
dish_1565894889,blur6,blurred ×6,257.813,226.945,30.8682,74,150.756,76.7559,7.92776,1.30431,15.5715,0.00762093,0.00364408
dish_1561147944,blur6,blurred ×6,42.371,176.756,134.385,34,192.63,158.63,8.35565,1.50917,18.4302,-0.00176764,0.00368168
dish_1557937079,blur6,blurred ×6,146.07,202.684,56.6144,27,155.511,128.511,7.27546,1.5258,19.4552,-0.000743151,0.00632776
dish_1558641320,blur6,blurred ×6,211.59,157.006,54.5835,336,231.555,104.445,7.33441,1.80619,31.9708,0.00838923,0.00468218
dish_1567007848,blur6,blurred ×6,100.3,283.643,183.343,243,342.31,99.3101,7.54618,1.53302,16.985,-0.0156523,0.00406443
dish_1565810969,blur6,blurred ×6,4.6,190.462,185.862,20,251.542,231.542,8.8806,1.61036,33.794,0.00298727,0.00160325
dish_1562168800,blur6,blurred ×6,237.525,314.318,76.7935,242,335.598,93.5976,7.13663,1.58983,25.4534,0.00377297,0.00193448
dish_1564687046,blur6,blurred ×6,374.794,273.11,101.684,308,277.287,30.713,8.89218,1.58063,26.0219,0.00614989,0.0037441
dish_1563221054,blur6,blurred ×6,298.878,323.902,25.024,170,273.527,103.527,6.64037,1.3896,29.0303,-0.0110689,0.00523384
dish_1565898361,blur6,blurred ×6,370.671,303.886,66.7858,202,224.47,22.4697,8.78173,1.46263,25.9046,-0.00911957,0.00264828
dish_1560367926,blur6,blurred ×6,408.523,336.367,72.1558,194,243.418,49.4181,8.1955,1.6321,31.3756,0.00448787,0.00195012
dish_1560444869,blur6,blurred ×6,14.04,131.986,117.946,39,172.485,133.485,10.5087,1.17905,15.7229,0.00233781,0.00379945
dish_1559850283,blur6,blurred ×6,271.707,206.263,65.4442,47,108.752,61.7517,7.15694,1.41013,18.6044,-0.00538301,0.00451926
dish_1566502505,blur6,blurred ×6,454.517,422.496,32.0218,275,323.95,48.9502,7.69287,1.68437,26.214,0.000853419,0.00216771
dish_1565811091,blur6,blurred ×6,504.4,444.841,59.5592,371,418.317,47.3171,7.6861,1.82515,39.3041,0.00766146,0.00234684
dish_1561739265,blur6,blurred ×6,292.04,307.82,15.7798,308,348.451,40.4513,7.65634,1.56337,24.3824,-0.0121098,0.000395906
dish_1558373159,blur6,blurred ×6,1013.34,441.607,571.73,334,309.184,24.8165,7.75374,1.71184,36.8724,0.0101175,0.00254919
dish_1565035830,blur6,blurred ×6,340.128,430.925,90.7967,414,515.356,101.356,6.91197,1.62241,33.7905,-0.00258934,0.00266172
dish_1562788568,blur6,blurred ×6,289.203,299.997,10.7934,230,266.845,36.8452,7.45888,1.31191,16.1766,0.00568521,0.00313735
dish_1558376483,blur6,blurred ×6,735.03,513.864,221.166,270,375.25,105.25,8.10449,1.92057,38.1483,0.00811899,0.00318645
dish_1561739160,blur6,blurred ×6,34.77,235.853,201.083,61,223.198,162.198,6.37973,1.28845,19.0828,-0.00610626,0.000548058
dish_1558549773,blur6,blurred ×6,2.3,94.2222,91.9222,10,107.207,97.2068,6.98186,1.45516,29.0778,0.00974441,0.00301483
dish_1561574394,blur6,blurred ×6,61.5024,201.628,140.125,82,223.575,141.575,7.69083,1.50821,30.3501,0.00785649,0.00188945
dish_1558461760,blur6,blurred ×6,10.98,83.4969,72.5169,61,82.646,21.646,7.02121,1.46198,29.1197,0.00739622,0.00305917
dish_1563909469,blur6,blurred ×6,72.4028,122.751,50.3483,64,145.701,81.701,7.3636,1.27248,25.292,-0.00190276,0.00583008
dish_1558376938,blur6,blurred ×6,51.06,207.43,156.37,74,129.681,55.6812,6.00086,1.51535,31.9401,0.0092386,0.00252089
dish_1565986733,blur6,blurred ×6,387.929,301.547,86.3825,287,247.849,39.1511,7.16387,1.32242,22.9139,-0.00517809,0.00801887
dish_1558639555,blur6,blurred ×6,156.049,257.003,100.954,320,227.787,92.2127,8.20664,1.95321,36.4733,0.00522327,0.00246093
dish_1558546558,blur6,blurred ×6,254.364,250.868,3.49592,44,56.13,12.13,6.68152,1.51014,31.1399,0.00413287,0.00306572
dish_1563984242,blur6,blurred ×6,402.117,478.518,76.401,753,542.611,210.389,8.58009,1.65382,22.1004,-0.00165522,0.00325865
dish_1559849097,blur6,blurred ×6,495.928,345.243,150.685,325,312.475,12.5248,7.12413,1.47954,20.0554,-0.00291109,0.00398628
dish_1563566965,blur6,blurred ×6,370.827,414.844,44.0168,286,405.329,119.329,6.67749,1.70339,31.8791,0.000438213,0.00245441
dish_1566849895,blur6,blurred ×6,112.31,318.304,205.994,153,292.128,139.128,9.42273,1.63591,19.357,-0.00170666,0.00393091
dish_1559157919,blur6,blurred ×6,37.0946,164.906,127.811,39,188.785,149.785,7.16122,1.66979,37.3378,0.0101064,0.00521216
dish_1558113477,blur6,blurred ×6,289.05,243.302,45.7485,50,73.219,23.219,7.20437,1.49046,30.5766,0.00680971,0.00352909
dish_1559238993,blur6,blurred ×6,61.56,214.24,152.68,108,143.868,35.8683,7.10136,1.53607,32.4228,0.00589466,0.00369228
dish_1562788506,blur6,blurred ×6,114.588,88.7683,25.8197,108,89.1206,18.8794,7.79566,0.928875,10.692,0.00916255,0.00584225
dish_1562774129,blur6,blurred ×6,73.0835,213.508,140.424,77,226.312,149.312,7.17399,1.25031,22.2178,-0.00785983,0.00309366
dish_1559578551,blur6,blurred ×6,124.43,195.001,70.5711,23,-0.150009,23.15,7.40537,1.45978,24.7555,-0.0134156,0.00124999
dish_1562788536,blur6,blurred ×6,245.132,254.129,8.99685,190,205.171,15.1712,7.23578,1.22608,14.9381,0.0111583,0.00326937
dish_1559233756,blur6,blurred ×6,189.85,284.893,95.0426,222,261.354,39.3542,7.54503,1.7152,34.9399,0.00433302,0.00453136
dish_1564428181,blur6,blurred ×6,510.051,401.433,108.617,320,335.891,15.8914,8.32099,1.56145,36.3569,-0.0116893,0.00154376
dish_1565118729,blur6,blurred ×6,435.493,338.846,96.6474,248,230.951,17.0494,6.78079,1.29402,24.7845,-0.0117824,0.00332499
dish_1568305225,blur6,blurred ×6,428.668,402.584,26.0841,144,268.884,124.884,8.30022,1.52896,26.2457,-0.000223398,0.00235893
dish_1566414291,blur6,blurred ×6,345.142,369.097,23.955,244,289.18,45.1803,6.90398,1.40005,20.196,-0.00722677,0.00370006
dish_1561661347,blur6,blurred ×6,50.67,252.483,201.813,132,256.647,124.647,7.7845,1.42466,28.5079,-0.0171132,0.0026004
dish_1566501575,blur6,blurred ×6,251.694,305.944,54.2499,54,260.982,206.982,8.86541,1.68643,23.7109,0.00109005,0.00347444
dish_1563218408,blur6,blurred ×6,245.34,278.202,32.8617,87,192.979,105.979,8.81043,1.65078,24.2907,0.0042423,0.00272639
dish_1561661377,blur6,blurred ×6,306.334,386.552,80.2182,294,346.334,52.3343,7.32865,1.54321,27.1142,-0.00993431,0.00256334
dish_1558639876,blur6,blurred ×6,68.18,378.388,310.208,215,345.62,130.62,9.14842,1.99322,41.6899,0.00463831,0.00284144
dish_1566849862,blur6,blurred ×6,77.05,167.176,90.126,67,164.697,97.6971,9.38324,1.58551,22.7585,-0.00104445,0.00346636
dish_1566502573,blur6,blurred ×6,821.51,600.871,220.639,487,499.469,12.4693,8.15239,1.82571,27.7017,0.00306928,0.00257068
dish_1562009810,blur6,blurred ×6,119.88,132.342,12.4624,108,139.784,31.7837,8.82738,1.19398,21.5058,-0.00789279,0.0052339
dish_1564675411,blur6,blurred ×6,235.531,430.614,195.083,308,310.361,2.3613,7.86639,1.52455,26.0283,0.00707984,0.00340121
dish_1560203424,blur6,blurred ×6,451.754,310.225,141.529,138,175.358,37.3579,6.29654,1.66094,23.3877,-0.00371218,0.00125374
dish_1562790824,blur6,blurred ×6,437.072,358.534,78.5377,368,285.335,82.665,7.61184,1.41668,18.4915,0.000564814,0.00306177
dish_1558030289,blur6,blurred ×6,38.52,110.479,71.9593,107,167.986,60.9863,7.08029,1.4872,26.5575,0.00334418,0.00380279
dish_1560444985,blur6,blurred ×6,198.938,289.102,90.1642,264,346.427,82.4269,7.52414,1.73407,23.2469,0.00100601,0.00391329
dish_1563984140,blur6,blurred ×6,245.44,278.021,32.5807,472,328.429,143.571,8.66189,1.36898,17.2353,-0.00148046,0.00484224
dish_1561662160,blur6,blurred ×6,41.8383,180.276,138.438,36,142.059,106.059,7.37727,1.33504,22.7601,-0.0146735,0.0017626
dish_1558641164,blur6,blurred ×6,80.08,143.339,63.2586,154,209.285,55.2849,7.23221,1.45435,27.0623,0.00355268,0.0033185
dish_1558110335,blur6,blurred ×6,37.87,137.807,99.9372,7,68.3465,61.3465,6.16661,1.42613,28.6741,0.00761116,0.00332227
dish_1565811061,blur6,blurred ×6,380.32,333.118,47.2017,324,324.836,0.835737,7.24548,1.78324,35.9642,0.00169241,0.00191912
dish_1559844490,blur6,blurred ×6,108.36,280.633,172.273,180,195.328,15.3284,6.63114,1.56143,19.6068,-0.00135082,0.00399702
dish_1562786103,blur6,blurred ×6,93.081,219.417,126.336,57,223.052,166.052,8.09472,1.27433,14.4491,0.00334525,0.00317954
dish_1563897087,blur6,blurred ×6,102.44,295.316,192.876,231,262.103,31.103,7.34161,1.30454,15.8542,-0.00647533,0.00260565
dish_1566590007,blur6,blurred ×6,740.762,358.987,381.775,457,295.681,161.319,8.77911,1.69028,26.0469,-0.0107042,0.00433943
dish_1560975517,blur6,blurred ×6,42.39,209.625,167.235,99,242.953,143.953,7.15637,1.5867,19.818,0.00369668,0.00502109
dish_1557936645,blur6,blurred ×6,11.88,180.993,169.113,36,129.033,93.0325,7.47235,1.44708,19.2245,0.00818908,0.00565153
dish_1565020796,blur6,blurred ×6,90.6,215.756,125.156,99,203.538,104.538,7.52041,1.22327,13.9166,0.0107484,0.00477326
dish_1559578579,blur6,blurred ×6,142.58,269.407,126.827,78,118.94,40.9403,6.76936,1.58886,31.1812,-0.00476766,0.00124395
dish_1557862783,blur6,blurred ×6,442.98,390.92,52.0601,258,319.273,61.2733,7.41915,1.62203,24.1868,0.0105183,0.00790129
dish_1560975601,blur6,blurred ×6,233.936,365.876,131.941,253,407.065,154.065,7.63109,1.85017,28.7988,0.00423324,0.00449319
dish_1560367952,blur6,blurred ×6,414.733,290.587,124.147,221,297.022,76.0217,7.29148,1.86948,37.3527,0.00448096,0.00182358
dish_1563565454,blur6,blurred ×6,350.789,275.612,75.1769,322,317.228,4.77204,6.79867,1.5741,28.5383,0.000578165,0.00250182
dish_1562703408,blur6,blurred ×6,311.209,239.387,71.8218,196,212.095,16.0946,7.44329,1.45795,17.5032,0.0020467,0.00288158
dish_1564689138,blur6,blurred ×6,268.267,326.157,57.8898,223,303.686,80.686,7.00571,1.48144,24.7313,0.000573158,0.00263704
dish_1563221086,blur6,blurred ×6,328.278,364.563,36.2858,254,351.221,97.2213,7.73661,1.5894,29.7636,-0.00388145,0.00448899
dish_1567007814,blur6,blurred ×6,73,201.521,128.521,152,233.664,81.6636,7.93999,1.52102,16.5912,-0.00824296,0.00444506
dish_1565896701,blur6,blurred ×6,294.473,288.403,6.07025,184,256.791,72.7908,7.71784,1.17547,16.7747,-0.00808913,0.00332416
dish_1557937615,blur6,blurred ×6,6.93,133.762,126.832,21,126.488,105.488,7.12103,1.36799,17.76,0.0046047,0.00507541
dish_1564427455,blur6,blurred ×6,354.26,280.393,73.8672,218,241.822,23.8225,7.82453,1.73858,30.9017,-0.0094527,0.00202498
dish_1564588859,blur6,blurred ×6,183.586,275.691,92.1043,257,265.063,8.06322,8.39123,1.26373,12.1326,0.00907803,0.00532129
dish_1561577848,blur6,blurred ×6,413.348,319.301,94.047,254,240.51,13.4901,7.61371,1.43787,26.8474,0.00512278,0.00372182
dish_1563389600,blur6,blurred ×6,451.428,309.708,141.72,264,219.226,44.7745,8.39898,1.55471,22.9451,0.00152481,0.00229546
dish_1566316726,blur6,blurred ×6,409.523,412.958,3.43503,685,486.006,198.994,8.01121,1.62651,20.3411,-0.00190389,0.00240785
dish_1562776465,blur6,blurred ×6,173.432,264.851,91.4187,212,236.177,24.177,6.2565,1.46157,22.0077,-0.00445175,0.00295833
dish_1568401261,blur6,blurred ×6,530.393,386.01,144.384,443,369.939,73.0615,7.52543,1.63758,18.0806,0.000380874,0.00524908
dish_1559841950,blur6,blurred ×6,11.2,83.8112,72.6112,32,119.809,87.8094,8.29533,1.33984,16.2926,-0.00109768,0.00412848
dish_1558375667,blur6,blurred ×6,687.939,298.015,389.924,119,123.098,4.09777,8.03222,1.5249,32.63,0.0110484,0.00242876
dish_1558639482,blur6,blurred ×6,30.769,70.2815,39.5125,29,42.2854,13.2854,7.80783,1.40499,25.4406,0.0040499,0.00314416
dish_1566328805,blur6,blurred ×6,927.81,566.185,361.625,488,465.169,22.8313,7.3724,1.87186,25.6295,0.00318646,0.00695755
dish_1558114145,blur6,blurred ×6,57.27,243.449,186.179,83,166.615,83.6147,5.61485,1.50474,32.876,0.00823307,0.00360428
dish_1562700593,blur6,blurred ×6,385.774,479.433,93.659,384,387.492,3.49216,8.47184,1.63711,27.5432,0.00107896,0.00289646
dish_1557937574,blur6,blurred ×6,5.59,177.93,172.34,13,168.249,155.249,8.98347,1.33021,17.4816,0.00736499,0.00462611
dish_1561661324,blur6,blurred ×6,33,185.67,152.67,75,189.223,114.223,7.27539,1.24151,23.7584,-0.0171922,0.00407088
dish_1564588820,blur6,blurred ×6,81.12,204.508,123.388,156,211.281,55.2805,8.29344,1.19178,10.0653,-0.00435495,0.00675013
dish_1566414225,blur6,blurred ×6,125.182,214.486,89.3043,88,168.455,80.4549,6.73576,1.17184,18.3534,-0.0157163,0.00480055
dish_1568305257,blur6,blurred ×6,837.148,478.924,358.224,420,406.664,13.336,8.13411,1.62766,25.8076,-0.000441551,0.00275086
dish_1564773826,blur6,blurred ×6,10.08,88.4826,78.4026,56,80.6939,24.6939,8.96117,1.22237,23.8654,-0.00804174,0.00192875
dish_1562700496,blur6,blurred ×6,31,44.1182,13.1182,124,89.9344,34.0656,9.16505,1.07422,18.9971,-0.0121235,0.00479829
dish_1566850099,blur6,blurred ×6,113.058,266.085,153.027,112,259.468,147.468,7.82877,1.38377,18.5865,-0.00200957,0.003999
dish_1560975628,blur6,blurred ×6,348.273,452.925,104.652,296,471.013,175.013,8.16905,1.90357,28.8169,0.00356829,0.00555985
dish_1558461431,blur6,blurred ×6,1.15,78.9897,77.8397,5,99.5254,94.5254,7.07212,1.4668,30.8132,0.00941133,0.00289059
dish_1558635618,blur6,blurred ×6,220.254,321.384,101.13,334,339.488,5.48774,8.18918,1.98485,41.7448,0.00470626,0.0032638
dish_1561148021,blur6,blurred ×6,361.765,377.983,16.2181,216,326.371,110.371,7.33052,1.87505,30.0996,-0.00416309,0.00387773
dish_1566328745,blur6,blurred ×6,282.03,302.356,20.3255,203,298.757,95.7574,7.54131,1.58771,23.0006,-0.00549549,0.00762882
dish_1558373074,blur6,blurred ×6,73.84,88.3826,14.5426,142,128.511,13.4888,6.53613,1.45479,25.8161,0.0106173,0.00247582
dish_1561662869,blur6,blurred ×6,284.346,245.396,38.9494,192,185.128,6.87221,7.41367,1.40734,29.1084,-0.0100735,0.000808755
dish_1558544663,blur6,blurred ×6,141.44,226.693,85.253,208,173.179,34.8212,7.62042,1.40855,27.3365,0.00620115,0.00393872
dish_1564588919,blur6,blurred ×6,335.944,379.801,43.8571,452,387.436,64.5641,8.11353,1.42102,15.6042,0.0129855,0.00306212
dish_1563909580,blur6,blurred ×6,544.312,472.828,71.4839,361,407.824,46.8244,9.06353,1.69934,26.6702,0.00475943,0.00418004
dish_1565894858,blur6,blurred ×6,132.84,191.188,58.3484,27,183.125,156.125,8.39681,1.21386,14.4716,-0.00374591,0.00379295
dish_1564689078,blur6,blurred ×6,72.3608,82.4039,10.0431,55,71.1884,16.1884,7.18185,1.06535,21.0436,-0.00386417,0.00358696
dish_1566414412,blur6,blurred ×6,920.12,445.585,474.535,658,402.339,255.661,8.67863,1.62979,21.5997,-0.00079459,0.00378946
dish_1566502537,blur6,blurred ×6,517.644,487.524,30.12,315,398.868,83.8683,7.47711,1.7164,27.694,-0.000442863,0.00228163
dish_1558718587,blur6,blurred ×6,10.25,160.458,150.208,41,142.634,101.634,7.32743,1.44995,25.5624,0.00831568,0.00330155
dish_1563551164,blur6,blurred ×6,339.756,420.957,81.2009,270,376.261,106.261,8.47307,1.32431,18.9107,-0.0131574,0.00317505
dish_1558720236,blur6,blurred ×6,887.823,374.96,512.864,407,379.731,27.2688,7.76883,1.85682,32.7382,0.0101173,0.00458855
dish_1562776497,blur6,blurred ×6,291.832,332.754,40.921,292,286.981,5.01919,6.4783,1.5298,25.3318,0.00234604,0.00343506
dish_1563565289,blur6,blurred ×6,93.368,228.452,135.084,88,223.131,135.131,8.37341,1.34407,21.0993,0.00179589,0.0041769
dish_1559849412,blur6,blurred ×6,352.641,242.624,110.017,61,95.1988,34.1988,6.35204,1.37817,18.1796,-0.00433969,0.00422411
dish_1559934477,blur6,blurred ×6,25.08,202.827,177.747,57,170.703,113.703,6.88008,1.51598,18.8591,-0.00357836,0.00123155
dish_1557936599,blur6,blurred ×6,22.05,115.16,93.1101,63,148.743,85.7432,6.38346,1.50337,21.0494,0.0121409,0.00500809
dish_1563565354,blur6,blurred ×6,272.315,292.995,20.6801,193,289.567,96.5668,7.56534,1.49331,23.6056,0.00479984,0.00378132
dish_1561405411,blur6,blurred ×6,332.063,385.022,52.9582,282,351.553,69.5531,7.85386,1.76546,27.9359,0.000880957,0.00269472
dish_1566502472,blur6,blurred ×6,132.919,221.783,88.8643,119,211.532,92.5325,6.6521,1.50623,23.0717,-0.00601184,0.00235499
dish_1566838317,blur6,blurred ×6,114.2,297.172,182.972,284,206.702,77.2985,7.84063,1.42918,16.3217,-0.00454926,0.00492226
dish_1565123881,blur6,blurred ×6,406.822,413.207,6.38489,515,376.012,138.988,7.62185,1.6451,25.8881,0.0053184,0.00419972
dish_1563551134,blur6,blurred ×6,246.92,187.633,59.2869,173,234.94,61.94,9.66902,1.22915,16.8813,-0.00292009,0.00372456
dish_1558718906,blur6,blurred ×6,282.58,326.556,43.9764,247,228.412,18.5882,8.94426,1.97599,39.9465,0.00518477,0.00343832
dish_1562963289,blur6,blurred ×6,349.918,314.475,35.443,180,247.939,67.9392,7.03696,1.32212,14.6345,-0.00217623,0.00494823
dish_1562790775,blur6,blurred ×6,75.6863,209.261,133.575,40,217.593,177.593,7.76899,1.16991,15.9738,0.00539577,0.00385613
dish_1560801041,blur6,blurred ×6,432.244,519.212,86.9677,292,414.642,122.642,8.2912,1.85181,31.1659,0.000870824,0.00184456
dish_1565123816,blur6,blurred ×6,250.917,150.454,100.462,110,100.45,9.55028,8.76843,1.0553,11.4932,-0.00584775,0.00631363
dish_1558031351,blur6,blurred ×6,12.3,132.955,120.655,41,139.666,98.666,6.67765,1.45742,27.4365,0.00796044,0.00340193
dish_1559841979,blur6,blurred ×6,39.29,78.2681,38.9781,85,115.195,30.1954,7.65592,1.37532,16.089,-0.0139437,0.00407649
dish_1560203400,blur6,blurred ×6,293.28,232.046,61.2338,104,138.579,34.5792,6.12288,1.60596,21.4723,0.00178719,0.00120806
dish_1563294987,blur6,blurred ×6,97.38,166.715,69.3349,18,140.838,122.838,6.39005,1.54339,22.0488,-0.00467652,0.00166549
dish_1563208412,blur6,blurred ×6,62.4,148.182,85.7819,39,106.948,67.9481,7.27756,1.35703,18.4314,-0.015417,0.00538109
dish_1557862696,blur6,blurred ×6,19.25,169.246,149.996,77,161.456,84.4559,8.50941,1.3909,17.3987,0.0119332,0.00794435
dish_1561739212,blur6,blurred ×6,134.01,286.5,152.49,214,276.067,62.067,8.01508,1.55083,22.475,-0.00195867,0.000423109
dish_1564675380,blur6,blurred ×6,87.331,280.323,192.992,23,150.273,127.273,8.35993,1.28127,20.6896,-0.00213933,0.00337444
dish_1564773903,blur6,blurred ×6,316.828,240.739,76.0888,336,317.283,18.7172,7.9071,1.48654,24.2127,-0.0014326,0.00193553
dish_1558376768,blur6,blurred ×6,74.36,128.109,53.7492,143,174.102,31.1017,7.16185,1.46804,26.7659,0.00510633,0.00268931
dish_1563897047,blur6,blurred ×6,66.04,258.929,192.889,127,276.502,149.502,7.34424,1.30174,13.5391,-0.00564271,0.00337899
dish_1562172561,blur6,blurred ×6,150.8,250.423,99.6227,290,284.639,5.36128,8.95567,1.32199,15.9265,-0.00355262,0.00512804
dish_1563551194,blur6,blurred ×6,471.644,483.893,12.2495,400,411.874,11.8743,8.56541,1.41738,21.2797,-0.000727534,0.00270854
dish_1558113430,blur6,blurred ×6,7.84,249.161,241.321,28,219.525,191.525,6.77281,1.52982,33.0658,0.00987613,0.00340829
dish_1565035774,blur6,blurred ×6,57.5,223.97,166.47,185,268.906,83.9062,6.94403,1.24035,17.2498,-0.00631726,0.00373899
dish_1563551105,blur6,blurred ×6,194.4,134.329,60.0707,72,140.093,68.0927,9.24565,1.04364,14.9379,-0.00319582,0.00492595
dish_1566850142,blur6,blurred ×6,464.951,458.661,6.28977,284,367.903,83.9035,6.86373,1.50668,18.1857,-0.00954992,0.00348835
dish_1561574368,blur6,blurred ×6,22,186.788,164.788,50,172.53,122.53,8.98879,1.3242,22.5813,0.00556874,0.00167626
dish_1562085672,blur6,blurred ×6,122.084,245.863,123.779,46,177.257,131.257,8.8345,1.30411,22.0162,-0.0125796,0.00265585
dish_1560526472,blur6,blurred ×6,113.673,242.696,129.023,114,291.559,177.559,7.14744,1.68646,26.68,-0.00116611,0.00327983
dish_1566328776,blur6,blurred ×6,901.81,516.285,385.525,436,431.938,4.06216,6.94295,1.83581,25.0337,-0.00386178,0.00658001
dish_1566501594,blur6,blurred ×6,508.049,299.029,209.02,109,226.578,117.578,8.61779,1.62879,24.006,-0.00431055,0.00314472
dish_1560368019,blur6,blurred ×6,436.966,357.976,78.9901,301,355.976,54.9762,7.48266,2.08203,44.3138,0.00984883,0.00141641
dish_1561393764,blur6,blurred ×6,280.8,317.714,36.914,182,232.416,50.4163,7.36499,1.63454,28.8274,0.00147188,0.00296492
dish_1558641200,blur6,blurred ×6,3.28,56.7145,53.4345,8,112.027,104.027,6.69676,1.42665,27.7677,0.00708675,0.00303867
dish_1558639412,blur6,blurred ×6,32.98,128.115,95.135,97,88.1874,8.8126,7.11716,1.50669,26.6101,0.01006,0.00344242
dish_1565123783,blur6,blurred ×6,93.065,147.71,54.6451,35,98.2448,63.2448,9.11537,0.940888,10.3227,0.00379932,0.00719626
dish_1559157777,blur6,blurred ×6,2.53,121.877,119.347,11,146.263,135.263,7.41522,1.5625,34.9614,0.00906682,0.00384729
dish_1567785739,blur6,blurred ×6,168.576,281.413,112.836,177,271.627,94.6268,7.08933,1.56504,21.8602,0.00901771,0.0025336
dish_1564588889,blur6,blurred ×6,234.494,286.11,51.6157,346,326.864,19.1356,8.12026,1.3129,14.4871,0.0153769,0.00333115
dish_1561667207,blur6,blurred ×6,249.445,253.727,4.28207,121,202.111,81.1107,6.95275,1.38896,20.0085,-0.0113193,0.00189398
dish_1559850314,blur6,blurred ×6,296.617,231.519,65.0978,100,125.177,25.1773,6.79919,1.39369,18.569,-0.00320262,0.00444885
dish_1559233445,blur6,blurred ×6,24.5,96.377,71.877,49,79.3011,30.3011,7.28853,1.3641,24.2728,0.00638604,0.0037092
dish_1558030182,blur6,blurred ×6,67.76,139.099,71.3389,88,125.303,37.3029,6.74972,1.45099,27.3742,0.0104182,0.00415108
dish_1567007719,blur6,blurred ×6,14.28,112.732,98.4524,42,94.3528,52.3528,6.94843,1.36974,13.7688,-0.0120453,0.00571628
dish_1567785709,blur6,blurred ×6,131.251,255.796,124.546,138,238.744,100.744,6.71327,1.53279,21.0215,0.00611651,0.00258968
dish_1558546434,blur6,blurred ×6,2.53,164.019,161.489,11,129.042,118.042,6.12847,1.51619,31.2128,0.0115762,0.00278136
dish_1560801773,blur6,blurred ×6,13.5,127.373,113.873,54,90.8303,36.8303,7.65404,1.1851,19.2312,0.00857031,0.000926142
dish_1561662926,blur6,blurred ×6,288.336,292.456,4.1202,213,256.954,43.9537,6.98075,1.50032,29.6273,-0.00876409,0.000756704
dish_1565035858,blur6,blurred ×6,375.228,445.002,69.7743,531,556.609,25.6093,6.92852,1.65307,26.7755,-0.000220299,0.00295009
dish_1565030391,blur6,blurred ×6,609.334,288.152,321.182,313,275.064,37.9364,7.34293,1.611,27.7679,0.00839913,0.00307961
dish_1562774099,blur6,blurred ×6,51.9935,107.984,55.9905,40,135.101,95.1009,6.74181,1.20459,21.7174,-0.00541681,0.00326885
dish_1560801020,blur6,blurred ×6,346.34,452.237,105.897,250,395.462,145.462,8.59342,1.83739,31.3755,-0.000101984,0.00184588
dish_1562690886,blur6,blurred ×6,20.6117,107.642,87.0304,37,90.2081,53.2081,6.87942,1.03314,17.8389,-0.00870776,0.0078232
dish_1564428144,blur6,blurred ×6,205.213,218.819,13.6064,171,163.768,7.23213,8.77438,1.29822,20.1578,-0.020058,0.0019849
dish_1560456305,blur6,blurred ×6,26.3916,152.898,126.506,21,119.211,98.2109,9.10931,1.34692,18.6747,-0.00930518,0.00282484
dish_1565117429,blur6,blurred ×6,390.873,331.383,59.4897,147,201.712,54.712,7.55614,1.50583,24.6148,-0.00520885,0.00557148
dish_1564773876,blur6,blurred ×6,258.328,172.235,86.093,219,197.786,21.2141,7.24241,1.39079,24.3333,-0.0100527,0.0017796
dish_1560526552,blur6,blurred ×6,359.241,412.287,53.0466,319,397.101,78.101,8.26416,1.89541,32.1189,-0.00107169,0.00367654
dish_1560526408,blur6,blurred ×6,67.0982,159.363,92.2648,51,154.957,103.957,7.91301,1.53299,23.1607,0.00636423,0.00315171
dish_1562963325,blur6,blurred ×6,760.162,499.858,260.304,379,428.212,49.2123,7.5038,1.51235,15.2873,-0.00400394,0.00444047
dish_1557937037,blur6,blurred ×6,25.97,178.592,152.622,49,133.119,84.1185,6.8369,1.49136,20.0718,0.0060724,0.00555195
dish_1561662216,blur6,blurred ×6,300.794,352.984,52.1899,193,292.453,99.4532,7.36496,1.57972,28.2822,-0.0165875,0.00145535
dish_1562099134,blur6,blurred ×6,271.641,271.831,0.189379,188,253.681,65.6813,7.67722,1.39432,16.4595,0.00137472,0.00310256
dish_1562008936,blur6,blurred ×6,57.64,166.957,109.317,131,144.799,13.7988,7.55382,1.33545,21.4842,-0.00809181,0.00329896
dish_1565020867,blur6,blurred ×6,255.805,337.087,81.282,325,345.196,20.1962,6.86809,1.42601,15.292,0.0111449,0.00217511
dish_1558720133,blur6,blurred ×6,14.25,143.616,129.366,57,103.251,46.2511,7.58613,1.43921,26.889,0.00487721,0.00321228
dish_1561739238,blur6,blurred ×6,274.19,303.015,28.8252,257,325.467,68.4668,7.53901,1.53695,22.559,-0.00897872,0.000427383
dish_1565711570,blur6,blurred ×6,603.827,543.34,60.4874,324,392.512,68.5121,8.54882,1.59675,23.0111,0.000214458,0.00314901
dish_1562774206,blur6,blurred ×6,298.764,414.417,115.654,272,404.304,132.304,7.54097,1.46472,23.332,-0.000915945,0.003243
dish_1561148042,blur6,blurred ×6,370.755,394.56,23.8048,245,371.82,126.82,7.46304,1.98049,35.5879,0.00173378,0.0043868
dish_1560444931,blur6,blurred ×6,112.66,180.363,67.7035,200,252.079,52.0791,7.30488,1.56761,20.5046,-0.0082922,0.00405502
dish_1558031302,blur6,blurred ×6,56.98,144.351,87.3707,74,123.124,49.1245,6.79312,1.47446,26.1989,0.00260508,0.00348393
dish_1563566939,blur6,blurred ×6,286.027,399.503,113.476,238,386.264,148.264,7.11391,1.57003,31.226,-0.00287455,0.00298517
dish_1566587102,blur6,blurred ×6,213.599,222.285,8.68584,146,210.253,64.2533,7.95808,1.15512,22.7917,-0.0171503,0.00573953
dish_1561405332,blur6,blurred ×6,18.55,80.9736,62.4236,53,91.2329,38.2329,8.03057,1.36997,21.2383,-0.00828063,0.00333478
dish_1564687013,blur6,blurred ×6,330.841,287.78,43.0605,224,172.875,51.1247,7.25264,1.3058,21.8014,0.0007056,0.00432087
dish_1563996464,blur6,blurred ×6,100.489,320.666,220.176,146,289.16,143.16,8.09182,1.48009,26.0607,0.00244427,0.00345911
dish_1563998279,blur6,blurred ×6,565.005,417.891,147.114,296,281.063,14.9366,7.27653,1.448,20.9635,0.00520647,0.00419442
dish_1565020755,blur6,blurred ×6,43.28,148.602,105.322,8,102.011,94.0109,7.68276,1.01263,11.5123,0.0136434,0.00493044
dish_1557937758,blur6,blurred ×6,106.783,242.997,136.214,128,177.727,49.7267,7.28912,1.54431,25.2379,0.00242639,0.00753598
dish_1559850338,blur6,blurred ×6,307.117,251.879,55.2376,130,218.076,88.0764,7.34041,1.498,19.3411,-0.00604117,0.0043878
dish_1563305513,blur6,blurred ×6,606.252,408.528,197.724,228,270.853,42.8534,7.28019,1.40211,15.1184,0.0061084,0.00364235
dish_1563389548,blur6,blurred ×6,438.828,328.799,110.029,194,205.843,11.8426,9.1682,1.53217,22.8115,-0.0101311,0.00372212
dish_1565898128,blur6,blurred ×6,209.031,189.24,19.7904,134,156.073,22.0733,7.49731,1.1308,18.7653,-0.00823897,0.00306282
dish_1558549413,blur6,blurred ×6,682.158,373.073,309.085,118,200.358,82.3581,7.30107,1.65202,35.6318,0.0132364,0.00321736
dish_1562703345,blur6,blurred ×6,154.28,148.107,6.17255,58,102.613,44.6129,5.93677,1.25128,14.9049,-0.0080325,0.00421896
dish_1565030350,blur6,blurred ×6,62.5857,208.403,145.818,62,205.1,143.1,8.22288,1.20471,15.7044,0.00451374,0.00372276
dish_1562774180,blur6,blurred ×6,164.084,274.319,110.236,181,322.67,141.67,7.57097,1.35493,22.2454,-0.00249702,0.00318528
dish_1559239256,blur6,blurred ×6,60.16,120.419,60.2589,128,172.967,44.9666,8.46499,1.40964,25.0944,0.00771129,0.00406991
dish_1563566909,blur6,blurred ×6,222.53,332.659,110.129,187,318.402,131.402,7.40062,1.26562,16.6809,0.00206292,0.00406035
dish_1563984199,blur6,blurred ×6,322.68,389.526,66.8459,670,447.343,222.657,8.88434,1.57992,18.5608,0.00120878,0.00428476
dish_1558722125,blur6,blurred ×6,497.166,338.293,158.873,86,134.538,48.5375,7.21915,1.63123,35.0747,0.00738204,0.00327132
dish_1565123845,blur6,blurred ×6,268.662,177.771,90.8909,201,152.346,48.6537,8.13603,1.17123,12.7559,-0.00178754,0.00519162
dish_1562168696,blur6,blurred ×6,95.1148,183.547,88.4318,141,223.645,82.6449,6.81452,1.45744,25.7146,-0.00649464,0.00252887
dish_1567785778,blur6,blurred ×6,303.508,400.127,96.6196,310,373.258,63.2582,7.71768,1.54123,20.6051,0.00334013,0.00252041
dish_1564687090,blur6,blurred ×6,498.019,376.966,121.053,416,355.978,60.0217,9.01221,1.70096,28.1708,0.00191629,0.00354266
dish_1563909507,blur6,blurred ×6,117.926,185.176,67.2508,151,225.814,74.8144,9.59361,1.40094,29.5275,-0.00382274,0.00429225
dish_1560526530,blur6,blurred ×6,245.281,363.559,118.278,242,360.616,118.616,8.01941,1.8177,30.031,0.002177,0.00359441
dish_1563295044,blur6,blurred ×6,241.975,313.338,71.3622,158,249.89,91.8898,7.56618,1.76092,26.6495,-0.0064044,0.00188596
dish_1559844272,blur6,blurred ×6,462.48,297.799,164.681,80,136.946,56.9459,7.03436,1.35584,18.92,-0.00664645,0.00397464
dish_1561578800,blur6,blurred ×6,338.355,305.186,33.1687,146,259.713,113.713,7.65171,1.53965,30.59,0.0134467,0.00111637
dish_1562099157,blur6,blurred ×6,277.531,276.803,0.728447,207,269.198,62.1979,7.66499,1.48653,18.9223,0.00308967,0.00276212
dish_1562703447,blur6,blurred ×6,384.426,207.26,177.166,259,214.532,44.4677,6.96171,1.49305,16.3809,-0.000492871,0.00245638
dish_1566587143,blur6,blurred ×6,354.399,276.629,77.7702,234,236.312,2.3116,6.24509,1.32817,25.4401,-0.00416511,0.00488332
dish_1562618000,blur6,blurred ×6,685.994,360.221,325.773,448,324.772,123.228,6.41933,1.79386,37.4329,-0.0149274,0.00198161
dish_1566851704,blur6,blurred ×6,461.16,509.651,48.4907,348,459.095,111.095,8.42582,1.73853,24.3219,0.000175714,0.00466936
dish_1566587182,blur6,blurred ×6,531.261,436.496,94.7648,377,394.618,17.6178,8.10628,1.66218,28.9801,-0.0119243,0.00346079
dish_1558718680,blur6,blurred ×6,132.963,207.576,74.6133,23,74.305,51.305,6.98429,1.54596,31.3401,0.00939345,0.00321121
dish_1563898019,blur6,blurred ×6,343.977,325.911,18.0666,237,200.153,36.8473,7.14962,1.35669,17.742,-0.0130181,0.00420616
dish_1558718610,blur6,blurred ×6,113.527,147.334,33.8071,107,109.734,2.73401,7.50618,1.45132,24.6605,0.0107124,0.00341002
dish_1565894910,blur6,blurred ×6,537.113,408.321,128.792,179,248.802,69.8018,7.36136,1.53433,24.1,0.00544286,0.00284028
dish_1561578865,blur6,blurred ×6,417.185,352.462,64.7233,246,407.331,161.331,7.6971,1.94709,41.848,0.0108757,0.00126486
dish_1568401167,blur6,blurred ×6,426.36,300.693,125.667,228,190.268,37.7319,7.86842,1.50953,17.9626,-0.00300616,0.00523282
dish_1564689219,blur6,blurred ×6,506.847,420.124,86.723,474,400.879,73.121,7.44371,1.8468,31.9752,-5.33462e-05,0.0023317
dish_1563984296,blur6,blurred ×6,436.337,589.494,153.157,871,566.846,304.154,8.71336,1.70615,26.4013,-0.00150323,0.00269121
dish_1558110478,blur6,blurred ×6,205.439,329.252,123.813,161,276.103,115.103,6.28928,1.69797,34.8302,0.00769114,0.00380297
dish_1563295016,blur6,blurred ×6,127.88,199.518,71.6385,79,183.331,104.331,6.69086,1.6667,23.6374,-0.00818044,0.00197776
dish_1557861216,blur6,blurred ×6,0,87.4501,87.4501,1,57.9621,56.9621,9.13144,1.23459,15.2395,0.00910819,0.00891839
dish_1558376801,blur6,blurred ×6,4.2,122.726,118.526,15,106.936,91.9362,6.8377,1.42998,27.8176,0.0140435,0.00251218
dish_1561739188,blur6,blurred ×6,97.09,242.86,145.77,143,202.748,59.7479,5.96669,1.43513,21.5343,-0.00456935,0.000467386
dish_1565020822,blur6,blurred ×6,180.565,308.441,127.876,193,277.624,84.6241,7.94011,1.37296,16.9237,0.0152062,0.00298971
dish_1561667238,blur6,blurred ×6,268.805,370.516,101.711,165,316.491,151.491,7.45258,1.56831,32.0102,-0.00968671,0.00156062
dish_1558114209,blur6,blurred ×6,30.6,175.259,144.659,90,151.011,61.0115,6.26973,1.4674,26.7913,0.0106863,0.0041891
dish_1561654392,blur6,blurred ×6,494.065,423.693,70.3721,282,293.724,11.7245,7.62193,1.84308,31.9486,-0.00484878,0.00212814
dish_1564160043,blur6,blurred ×6,245,228.929,16.0706,98,156.92,58.9199,8.5705,1.47745,15.5917,-0.0108352,0.00285091
dish_1558376364,blur6,blurred ×6,48.99,163.096,114.106,71,81.5014,10.5014,5.72323,1.51498,33.0561,0.0119605,0.00243294
dish_1566849987,blur6,blurred ×6,562.97,471.886,91.0843,540,437.307,102.693,8.8569,1.7185,23.7198,-0.00365043,0.00337672
dish_1563898107,blur6,blurred ×6,440.693,386.187,54.5064,424,310.253,113.747,7.24032,1.6833,25.3567,-0.00535202,0.00331855
dish_1558635489,blur6,blurred ×6,78.514,98.6463,20.1323,74,110.622,36.6223,7.16121,1.41772,26.0042,0.0127233,0.00330447
dish_1566589933,blur6,blurred ×6,89.06,231.593,142.533,122,207.367,85.3667,6.92976,1.23141,21.9416,-0.0205649,0.00680612
dish_1568401199,blur6,blurred ×6,459.643,372.211,87.4324,343,225.839,117.161,7.43717,1.47644,17.1069,-0.00509429,0.00574163
dish_1563898084,blur6,blurred ×6,419.493,394.386,25.1075,384,299.094,84.9059,7.38282,1.53097,21.054,-0.00339556,0.003677
dish_1565898158,blur6,blurred ×6,240.426,227.984,12.4421,194,213.032,19.032,8.26648,1.37583,25.1171,0.0022794,0.00293803
dish_1560368464,blur6,blurred ×6,349.45,281.455,67.9951,275,216.623,58.3774,7.53402,1.4832,18.8244,0.00347686,0.00508079
dish_1565898230,blur6,blurred ×6,780.202,422.893,357.309,500,383.998,116.002,8.05906,1.64143,24.5703,0.00328493,0.00284208
dish_1566316757,blur6,blurred ×6,448.383,506.026,57.6427,819,499.099,319.901,8.74659,1.56084,23.7537,-0.00604975,0.00293708
dish_1566849923,blur6,blurred ×6,127.97,335.673,207.703,240,317.044,77.0436,8.56017,1.6739,20.4053,-0.00146914,0.00364243
dish_1562009934,blur6,blurred ×6,434.914,472.992,38.0778,369,436.054,67.0537,7.06971,1.72059,30.455,0.00157511,0.0029531
dish_1560456370,blur6,blurred ×6,258.383,272.7,14.3173,186,231.999,45.9991,8.34805,1.63716,25.5603,0.000777841,0.00306403
dish_1561741090,blur6,blurred ×6,161.54,213.05,51.5098,221,236.422,15.4217,7.78943,1.5199,21.3271,-0.0208107,0.00313896
dish_1565811000,blur6,blurred ×6,342.85,520.591,177.741,225,398.793,173.793,7.47012,1.61554,24.7478,0.00681913,0.00265176
dish_1560444892,blur6,blurred ×6,39.54,156.802,117.262,90,123.752,33.7521,8.95005,1.29288,16.483,-0.0171171,0.00438772
dish_1563565508,blur6,blurred ×6,403.862,302.957,100.905,387,347.797,39.2027,6.50285,1.58977,30.7447,-0.000849724,0.00244487
dish_1556575327,blur6,blurred ×6,103.3,196.676,93.3765,152,187.391,35.3915,7.42876,1.72478,36.9511,0.0102566,0.00779515
dish_1564428102,blur6,blurred ×6,133.22,159.604,26.384,107,189.646,82.6458,9.64495,1.23788,18.26,-0.0187749,0.00218352
dish_1558376306,blur6,blurred ×6,372.168,341.77,30.3978,108,177.453,69.4535,7.40156,1.51037,33.2707,0.0163629,0.00223109
dish_1561654374,blur6,blurred ×6,326.356,336.382,10.0261,251,298.212,47.2122,6.61501,1.70415,29.6056,0.000402212,0.00260149
dish_1566328831,blur6,blurred ×6,941.61,512.848,428.762,500,457.378,42.6221,7.80471,1.83318,24.5895,-0.00538188,0.00475918
dish_1562168673,blur6,blurred ×6,56.3548,132.217,75.8624,73,174.285,101.285,7.11335,1.37549,23.9246,0.00193584,0.00308653
dish_1558375886,blur6,blurred ×6,1050.51,497.182,553.329,277,334.424,57.4243,8.30842,1.85808,38.0097,0.0101221,0.002779
dish_1564773976,blur6,blurred ×6,516.089,412.38,103.709,463,414.854,48.1465,8.43023,1.56482,24.7688,-0.00546193,0.00162403
dish_1566851584,blur6,blurred ×6,286.295,341.142,54.8475,222,295.907,73.9065,7.40756,1.47111,20.5197,-0.0077315,0.00573742
dish_1560800988,blur6,blurred ×6,314.866,411.003,96.1374,230,367.111,137.111,8.55002,1.80675,29.7693,-0.00397342,0.00182964
dish_1559849497,blur6,blurred ×6,521.433,377.592,143.841,340,224.742,115.258,7.32633,1.52272,20.9873,-0.00144815,0.00407367
dish_1562008979,blur6,blurred ×6,382.937,357.677,25.2595,290,278.905,11.0951,7.3387,1.50817,26.383,-0.000164807,0.00320906
dish_1560445004,blur6,blurred ×6,339.598,389.921,50.3233,290,378.822,88.8224,8.56675,1.77264,25.7192,0.00586367,0.00515284
dish_1561662190,blur6,blurred ×6,117.318,184.514,67.1955,104,188.769,84.7689,8.05549,1.49174,23.1713,-0.00738299,0.00167237
dish_1559844366,blur6,blurred ×6,529.22,359.436,169.784,192,265.75,73.7496,7.0884,1.565,22.873,-0.00309604,0.0036243
dish_1563998244,blur6,blurred ×6,259.479,196.291,63.1882,170,157.655,12.3453,9.5464,1.22568,17.0855,0.00336874,0.00578157
dish_1566838378,blur6,blurred ×6,286.21,346.969,60.7587,482,397.273,84.7273,6.86607,1.51889,19.3654,0.000391722,0.00371497
dish_1566851616,blur6,blurred ×6,300.779,386.78,86.0014,248,331.664,83.6635,8.27864,1.54879,21.1852,-0.000738025,0.00521538
dish_1565034605,blur6,blurred ×6,52.4912,163.148,110.657,52,192.574,140.574,6.02078,1.35853,15.7645,0.00213313,0.00395755
dish_1558030435,blur6,blurred ×6,246.94,242.538,4.40165,221,254.279,33.2788,8.01998,1.75225,33.6625,0.00899518,0.00443455
dish_1558114284,blur6,blurred ×6,162.23,282.962,120.732,316,288.063,27.937,6.82227,1.70049,33.8356,0.00655746,0.00365672
dish_1565638515,blur6,blurred ×6,198.971,239.408,40.4368,165,253.207,88.2072,9.08608,1.43626,25.5208,-0.00500768,0.00392441
dish_1558376212,blur6,blurred ×6,300.612,229.757,70.8549,52,81.3523,29.3523,7.53198,1.49723,30.6279,0.0149424,0.00239349
dish_1560975491,blur6,blurred ×6,37.84,146.64,108.8,86,202.37,116.37,6.95422,1.45904,19.1783,0.00584745,0.00482404
dish_1565035715,blur6,blurred ×6,15.6,202.712,187.112,39,162.102,123.102,8.05992,1.00616,14.6581,-0.00581622,0.00463359
dish_1558375833,blur6,blurred ×6,317.032,288.825,28.2072,92,146.67,54.6701,7.46779,1.49888,32.7297,0.009974,0.00229193
dish_1561574428,blur6,blurred ×6,84.0024,294.669,210.666,172,286.016,114.016,7.7625,1.66405,36.6831,0.0106663,0.00155879
dish_1561147997,blur6,blurred ×6,185.18,340.568,155.388,133,309.017,176.017,7.39047,1.77861,28.4529,-0.0109946,0.00331996
dish_1565974375,blur6,blurred ×6,459.85,344.392,115.457,85,208.71,123.71,8.12013,1.32395,17.618,-0.000135481,0.00713178
dish_1560801829,blur6,blurred ×6,256.896,284.779,27.8833,178,230.002,52.0015,7.49101,1.54614,28.6905,0.00355566,0.000976852
dish_1561574848,blur6,blurred ×6,182.258,206.919,24.6605,155,218.378,63.3776,7.12594,1.58605,35.039,0.010796,0.00192791
dish_1558722171,blur6,blurred ×6,24.25,177.628,153.378,97,161.266,64.2659,7.66391,1.4979,26.3604,0.00391829,0.00340293
dish_1559844323,blur6,blurred ×6,518.37,277.35,241.02,161,169.186,8.18636,7.15432,1.46698,21.5252,-0.0126774,0.00368587
dish_1568401302,blur6,blurred ×6,716.479,491.254,225.226,561,423.267,137.733,8.42256,1.72023,17.8097,-0.00299275,0.00500113
dish_1558461607,blur6,blurred ×6,87.63,283.313,195.683,127,166.592,39.592,6.07663,1.48645,32.4591,0.0129873,0.00265276
dish_1558031394,blur6,blurred ×6,237.41,362.188,124.778,318,369.832,51.8318,8.92659,1.8768,33.7444,0.00967348,0.00426748
dish_1562172600,blur6,blurred ×6,263.6,381.686,118.086,370,422.568,52.5684,8.73522,1.41916,19.488,-0.00455523,0.00357526
dish_1562790855,blur6,blurred ×6,739.376,463.964,275.412,507,341.308,165.692,8.10849,1.45627,19.0913,0.00495255,0.00311878
dish_1560526514,blur6,blurred ×6,183.253,337.904,154.651,224,344.063,120.063,8.03181,1.79193,29.5972,-0.000891984,0.00383298
dish_1558546663,blur6,blurred ×6,330.734,293.981,36.7526,197,263.166,66.1664,7.86892,1.71356,32.4101,0.0065881,0.0042086
dish_1560368570,blur6,blurred ×6,555.933,364.067,191.866,452,317.158,134.842,7.80987,1.78438,28.7782,0.00633621,0.00323387
dish_1565638550,blur6,blurred ×6,277.657,293.829,16.1726,215,346.753,131.753,8.57264,1.58229,26.87,-0.00483775,0.00349713
dish_1563897938,blur6,blurred ×6,54.1,131.123,77.0228,10,141.12,131.12,9.65677,1.09674,17.083,-0.0098139,0.00325602
dish_1558376734,blur6,blurred ×6,206.76,238.805,32.0452,60,89.9556,29.9556,6.80376,1.48346,30.6723,0.00632763,0.00247554
dish_1567785622,blur6,blurred ×6,30.78,128.087,97.3075,54,125.489,71.4886,7.2303,1.39381,16.6254,0.0112065,0.00284781
dish_1558639526,blur6,blurred ×6,31.98,96.2918,64.3118,78,71.5944,6.40559,8.06134,1.54535,27.9012,0.00897586,0.00352369
dish_1559849053,blur6,blurred ×6,381.528,350.031,31.497,125,174.046,49.0463,7.02646,1.4212,20.3832,-0.00284153,0.00403415
dish_1558031237,blur6,blurred ×6,31.62,220.373,188.753,93,148.512,55.5122,7.89621,1.51979,26.8741,0.0126369,0.00351547
dish_1564773847,blur6,blurred ×6,238.028,151.307,86.721,161,150.649,10.3515,7.22349,1.36556,23.316,-0.00673038,0.001626
dish_1566590056,blur6,blurred ×6,815.648,327.099,488.548,519,287.049,231.951,8.701,1.73272,23.4246,-0.0101197,0.00338873
dish_1564773942,blur6,blurred ×6,491.94,403.075,88.8643,442,417.421,24.5788,7.86422,1.55134,23.4113,-0.00670666,0.00165992
dish_1561393715,blur6,blurred ×6,17.15,75.4628,58.3128,49,134.177,85.1768,8.54405,1.35501,22.0121,0.00420284,0.00330504
dish_1563897981,blur6,blurred ×6,243.54,241.511,2.02944,138,169.234,31.2341,7.76025,1.26432,17.4471,-0.0033536,0.00336778
dish_1558545738,blur6,blurred ×6,73.84,153.698,79.8582,142,192.385,50.385,7.74681,1.45824,27.2964,0.00590146,0.00329494
dish_1558718649,blur6,blurred ×6,25.84,94.68,68.84,76,72.8607,3.13934,8.16088,1.54692,26.3887,0.00756037,0.00355113
dish_1562690950,blur6,blurred ×6,109.062,262.115,153.053,202,238.27,36.2699,6.44639,1.29449,18.5168,0.001706,0.00722024
dish_1564689108,blur6,blurred ×6,203.662,223.244,19.582,159,213.085,54.0853,7.21846,1.30925,23.0137,-0.00379843,0.00302733
dish_1561578775,blur6,blurred ×6,295.149,270.314,24.8351,111,144.389,33.3893,6.53141,1.3079,23.7689,-0.000550508,0.000944828
dish_1558110385,blur6,blurred ×6,52.87,45.4137,7.45626,34,50.8823,16.8823,6.22821,1.42317,26.0688,0.00878763,0.00421555
dish_1563998513,blur6,blurred ×6,757.505,535.823,221.683,599,438.558,160.442,6.92887,1.70524,23.308,0.0041486,0.00408184
dish_1559844458,blur6,blurred ×6,55.89,94.3058,38.4158,81,56.6694,24.3306,6.25748,1.42348,17.8528,-0.00446975,0.00406138
dish_1566316681,blur6,blurred ×6,116.763,244.006,127.243,122,133.506,11.5062,6.98032,1.49066,21.1644,-0.0125708,0.00113324
dish_1566851549,blur6,blurred ×6,226.015,270.327,44.3116,85,155.65,70.6501,8.02589,1.21785,16.6582,-0.00556523,0.0082314
dish_1565034681,blur6,blurred ×6,323.553,359.263,35.7101,185,292.978,107.978,7.25426,1.49716,17.9306,0.00335431,0.00280364
dish_1558635523,blur6,blurred ×6,55.9,149.627,93.727,43,104.573,61.5729,6.49267,1.40786,23.4273,-0.00285715,0.0032158
dish_1559239369,blur6,blurred ×6,130.92,304.892,173.972,276,392.711,116.711,7.8678,1.80028,34.7183,0.0032115,0.00566215
dish_1566849955,blur6,blurred ×6,147.17,353.811,206.641,288,267.847,20.1527,8.89612,1.63133,19.6437,-0.00288099,0.00388607
dish_1559849537,blur6,blurred ×6,549.523,376.13,173.393,393,245.16,147.84,7.43547,1.54215,21.2758,2.67029e-05,0.00397502
dish_1562776428,blur6,blurred ×6,33.6998,123.299,89.5988,66,130.942,64.9423,6.0146,1.33588,22.1589,-0.00661564,0.00333209
dish_1560800918,blur6,blurred ×6,70.8256,255.886,185.06,40,218.664,178.664,6.46394,1.65719,30.075,-0.00102073,0.00161993
dish_1565898193,blur6,blurred ×6,291.914,334.98,43.0662,268,307.116,39.1159,7.10853,1.53223,26.6895,-0.00251931,0.00199507
dish_1558376874,blur6,blurred ×6,335.298,248.707,86.5913,58,81.8082,23.8082,7.02627,1.49417,31.3043,0.00937152,0.00259836
dish_1558630176,blur6,blurred ×6,73.84,156.359,82.5194,142,200.769,58.7689,7.12329,1.50108,26.75,0.0100465,0.00338296
dish_1565034635,blur6,blurred ×6,124.089,258.851,134.762,110,274.057,164.057,5.71762,1.47296,18.9255,-0.00444341,0.00313388
dish_1561405356,blur6,blurred ×6,206.645,245.185,38.5395,176,167.974,8.02564,7.83136,1.55688,24.0765,-0.00590545,0.00339621
dish_1557937427,blur6,blurred ×6,26.435,128.988,102.553,17,104.29,87.2904,6.3585,1.36537,16.2448,0.00723088,0.00485054
dish_1563551220,blur6,blurred ×6,561.704,454.95,106.754,558,430.936,127.064,6.49493,1.56543,23.5935,-0.00102019,0.00211079
dish_1560368506,blur6,blurred ×6,462.934,332.85,130.084,378,280.18,97.8196,7.21148,1.64267,24.3107,0.00455415,0.0041473
dish_1566589967,blur6,blurred ×6,381.662,403.987,22.3252,322,340.14,18.14,8.13951,1.48168,24.7257,-0.00976092,0.00475033
dish_1560444948,blur6,blurred ×6,171.317,254.436,83.119,231,332.268,101.268,7.55574,1.68854,23.1524,-0.00452441,0.00405346
dish_1560975572,blur6,blurred ×6,96.99,279.15,182.16,159,323.792,164.792,6.80382,1.66439,24.3084,0.00854862,0.00459683
dish_1558719994,blur6,blurred ×6,768.873,368.445,400.428,133,168.522,35.522,7.60794,1.60653,34.6968,0.00787902,0.00303048
dish_1563208439,blur6,blurred ×6,92.61,185.198,92.5878,96,184.165,88.1653,6.40361,1.44823,20.2309,-0.0196444,0.00437179
dish_1566920304,blur6,blurred ×6,296.4,471.115,174.715,570,503.772,66.2277,8.24508,1.72719,17.2753,-0.00932771,0.00480133
dish_1561393741,blur6,blurred ×6,188.83,193.369,4.53896,165,178.266,13.2661,8.14909,1.54346,24.3972,0.00087297,0.00281014
dish_1557862738,blur6,blurred ×6,319.78,250.743,69.0374,118,146.351,28.3507,7.67933,1.41486,18.9625,0.0136213,0.00695324
dish_1559233627,blur6,blurred ×6,64.92,88.9921,24.0721,12,73.8567,61.8567,6.92002,1.41762,27.3862,0.00762546,0.00383841
dish_1565896745,blur6,blurred ×6,368.54,258.937,109.603,244,285.23,41.2302,7.78959,1.5942,27.7329,-0.00603259,0.00278746
dish_1562099076,blur6,blurred ×6,110.181,148.678,38.4971,61,81.148,20.148,8.13935,1.09258,12.7519,0.00638044,0.00503245
dish_1562700568,blur6,blurred ×6,246.864,371.838,124.974,318,343.103,25.1033,7.18868,1.54744,25.5794,-0.00119835,0.00287858
dish_1566838286,blur6,blurred ×6,72.5,118.067,45.5668,145,141.388,3.61197,7.45676,1.09341,13.5245,-0.00258201,0.00560604
dish_1561147967,blur6,blurred ×6,177.98,297.399,119.419,85,271.077,186.077,7.25273,1.62263,21.8285,-0.00550497,0.00375979
dish_1563565415,blur6,blurred ×6,303.477,246.872,56.6054,284,299.579,15.5786,6.93086,1.55001,26.6765,0.00856233,0.00307129
dish_1558722247,blur6,blurred ×6,604.616,417.079,187.537,343,299.993,43.007,8.11989,1.79736,31.7514,0.0038265,0.00357339
dish_1566920365,blur6,blurred ×6,490.422,665.161,174.739,871,650.405,220.595,8.8108,1.89807,29.1601,0.000580549,0.00429072
dish_1561574815,blur6,blurred ×6,74.853,167.777,92.9244,89,203.04,114.04,6.38351,1.55365,32.9858,0.00988805,0.00168788
dish_1565118782,blur6,blurred ×6,557.522,402.462,155.06,353,339.371,13.6294,7.80794,1.57793,26.2211,0.00517464,0.00221965
dish_1562168648,blur6,blurred ×6,41.5948,156.974,115.38,32,169.983,137.983,6.73274,1.30063,24.9322,-0.00247186,0.00320503
dish_1563996485,blur6,blurred ×6,178.039,343.669,165.63,201,352.893,151.893,8.08638,1.53831,27.425,0.000464797,0.0033049
dish_1567785654,blur6,blurred ×6,51.78,123.331,71.5513,96,143.543,47.5433,6.66453,1.45942,17.0639,0.00444961,0.00277513
dish_1558113941,blur6,blurred ×6,296.89,359.615,62.7247,78,245.697,167.697,8.59947,1.68799,36.3157,0.00906241,0.0034794
dish_1557937157,blur6,blurred ×6,355.25,361.63,6.3804,271,302.903,31.9034,7.47778,1.7944,32.6076,0.00414181,0.00500601
dish_1558719570,blur6,blurred ×6,74.36,129.076,54.7156,143,178.885,35.8848,7.382,1.47028,26.2832,0.00657022,0.00286227
dish_1560367904,blur6,blurred ×6,76.0231,147.19,71.1671,69,115.775,46.7748,8.83367,1.34498,22.7998,-0.00193107,0.000789749
dish_1558375732,blur6,blurred ×6,45.54,120.632,75.0917,66,100.711,34.7113,5.45217,1.49306,31.8071,0.0119464,0.00252811
dish_1565711453,blur6,blurred ×6,198.32,173.936,24.3844,134,162.923,28.9233,7.95883,1.11605,15.6167,-0.0164078,0.00495409
dish_1557862345,blur6,blurred ×6,103.95,186.899,82.9492,63,141.036,78.0364,8.17947,1.38046,17.9136,0.00775445,0.00853677
dish_1566851677,blur6,blurred ×6,354.774,481.675,126.901,296,415.542,119.542,8.40845,1.65972,22.6096,-0.00850195,0.0050791
dish_1560368395,blur6,blurred ×6,49.32,82.2006,32.8806,137,118.149,18.8509,8.41025,1.33231,16.9598,0.004251,0.00417291
dish_1562876531,blur6,blurred ×6,66.0669,188.914,122.847,85,220.806,135.806,6.72442,1.40887,15.9097,-0.00915915,0.00413043
dish_1566920339,blur6,blurred ×6,449.532,610.51,160.979,730,636.456,93.5437,8.26376,1.85623,20.6846,-0.00447536,0.00427379
dish_1558717604,blur6,blurred ×6,73.84,128.892,55.0516,142,176.169,34.1686,7.67276,1.46802,26.0541,0.0148158,0.00341436
dish_1561574456,blur6,blurred ×6,203.657,360.008,156.35,217,347.827,130.827,8.04175,1.7646,37.5345,0.00944173,0.0022388
dish_1563478751,blur6,blurred ×6,950.395,498.547,451.848,545,378.77,166.23,8.9009,1.56287,26.5544,-0.00938404,0.00361094
dish_1558376437,blur6,blurred ×6,13.26,69.5112,56.2512,39,83.1746,44.1746,6.76144,1.45876,26.4359,0.0089494,0.00276067
dish_1561654346,blur6,blurred ×6,79.1955,150.352,71.1561,84,161.121,77.1209,7.49022,1.57056,29.0215,0.00535536,0.0025895
dish_1559842047,blur6,blurred ×6,153.69,163.846,10.156,285,232.712,52.2875,6.91596,1.47102,16.8535,-0.00848919,0.00406845
dish_1562009894,blur6,blurred ×6,244.807,349.225,104.418,200,335.501,135.501,7.19428,1.55143,25.5785,-0.00786364,0.0025917
dish_1565118700,blur6,blurred ×6,16.66,86.0657,69.4057,49,112.517,63.5174,6.86548,1.07811,22.8751,-0.0114007,0.00408808
dish_1563221025,blur6,blurred ×6,245.446,205.323,40.1233,123,184.07,61.0697,7.97453,1.12181,15.4231,-0.0143115,0.00671672
dish_1558461692,blur6,blurred ×6,231.24,197.676,33.5644,40,82.6684,42.6684,7.18354,1.47915,29.9975,0.00797594,0.0029569
dish_1558031133,blur6,blurred ×6,136.51,235.298,98.7881,110,152.198,42.1978,6.94567,1.53258,30.2613,0.00492048,0.00370004
dish_1563565323,blur6,blurred ×6,229.53,277.688,48.1582,152,264.702,112.702,7.36438,1.40727,23.0191,0.00162959,0.00377111
dish_1562617939,blur6,blurred ×6,234.966,264.784,29.8179,133,236.538,103.538,6.79389,1.367,18.8735,-0.0104244,0.00273469
dish_1558722207,blur6,blurred ×6,83.2,106.186,22.9858,160,173.594,13.594,6.65005,1.45062,25.247,0.00504076,0.00335468
dish_1558635546,blur6,blurred ×6,60.84,136.456,75.6162,117,203.31,86.3098,8.06367,1.48144,26.5455,0.012466,0.00347055
dish_1558639849,blur6,blurred ×6,23.37,106.671,83.3012,57,88.9243,31.9243,7.26349,1.43689,27.2596,0.00756478,0.00324756
dish_1565020895,blur6,blurred ×6,348.126,345.741,2.38556,416,367.413,48.5868,6.93131,1.47025,17.921,0.0120513,0.00240448
dish_1562963246,blur6,blurred ×6,324.398,214.936,109.462,122,140.493,18.4929,7.19782,1.11286,12.4162,-0.00701535,0.00569946
dish_1563909550,blur6,blurred ×6,310.32,397.633,87.3137,273,384.775,111.775,8.83251,1.56058,23.1442,0.00736284,0.00409289
dish_1563998323,blur6,blurred ×6,634.505,485.581,148.924,574,420.698,153.302,7.08184,1.66441,22.7376,0.00691187,0.00446588
dish_1567007783,blur6,blurred ×6,50,194.494,144.494,106,188.751,82.7511,7.85444,1.42445,15.4826,-0.00913233,0.00440525
dish_1559849020,blur6,blurred ×6,46.23,122.704,76.4743,67,118.737,51.737,6.23188,1.38021,16.4279,-0.000998139,0.00431022
dish_1557936555,blur6,blurred ×6,149.28,163.602,14.3223,96,127.392,31.3916,6.45808,1.47415,17.1629,0.00744927,0.00550291
dish_1562009006,blur6,blurred ×6,470.717,433.464,37.2528,323,380.383,57.3835,7.16203,1.56971,27.6688,-0.00440198,0.0031232
dish_1559239151,blur6,blurred ×6,9.2,222.52,213.32,40,222.423,182.423,6.87925,1.56215,32.157,0.00618732,0.00368145
dish_1560526490,blur6,blurred ×6,141.673,282.336,140.663,170,310.143,140.143,7.51851,1.70402,27.3744,-0.00354016,0.00343615
dish_1565811139,blur6,blurred ×6,902.2,396.875,505.325,416,378.253,37.747,7.87786,1.85139,35.287,0.00468242,0.00265585
dish_1558635400,blur6,blurred ×6,25,177.667,152.667,100,147.161,47.1611,7.65645,1.54565,26.4797,0.0101506,0.00341097
dish_1558461792,blur6,blurred ×6,331,386.752,55.7518,233,343.202,110.202,7.74019,1.81924,35.9519,0.00658882,0.00274253
dish_1565811025,blur6,blurred ×6,361.05,445.643,84.5931,277,369.395,92.395,6.95378,1.73445,40.5029,0.00672126,0.00213177
dish_1560800951,blur6,blurred ×6,102.826,333.976,231.15,168,343.721,175.721,7.58442,1.77036,29.9318,0.00129676,0.00176865
dish_1559846688,blur6,blurred ×6,82.8325,240.761,157.929,73,219.34,146.34,7.43824,1.47494,20.1558,0.00109148,0.00431258
dish_1558630207,blur6,blurred ×6,670.596,346.727,323.869,116,184.056,68.056,7.16088,1.602,32.7802,0.00928903,0.00304794
dish_1559157454,blur6,blurred ×6,34.5646,136.417,101.852,28,140.439,112.439,7.08408,1.53883,30.2426,0.00709677,0.00394255
dish_1562876494,blur6,blurred ×6,40.1069,195.343,155.236,26,121.714,95.7141,6.52791,1.23346,12.9471,-0.00869119,0.00543558
dish_1561574479,blur6,blurred ×6,363.614,442.484,78.8703,293,451.062,158.062,7.60854,1.81944,38.3165,0.00732052,0.00303564
dish_1561654326,blur6,blurred ×6,59.7926,130.321,70.5283,46,134.656,88.6558,7.32004,1.49634,24.2859,0.00366676,0.00311661
dish_1563996441,blur6,blurred ×6,80.2392,300.806,220.567,65,293.219,228.219,8.89539,1.36498,24.3184,-0.00685501,0.0033202
dish_1560801883,blur6,blurred ×6,512.111,448.05,64.0616,315,387.537,72.5371,7.70691,1.73653,32.1988,0.00822628,0.00114827
dish_1560801859,blur6,blurred ×6,428.704,373.042,55.6623,262,279.422,17.4222,7.65645,1.69295,32.0208,0.00841403,0.000976568
dish_1562691064,blur6,blurred ×6,555.304,496.512,58.7922,501,461.328,39.6716,9.20568,1.58104,18.5165,-0.00311452,0.00626638
dish_1558030383,blur6,blurred ×6,140.66,182.01,41.35,26,89.8814,63.8814,6.46429,1.51004,28.9546,0.00661743,0.00371522
dish_1563389626,blur6,blurred ×6,498.62,340.23,158.39,360,251.311,108.689,9.58868,1.53738,18.318,-0.00526726,0.00208703
dish_1565898331,blur6,blurred ×6,155.993,166.416,10.4226,100,142.498,42.4984,8.04208,1.05744,21.1604,-0.00599092,0.00375001
dish_1567007751,blur6,blurred ×6,39.93,182.69,142.76,87,198.915,111.915,8.58573,1.43066,15.3295,-0.00490367,0.0046823
dish_1558720097,blur6,blurred ×6,30.34,186.021,155.681,74,130.923,56.9229,7.26814,1.54453,30.6043,0.014027,0.00325877
dish_1558110297,blur6,blurred ×6,29.07,187.94,158.87,51,157.026,106.026,6.89537,1.4547,31.4576,0.0142219,0.00398189
dish_1561574783,blur6,blurred ×6,29.6268,37.2858,7.65897,24,95.7574,71.7574,7.76448,1.35665,26.8008,0.0158042,0.00185829
dish_1563220987,blur6,blurred ×6,224.988,245.212,20.2249,110,184.916,74.9156,7.94732,1.00782,14.1674,-0.00704449,0.00690548
dish_1568305198,blur6,blurred ×6,311.354,341.49,30.136,82,155.076,73.0762,8.17114,1.30433,23.2403,-0.00364792,0.00254755
dish_1561405389,blur6,blurred ×6,265.983,378.021,112.038,223,319.109,96.1091,7.88166,1.6854,26.7267,0.00143552,0.00275003
dish_1565638599,blur6,blurred ×6,368.698,437.073,68.3747,279,419.223,140.223,9.03466,1.71361,27.9253,-0.00725615,0.00325552
dish_1565986702,blur6,blurred ×6,211.344,286.25,74.9057,204,220.279,16.2788,7.41028,1.28859,23.7474,-0.00390309,0.00820964
dish_1559578599,blur6,blurred ×6,229.98,347.207,117.227,193,258.806,65.8061,7.00372,1.6221,31.987,-0.0110653,0.00127082
dish_1559233715,blur6,blurred ×6,83.6,186.405,102.805,110,136.496,26.4955,7.80052,1.52416,27.7792,0.012431,0.00396664
dish_1559849466,blur6,blurred ×6,467.613,304.723,162.89,262,191.903,70.0966,6.33078,1.44991,18.3655,-0.00469333,0.00412793
dish_1558630325,blur6,blurred ×6,751.542,331.685,419.857,269,303.088,34.0881,8.58502,1.829,32.6816,0.00868845,0.00437254
dish_1565035802,blur6,blurred ×6,69.2,241.429,172.229,250,357.467,107.467,5.96989,1.38321,19.9987,-0.000814795,0.0028214
dish_1558641253,blur6,blurred ×6,116.71,132.776,16.0657,110,100.624,9.37567,8.0132,1.46179,25.7131,0.00895643,0.00312448
dish_1560444967,blur6,blurred ×6,197.378,259.264,61.8859,252,354.964,102.964,7.52899,1.69172,23.9433,0.00578904,0.00405656
dish_1559233570,blur6,blurred ×6,16.83,178.954,162.124,51,127.221,76.2205,6.78961,1.42292,29.4846,0.0079565,0.00348346
dish_1565034661,blur6,blurred ×6,219.813,296.157,76.3435,146,299.075,153.075,6.76658,1.48429,18.9442,-0.0010699,0.00327249
dish_1561663541,blur6,blurred ×6,124.32,136.263,11.9431,112,133.715,21.7154,7.49844,1.20182,19.726,-0.0137506,0.00628607
dish_1557937715,blur6,blurred ×6,20.67,184.962,164.292,39,171.207,132.207,6.10102,1.41913,18.9484,0.00710487,0.00500953
dish_1566838407,blur6,blurred ×6,358.948,339.589,19.3588,558,385.856,172.144,7.30472,1.5918,20.7833,0.00498652,0.00334524
dish_1562691000,blur6,blurred ×6,326.622,397.971,71.3494,349,379.61,30.6105,8.38287,1.51466,20.0912,-0.00131464,0.00730818
dish_1564427406,blur6,blurred ×6,305.37,261.566,43.8043,135,189.288,54.2883,7.85394,1.64192,34.9827,-0.0141994,0.00235486
dish_1561662814,blur6,blurred ×6,23.2435,94.5707,71.3272,20,137.24,117.24,7.08932,1.11505,24.6934,-0.00478256,0.000797495
dish_1565638478,blur6,blurred ×6,47.6158,99.6424,52.0267,91,149.459,58.4594,9.50991,1.29698,24.1963,-0.0118405,0.00412569
dish_1562690917,blur6,blurred ×6,69.0617,236.263,167.202,122,216.555,94.5553,6.16027,1.1867,18.5416,-0.0025754,0.00685871
dish_1558549806,blur6,blurred ×6,781.958,492.08,289.878,203,343.219,140.219,10.7021,1.95792,33.561,0.00974345,0.00220058
dish_1561578839,blur6,blurred ×6,362.155,329.898,32.2567,214,370.194,156.194,8.3579,1.80983,37.8854,0.00889146,0.0009293
dish_1558376984,blur6,blurred ×6,671.678,453.501,218.177,350,371.011,21.0107,7.94425,1.87188,39.0313,0.000522971,0.00248055
dish_1563996509,blur6,blurred ×6,365.185,422.953,57.7681,316,418.89,102.89,7.56563,1.59764,29.1275,-0.00661719,0.00333114
dish_1558110436,blur6,blurred ×6,85.629,226.847,141.218,69,129.021,60.0205,6.07915,1.48547,28.7657,0.00713539,0.00416128
dish_1564686966,blur6,blurred ×6,153.205,209.326,56.1214,65,95.3814,30.3814,7.6971,1.05275,19.0838,-0.00293249,0.00716955
dish_1562099053,blur6,blurred ×6,98.383,160.547,62.1641,37,127.147,90.1474,9.06024,1.065,12.1213,0.00499356,0.00644619
dish_1563208459,blur6,blurred ×6,186.486,284.687,98.2006,161,255.986,94.9863,5.60421,1.56217,22.6709,-0.00672293,0.00390213
dish_1566850031,blur6,blurred ×6,616.772,522.814,93.9576,662,485.943,176.057,8.11028,1.86005,25.8437,-0.00619566,0.00444929
dish_1565711527,blur6,blurred ×6,484.807,387.885,96.9218,302,337.827,35.8271,8.14489,1.51427,20.0439,-0.00236154,0.00362695
dish_1562703382,blur6,blurred ×6,203.87,207.544,3.67384,145,236.604,91.6036,6.00168,1.39272,16.5704,0.00185597,0.00328873
dish_1566502437,blur6,blurred ×6,74.564,198.991,124.427,64,180.273,116.273,6.67092,1.43327,23.7671,0.000456214,0.00229724
dish_1561662842,blur6,blurred ×6,263.125,194.3,68.8253,172,173.1,1.1004,7.58776,1.36254,29.293,-0.0146632,0.000770177
dish_1562691032,blur6,blurred ×6,419.682,433.65,13.9685,415,417.562,2.56218,8.19967,1.58036,22.4508,0.00505948,0.00709177
dish_1565974409,blur6,blurred ×6,688.65,451.117,237.533,228,270.51,42.5096,7.74678,1.50198,18.8809,-0.00264013,0.00596743
dish_1558372948,blur6,blurred ×6,687.939,276.696,411.243,119,139.491,20.4908,7.8133,1.50583,32.6702,0.00821888,0.00284111
dish_1560367980,blur6,blurred ×6,421.465,221.236,200.229,254,227.308,26.6918,7.56041,1.92103,40.7163,-0.00291055,0.00173479
dish_1560444914,blur6,blurred ×6,62.34,148.029,85.6892,166,240.349,74.3488,7.41667,1.45698,19.1755,-0.00207502,0.00416172
dish_1557937335,blur6,blurred ×6,47.158,172.615,125.457,38,111.05,73.0502,6.70754,1.46665,21.6402,0.00993133,0.00562655
dish_1563221157,blur6,blurred ×6,418.152,363.065,55.0866,352,364.284,12.2838,7.68753,1.67038,29.6833,-0.0032233,0.00433484
dish_1560526447,blur6,blurred ×6,88.5928,243.294,154.701,70,260.938,190.938,8.82197,1.66277,27.0295,-0.00432879,0.00327934
dish_1562774159,blur6,blurred ×6,90.7635,254.317,163.554,129,279.666,150.666,7.79484,1.32157,21.8542,-0.00730217,0.00313968
dish_1563998210,blur6,blurred ×6,148.089,194.045,45.9561,91,164.814,73.8139,8.88362,0.98887,9.84908,-0.00559014,0.00708952
dish_1565711498,blur6,blurred ×6,246.827,292.107,45.2793,229,247.93,18.93,7.85895,1.28011,17.6657,-0.00720882,0.00412967
dish_1561663606,blur6,blurred ×6,474.503,354.628,119.876,347,291.865,55.1346,6.94289,1.58012,22.2256,-0.00105619,0.00493147
dish_1558114086,blur6,blurred ×6,74.36,152.712,78.3516,143,147.237,4.23676,6.55697,1.47594,28.2147,0.0107806,0.00390857
dish_1558630288,blur6,blurred ×6,7.106,122.005,114.899,11,124.439,113.439,6.51279,1.5616,32.6173,0.00935662,0.00301066
dish_1563984167,blur6,blurred ×6,291.68,375.493,83.8129,608,457.923,150.077,9.08891,1.55729,18.9256,0.00462794,0.00425923
dish_1566416701,blur6,blurred ×6,198.537,337.473,138.936,122,224.205,102.205,7.86234,1.39589,20.7405,-0.0122344,0.00708363
dish_1560801797,blur6,blurred ×6,25.6557,109.917,84.2612,96,98.2709,2.27087,7.37306,1.31871,22.7632,-0.00214696,0.00091013
dish_1562172643,blur6,blurred ×6,734.27,547.624,186.646,457,516.448,59.4482,8.89421,1.57428,24.9053,-0.00183332,0.00258488
dish_1565117463,blur6,blurred ×6,435.313,428.578,6.73458,248,341.495,93.4949,7.35926,1.69464,27.5192,-0.00017792,0.00536587
dish_1561741063,blur6,blurred ×6,132.3,152.891,20.5905,135,180.236,45.2355,8.67081,1.43481,20.3878,-0.0244263,0.0031298
dish_1568401233,blur6,blurred ×6,490.393,391.065,99.3282,418,373.775,44.2249,7.76505,1.6459,18.2042,0.000643611,0.00526809
dish_1565898432,blur6,blurred ×6,450.225,330.5,119.725,282,320.854,38.8537,8.51617,1.86748,35.4678,-4.20213e-05,0.00227632
dish_1565035746,crop0p4,cropped to 40%,43.1,70.203,27.103,149,190.02,41.0196,7.80027,2.0382,9.52681,-0.0202041,0.00434841
dish_1558639818,crop0p4,cropped to 40%,20.06,63.2363,43.1763,59,200.383,141.383,8.37123,2.51218,12.3344,-0.00291681,0.00274985
dish_1558549605,crop0p4,cropped to 40%,97.5,399.544,302.044,75,372.496,297.496,9.47381,4.17905,22.614,-0.0219787,0.009245
dish_1561663580,crop0p4,cropped to 40%,432.063,519.941,87.8773,307,407.854,100.854,9.42327,8.24362,53.0427,0.0388116,0.00551325
dish_1565898402,crop0p4,cropped to 40%,384.799,326.279,58.5205,229,205.264,23.7364,7.39998,4.43396,29.7841,0.0537925,0.00559972
dish_1566328724,crop0p4,cropped to 40%,275.55,316.533,40.9829,167,240.99,73.9905,9.76141,7.99205,52.0676,-0.00804853,0.00742317
dish_1566838351,crop0p4,cropped to 40%,190.01,401.878,211.868,417,585.371,168.371,8.63111,3.72596,18.9121,0.00124621,0.00194404
dish_1567107839,crop0p4,cropped to 40%,174.284,294.702,120.418,156,258.069,102.069,7.11944,4.82216,32.6244,-0.0059374,0.00258091
dish_1558639787,crop0p4,cropped to 40%,24.75,189.805,165.055,99,260.875,161.875,8.08062,4.05462,27.1607,0.0109117,0.00549777
dish_1562788601,crop0p4,cropped to 40%,413.17,661.301,248.131,287,506.934,219.934,7.87219,4.39523,26.9269,0.0126548,0.00328899
dish_1560456326,crop0p4,cropped to 40%,206.873,325.977,119.104,138,258.897,120.897,10.0535,6.16882,37.4851,0.0576667,0.00864524
dish_1564427430,crop0p4,cropped to 40%,345.62,554.44,208.82,170,505.351,335.351,8.36885,9.50112,65.2907,-0.0216075,0.00559283
dish_1565896662,crop0p4,cropped to 40%,19.38,306.907,287.527,57,348.582,291.582,8.05069,7.57844,56.2818,0.0299332,0.00172889
dish_1566414342,crop0p4,cropped to 40%,846.367,750.442,95.9249,552,700.899,148.899,8.27308,9.04854,57.4114,0.0171685,0.00721614
dish_1562617703,crop0p4,cropped to 40%,179.63,216.014,36.3836,110,144.906,34.9059,8.39874,4.56072,33.1153,-0.0367986,0.00279824
dish_1565020926,crop0p4,cropped to 40%,398.496,452.767,54.2709,489,582.741,93.7414,9.73481,4.57993,26.883,0.0207684,0.00808874
dish_1564689168,crop0p4,cropped to 40%,352.947,520.775,167.828,339,593.123,254.123,8.96046,8.89054,68.1676,0.01989,0.0046985
dish_1560456348,crop0p4,cropped to 40%,210.283,319.52,109.237,149,272.406,123.406,9.7406,10.0772,66.4,0.0247432,0.00634034
dish_1558641287,crop0p4,cropped to 40%,11.52,122.305,110.785,64,283.323,219.323,12.0382,4.87124,32.6274,0.0285028,0.00230554
dish_1558373008,crop0p4,cropped to 40%,251.558,415.566,164.008,73,186.428,113.428,9.23747,6.59247,50.8799,0.0183916,0.00172329
dish_1561577947,crop0p4,cropped to 40%,623.204,453.795,169.409,424,514.031,90.0313,7.58287,19.5859,151.748,0.0201216,0.00593222
dish_1558639440,crop0p4,cropped to 40%,60.32,309.327,249.007,116,431.489,315.489,11.7658,3.0921,17.0522,-0.0166591,0.0016847
dish_1565894889,crop0p4,cropped to 40%,257.813,450.218,192.405,74,234.525,160.525,8.74495,3.52239,25.6191,0.0268636,0.00151814
dish_1561147944,crop0p4,cropped to 40%,42.371,66.3269,23.9558,34,101.646,67.6461,8.59006,4.30279,27.1951,-0.0444091,0.00525295
dish_1557937079,crop0p4,cropped to 40%,146.07,351.896,205.826,27,209.006,182.006,9.50614,3.91076,21.3399,0.0260799,0.00222784
dish_1558641320,crop0p4,cropped to 40%,211.59,283.847,72.2571,336,471.555,135.555,11.0429,4.998,28.9866,-0.00941014,0.00513419
dish_1567007848,crop0p4,cropped to 40%,100.3,419.319,319.019,243,475.755,232.755,8.48009,3.44938,18.3441,-0.00750011,0.00599247
dish_1565810969,crop0p4,cropped to 40%,4.6,140.534,135.934,20,272.793,252.793,10.4261,5.73719,38.6397,0.0119174,0.00892022
dish_1562168800,crop0p4,cropped to 40%,237.525,557.333,319.808,242,614.519,372.519,8.96398,5.40789,33.2862,-0.0159318,0.00598029
dish_1564687046,crop0p4,cropped to 40%,374.794,323.853,50.9412,308,366.444,58.4444,10.8391,11.9656,87.0402,0.0242513,0.00505513
dish_1563221054,crop0p4,cropped to 40%,298.878,338.205,39.3279,170,356.523,186.523,9.27363,11.2292,77.2903,0.0142663,0.0063721
dish_1565898361,crop0p4,cropped to 40%,370.671,297.917,72.7547,202,229.11,27.1096,8.98674,3.46118,22.3934,0.0665333,0.00455639
dish_1560367926,crop0p4,cropped to 40%,408.523,328.844,79.6789,194,178.131,15.8695,6.33401,4.8989,36.1605,0.00707388,0.0033256
dish_1560444869,crop0p4,cropped to 40%,14.04,196.066,182.026,39,153.508,114.508,11.3254,1.11903,1.79603,0.028066,0.00765941
dish_1559850283,crop0p4,cropped to 40%,271.707,232.526,39.1806,47,99.6627,52.6627,8.44483,2.95905,17.1548,-0.0141569,0.00445178
dish_1566502505,crop0p4,cropped to 40%,454.517,649.595,195.078,275,468.517,193.517,9.25337,5.90103,38.4897,-0.021946,0.0053631
dish_1565811091,crop0p4,cropped to 40%,504.4,551.354,46.9544,371,625.603,254.603,8.59001,29.676,213.733,0.000846267,0.0086293
dish_1561739265,crop0p4,cropped to 40%,292.04,472.582,180.542,308,562.965,254.965,7.85733,7.20674,47.4314,0.0465391,0.00472923
dish_1558373159,crop0p4,cropped to 40%,1013.34,575.226,438.111,334,356.353,22.3533,8.39017,7.31779,53.2334,-0.0324016,0.00394268
dish_1565035830,crop0p4,cropped to 40%,340.128,711.905,371.777,414,714.58,300.58,9.84207,13.6964,103.076,-0.016501,0.00575943
dish_1562788568,crop0p4,cropped to 40%,289.203,458.358,169.155,230,338.934,108.934,7.79903,4.61178,28.6974,-0.0132601,0.00265345
dish_1558376483,crop0p4,cropped to 40%,735.03,577.982,157.048,270,375.199,105.199,10.4982,11.0115,81.0811,0.00486314,0.00580503
dish_1561739160,crop0p4,cropped to 40%,34.77,121.02,86.2497,61,80.9551,19.9551,8.8157,1.40277,5.846,0.0145246,0.0124189
dish_1558549773,crop0p4,cropped to 40%,2.3,120.996,118.696,10,130.901,120.901,8.88965,4.63608,32.847,0.0292165,0.000958935
dish_1561574394,crop0p4,cropped to 40%,61.5024,160.443,98.9403,82,141.715,59.7152,9.06101,4.55933,27.3157,-0.029204,0.00635229
dish_1558461760,crop0p4,cropped to 40%,10.98,72.6647,61.6847,61,169.594,108.594,8.89795,4.39102,30.6092,0.0250484,0.00313027
dish_1563909469,crop0p4,cropped to 40%,72.4028,244.783,172.38,64,350.232,286.232,9.07631,8.04941,58.759,0.02746,0.00233709
dish_1558376938,crop0p4,cropped to 40%,51.06,277.961,226.901,74,344.736,270.736,10.7569,9.23753,75.2358,-0.0245046,0.00213481
dish_1565986733,crop0p4,cropped to 40%,387.929,351.059,36.8702,287,243.064,43.9359,6.55316,7.44202,49.1052,0.0281172,0.00308089
dish_1558639555,crop0p4,cropped to 40%,156.049,250.379,94.3303,320,362.537,42.5373,10.0678,8.26841,61.5139,0.00799751,0.003671
dish_1558546558,crop0p4,cropped to 40%,254.364,387.942,133.578,44,113.858,69.8577,8.35316,4.50685,32.291,-0.0123734,0.00305959
dish_1563984242,crop0p4,cropped to 40%,402.117,388.645,13.4724,753,576.736,176.264,11.655,4.16883,26.8198,0.00950801,0.00573616
dish_1559849097,crop0p4,cropped to 40%,495.928,225.524,270.404,325,345.381,20.381,9.15487,4.92961,35.3891,0.0599213,0.00426735
dish_1563566965,crop0p4,cropped to 40%,370.827,492.044,121.217,286,461.487,175.487,7.37317,10.0884,71.7039,-0.00404894,0.00569456
dish_1566849895,crop0p4,cropped to 40%,112.31,383.713,271.403,153,385.014,232.014,9.31265,5.40511,32.7866,-0.0216439,0.0135849
dish_1559157919,crop0p4,cropped to 40%,37.0946,307.86,270.765,39,357.559,318.559,8.33933,10.5377,72.6536,0.0222172,0.00539304
dish_1558113477,crop0p4,cropped to 40%,289.05,501.402,212.352,50,206.892,156.892,9.12138,5.66532,40.2659,-0.0188822,0.0029666
dish_1559238993,crop0p4,cropped to 40%,61.56,244.119,182.559,108,386.617,278.617,11.5585,6.43035,40.7183,-0.0110323,0.00260404
dish_1562788506,crop0p4,cropped to 40%,114.588,187.457,72.869,108,165.107,57.1066,14.8363,0.66719,0.934369,-0.0420723,0.00587683
dish_1562774129,crop0p4,cropped to 40%,73.0835,225.256,152.173,77,357.586,280.586,9.59325,5.61915,34.9217,-0.0311638,0.00529313
dish_1559578551,crop0p4,cropped to 40%,124.43,218.526,94.0964,23,91.5066,68.5066,9.0472,4.3638,23.4531,-0.0548181,0.00623662
dish_1562788536,crop0p4,cropped to 40%,245.132,389.184,144.052,190,278.595,88.5951,8.34532,4.24904,26.451,-0.00680065,0.00365363
dish_1559233756,crop0p4,cropped to 40%,189.85,365.785,175.935,222,454.275,232.275,9.69939,7.30707,49.3405,0.0156162,0.0047542
dish_1564428181,crop0p4,cropped to 40%,510.051,604.652,94.601,320,518.496,198.496,8.09549,16.988,120.989,-0.00479406,0.00971327
dish_1565118729,crop0p4,cropped to 40%,435.493,635.984,200.49,248,390.481,142.481,8.96559,5.41986,34.4521,-0.00262612,0.00528092
dish_1568305225,crop0p4,cropped to 40%,428.668,629.858,201.191,144,381.492,237.492,9.43544,6.304,35.9142,0.0169528,0.009268
dish_1566414291,crop0p4,cropped to 40%,345.142,686.183,341.04,244,628.648,384.648,7.98559,11.0563,68.7122,0.0244799,0.00708467
dish_1561661347,crop0p4,cropped to 40%,50.67,344.101,293.431,132,412.208,280.208,9.79233,10.4945,69.581,0.00724208,0.00440096
dish_1566501575,crop0p4,cropped to 40%,251.694,601.144,349.45,54,525.809,471.809,8.48342,11.0022,71.4216,-0.00666612,0.00710682
dish_1563218408,crop0p4,cropped to 40%,245.34,417.339,171.999,87,270.409,183.409,9.1303,13.5791,93.8793,-0.00997645,0.00559291
dish_1561661377,crop0p4,cropped to 40%,306.334,609.954,303.621,294,538.865,244.865,8.74927,10.0122,65.0107,0.0238101,0.00481631
dish_1558639876,crop0p4,cropped to 40%,68.18,299.229,231.049,215,468.568,253.568,9.91468,15.875,131.765,-0.00491673,0.00487594
dish_1566849862,crop0p4,cropped to 40%,77.05,291.455,214.405,67,236.039,169.039,8.38278,4.46505,26.6658,-0.0380302,0.00677752
dish_1566502573,crop0p4,cropped to 40%,821.51,706,115.51,487,646.827,159.827,8.31523,5.94613,38.935,0.0266769,0.00589689
dish_1562009810,crop0p4,cropped to 40%,119.88,255.355,135.475,108,181.371,73.3705,8.91473,4.96048,28.934,-0.00517863,0.00591914
dish_1564675411,crop0p4,cropped to 40%,235.531,496.474,260.943,308,614.15,306.15,9.13166,8.48001,63.8769,0.0326043,0.00196415
dish_1560203424,crop0p4,cropped to 40%,451.754,499.886,48.1325,138,231.336,93.3356,10.2132,5.5438,33.2062,0.0199939,0.00316613
dish_1562790824,crop0p4,cropped to 40%,437.072,511.94,74.8687,368,489.802,121.802,8.70224,6.2073,41.4113,0.0181988,0.0123634
dish_1558030289,crop0p4,cropped to 40%,38.52,195.49,156.97,107,438.134,331.134,10.297,2.18696,9.16269,-0.0013026,0.00257065
dish_1560444985,crop0p4,cropped to 40%,198.938,377.177,178.239,264,490.739,226.739,8.19764,7.18513,48.8342,0.0159183,0.00653458
dish_1563984140,crop0p4,cropped to 40%,245.44,351.103,105.663,472,480.372,8.37181,10.9383,2.62915,13.062,0.0178978,0.0039949
dish_1561662160,crop0p4,cropped to 40%,41.8383,404.594,362.756,36,428.049,392.049,8.5658,6.88566,42.9685,0.00709331,0.00463425
dish_1558641164,crop0p4,cropped to 40%,80.08,206.642,126.562,154,300.652,146.652,11.9354,3.13804,16.1112,-0.0421775,0.00310234
dish_1558110335,crop0p4,cropped to 40%,37.87,246.873,209.003,7,123.777,116.777,8.62262,5.67735,40.6717,-0.0331365,0.00424044
dish_1565811061,crop0p4,cropped to 40%,380.32,306.174,74.1461,324,487.157,163.157,11.0377,16.8578,115.807,0.00757933,0.0104286
dish_1559844490,crop0p4,cropped to 40%,108.36,79.2708,29.0892,180,176.29,3.70968,8.52218,5.24711,33.8803,-0.0107224,0.00637573
dish_1562786103,crop0p4,cropped to 40%,93.081,283.327,190.246,57,208.026,151.026,9.58012,2.45181,16.3221,-0.0159951,0.00193231
dish_1563897087,crop0p4,cropped to 40%,102.44,449.532,347.092,231,444.673,213.673,8.12037,4.50519,30.5322,0.0316623,0.00447915
dish_1566590007,crop0p4,cropped to 40%,740.762,718.384,22.3779,457,559.91,102.91,7.9457,7.39056,50.3155,-0.00722957,0.00570561
dish_1560975517,crop0p4,cropped to 40%,42.39,295.483,253.093,99,352.272,253.272,8.33513,8.03995,53.241,0.0378833,0.00362201
dish_1557936645,crop0p4,cropped to 40%,11.88,151.128,139.248,36,196.481,160.481,10.0197,2.66026,14.1009,-0.0249721,0.00291933
dish_1565020796,crop0p4,cropped to 40%,90.6,256.723,166.123,99,363.918,264.918,9.38467,4.07014,25.2091,-0.00704545,0.00509322
dish_1559578579,crop0p4,cropped to 40%,142.58,285.646,143.066,78,327.195,249.195,10.2441,8.00354,50.0846,0.00835466,0.00518992
dish_1557862783,crop0p4,cropped to 40%,442.98,650.55,207.571,258,550.34,292.34,8.81878,5.19053,30.9412,0.0228871,0.00261782
dish_1560975601,crop0p4,cropped to 40%,233.936,407.44,173.505,253,453.709,200.709,6.98083,12.6542,87.9666,0.0259881,0.007642
dish_1560367952,crop0p4,cropped to 40%,414.733,210.311,204.423,221,309.648,88.6481,9.17322,6.49645,43.2171,-0.0121632,0.00872141
dish_1563565454,crop0p4,cropped to 40%,350.789,510.09,159.301,322,596.834,274.834,8.30532,7.50772,50.7495,0.0160924,0.008586
dish_1562703408,crop0p4,cropped to 40%,311.209,606.73,295.521,196,366.642,170.642,7.78897,4.85049,35.3346,0.00643921,0.005555
dish_1564689138,crop0p4,cropped to 40%,268.267,274.565,6.29761,223,319.857,96.8569,7.53459,6.81674,50.5078,0.0152764,0.00581728
dish_1563221086,crop0p4,cropped to 40%,328.278,316.906,11.3715,254,419.88,165.88,8.58335,10.5769,69.9441,0.0347574,0.00674186
dish_1567007814,crop0p4,cropped to 40%,73,236.139,163.139,152,425.379,273.379,8.49674,3.05794,16.3429,0.0248697,0.00448603
dish_1565896701,crop0p4,cropped to 40%,294.473,411.025,116.551,184,388.294,204.294,7.93011,4.94892,31.8554,0.00451112,0.00219331
dish_1557937615,crop0p4,cropped to 40%,6.93,102.251,95.3215,21,155.872,134.872,9.3913,2.14659,9.58011,0.00883889,0.00271788
dish_1564427455,crop0p4,cropped to 40%,354.26,589.29,235.03,218,575,357,9.93997,8.48923,58.835,0.0206755,0.00483693
dish_1564588859,crop0p4,cropped to 40%,183.586,347.901,164.315,257,370.189,113.189,8.95694,4.13645,20.0372,0.00515199,0.00781837
dish_1561577848,crop0p4,cropped to 40%,413.348,676.111,262.763,254,606.422,352.422,8.37743,14.1613,107.825,0.0220741,0.00525956
dish_1563389600,crop0p4,cropped to 40%,451.428,485.632,34.2042,264,504.861,240.861,8.35226,6.43486,41.9784,-0.00374454,0.00484123
dish_1566316726,crop0p4,cropped to 40%,409.523,461.217,51.6941,685,528.211,156.789,8.99559,4.57293,29.91,0.0074724,0.0049391
dish_1562776465,crop0p4,cropped to 40%,173.432,494.015,320.583,212,536.09,324.09,9.3642,5.73372,36.9978,-0.0277982,0.00268558
dish_1568401261,crop0p4,cropped to 40%,530.393,651.499,121.105,443,626.228,183.228,9.86716,11.7639,74.0955,0.00356197,0.00739854
dish_1559841950,crop0p4,cropped to 40%,11.2,116.938,105.738,32,130.046,98.0458,12.2638,2.12738,10.605,-0.0155455,0.00888966
dish_1558375667,crop0p4,cropped to 40%,687.939,621.047,66.8923,119,301.13,182.13,10.7943,8.11882,64.6742,-0.00870204,0.00383991
dish_1558639482,crop0p4,cropped to 40%,30.769,89.5806,58.8116,29,88.697,59.697,9.66662,2.07037,8.73208,-0.0277315,0.00510237
dish_1566328805,crop0p4,cropped to 40%,927.81,705.912,221.898,488,686.18,198.18,9.18645,8.43714,59.388,-0.00703019,0.00629404
dish_1558114145,crop0p4,cropped to 40%,57.27,303.005,245.735,83,321.074,238.074,9.79231,6.46226,50.808,0.0156281,0.00270273
dish_1562700593,crop0p4,cropped to 40%,385.774,628.339,242.565,384,538.113,154.113,8.21145,11.1268,77.9061,-0.0155233,0.00789152
dish_1557937574,crop0p4,cropped to 40%,5.59,103.628,98.0384,13,130.11,117.11,8.15256,2.90979,16.4418,-0.000907302,0.0011465
dish_1561661324,crop0p4,cropped to 40%,33,295.057,262.057,75,254.321,179.321,7.38538,4.69193,25.2015,-0.00329196,0.00630277
dish_1564588820,crop0p4,cropped to 40%,81.12,207.503,126.383,156,285.798,129.798,8.02579,3.59012,15.9728,-0.0181854,0.00944219
dish_1566414225,crop0p4,cropped to 40%,125.182,480.865,355.683,88,377.619,289.619,7.02424,6.27598,40.2694,0.0156704,0.00318761
dish_1568305257,crop0p4,cropped to 40%,837.148,548.638,288.51,420,624.836,204.836,11.497,8.28611,57.2889,-0.0014028,0.00613945
dish_1564773826,crop0p4,cropped to 40%,10.08,35.1994,25.1194,56,178.617,122.617,9.91055,2.01579,12.0811,-0.0251217,0.00327309
dish_1562700496,crop0p4,cropped to 40%,31,169.402,138.402,124,191.898,67.8981,13.43,0.781555,1.34538,-0.0404934,0.00879175
dish_1566850099,crop0p4,cropped to 40%,113.058,253.955,140.897,112,330.875,218.875,7.9649,6.41172,41.9813,0.00276256,0.00311464
dish_1560975628,crop0p4,cropped to 40%,348.273,456.632,108.359,296,495.509,199.509,7.14699,12.4108,85.8897,0.00562012,0.00766543
dish_1558461431,crop0p4,cropped to 40%,1.15,138.376,137.226,5,108.823,103.823,8.51394,6.65008,52.1193,0.0126584,0.00209695
dish_1558635618,crop0p4,cropped to 40%,220.254,291.417,71.1627,334,455.062,121.062,11.2984,20.9467,170.671,0.00172746,0.00381904
dish_1561148021,crop0p4,cropped to 40%,361.765,615.667,253.901,216,450.574,234.574,6.98079,11.5447,79.3158,0.0281081,0.00772682
dish_1566328745,crop0p4,cropped to 40%,282.03,270.537,11.4932,203,219.454,16.4542,9.20159,8.9475,60.4982,-0.00719142,0.00687537
dish_1558373074,crop0p4,cropped to 40%,73.84,218.683,144.843,142,338.074,196.074,11.1364,5.01411,27.724,-0.0336172,0.00277759
dish_1561662869,crop0p4,cropped to 40%,284.346,583.024,298.679,192,499.783,307.783,7.90751,9.29132,61.4341,0.00350463,0.00420599
dish_1558544663,crop0p4,cropped to 40%,141.44,492.231,350.791,208,366.981,158.981,11.8523,5.0825,34.3518,0.0263991,0.00887828
dish_1564588919,crop0p4,cropped to 40%,335.944,411.994,76.0496,452,529.579,77.5791,8.04643,5.22534,28.5874,-0.0188388,0.00638825
dish_1563909580,crop0p4,cropped to 40%,544.312,342.911,201.401,361,482.124,121.124,9.56792,7.93508,54.903,-0.00185019,0.00324295
dish_1565894858,crop0p4,cropped to 40%,132.84,289.263,156.423,27,135.09,108.09,9.29036,2.79059,17.8524,0.032419,0.00254565
dish_1564689078,crop0p4,cropped to 40%,72.3608,174.985,102.625,55,161.424,106.424,12.7022,1.7914,11.0063,-0.0280682,0.00589911
dish_1566414412,crop0p4,cropped to 40%,920.12,542.265,377.855,658,549.91,108.09,7.75847,9.44974,61.2736,-0.0194331,0.012008
dish_1566502537,crop0p4,cropped to 40%,517.644,639.459,121.815,315,489.197,174.197,9.21717,6.45633,42.3284,0.00325429,0.00535013
dish_1558718587,crop0p4,cropped to 40%,10.25,156.847,146.597,41,187.626,146.626,9.60795,3.7195,21.9049,-0.0173898,0.0028868
dish_1563551164,crop0p4,cropped to 40%,339.756,505.876,166.12,270,524.816,254.816,8.96446,5.13608,31.7084,-0.0110406,0.0038091
dish_1558720236,crop0p4,cropped to 40%,887.823,503.378,384.445,407,342.977,64.0231,9.50777,8.11006,56.0045,0.0218967,0.00417117
dish_1562776497,crop0p4,cropped to 40%,291.832,587.102,295.27,292,592.589,300.589,9.73348,12.0725,88.7458,0.0365047,0.00554519
dish_1563565289,crop0p4,cropped to 40%,93.368,168.385,75.0168,88,190.18,102.18,9.19076,1.45093,6.04031,0.0455941,0.0060414
dish_1559849412,crop0p4,cropped to 40%,352.641,485.077,132.436,61,239.949,178.949,10.3876,5.27982,38.3191,0.0105692,0.00171255
dish_1559934477,crop0p4,cropped to 40%,25.08,310.667,285.587,57,319.395,262.395,10.4089,13.0977,88.1013,-0.0154424,0.00893867
dish_1557936599,crop0p4,cropped to 40%,22.05,181.73,159.68,63,165.576,102.576,7.44502,3.70372,20.989,0.0121887,0.00434565
dish_1563565354,crop0p4,cropped to 40%,272.315,502.717,230.402,193,404.368,211.368,8.15052,6.38514,37.1938,-0.0106049,0.010819
dish_1561405411,crop0p4,cropped to 40%,332.063,578.506,246.442,282,471.715,189.715,8.83585,12.8361,80.6572,-0.0227488,0.00771145
dish_1566502472,crop0p4,cropped to 40%,132.919,233.021,100.102,119,242.676,123.676,8.38206,4.32288,26.3814,0.0059576,0.00336453
dish_1566838317,crop0p4,cropped to 40%,114.2,361.736,247.536,284,546.523,262.523,10.647,3.43351,18.1307,0.00581026,0.00271489
dish_1565123881,crop0p4,cropped to 40%,406.822,514.574,107.752,515,577.867,62.8668,9.81779,14.9575,104.743,0.0249424,0.00606939
dish_1563551134,crop0p4,cropped to 40%,246.92,521.968,275.048,173,514.582,341.582,10.7975,5.19807,28.6041,0.0137693,0.00733111
dish_1558718906,crop0p4,cropped to 40%,282.58,351.86,69.2797,247,451.152,204.152,9.6872,16.552,133.109,-0.00610375,0.00374303
dish_1562963289,crop0p4,cropped to 40%,349.918,370.349,20.4313,180,296.738,116.738,8.94522,4.14429,23.9853,0.0338343,0.00398959
dish_1562790775,crop0p4,cropped to 40%,75.6863,232.996,157.309,40,292.465,252.465,8.9491,4.63322,28.4659,-0.00580925,0.00637193
dish_1560801041,crop0p4,cropped to 40%,432.244,545.98,113.736,292,534.354,242.354,7.38169,17.8866,114.469,0.0174677,0.00841997
dish_1565123816,crop0p4,cropped to 40%,250.917,152.779,98.1374,110,159.369,49.3687,14.6975,0.583757,0.524065,-0.00469881,0.0192415
dish_1558031351,crop0p4,cropped to 40%,12.3,122.997,110.697,41,222.234,181.234,8.37782,3.49138,20.0552,0.0226785,0.00259021
dish_1559841979,crop0p4,cropped to 40%,39.29,137.07,97.7804,85,131.819,46.8193,11.6646,2.073,10.5526,-0.022813,0.00931279
dish_1560203400,crop0p4,cropped to 40%,293.28,512.127,218.847,104,228.579,124.579,10.0089,5.47615,32.9191,0.0285465,0.00274287
dish_1563294987,crop0p4,cropped to 40%,97.38,342.958,245.578,18,188.054,170.054,7.82927,3.6842,21.8427,0.0297149,0.00348867
dish_1563208412,crop0p4,cropped to 40%,62.4,345.772,283.372,39,147.72,108.72,10.5981,2.51907,15.2361,-0.0157139,0.00242294
dish_1557862696,crop0p4,cropped to 40%,19.25,303.404,284.154,77,270.511,193.511,8.56323,2.23196,9.35995,-0.00866282,0.00363151
dish_1561739212,crop0p4,cropped to 40%,134.01,326.98,192.97,214,475.088,261.088,7.36716,4.12753,26.5081,0.0207765,0.00641184
dish_1564675380,crop0p4,cropped to 40%,87.331,231.56,144.229,23,193.83,170.83,12.0956,2.79939,16.2703,-0.0458373,0.000806181
dish_1564773903,crop0p4,cropped to 40%,316.828,290.361,26.4665,336,396.708,60.7079,7.69107,4.65799,25.3994,0.0139667,0.00555015
dish_1558376768,crop0p4,cropped to 40%,74.36,252.511,178.151,143,331.379,188.379,10.2253,3.82605,24.091,-0.0108869,0.00182504
dish_1563897047,crop0p4,cropped to 40%,66.04,473.738,407.698,127,470.428,343.428,8.12413,3.99097,25.8935,0.0387856,0.00276845
dish_1562172561,crop0p4,cropped to 40%,150.8,269.273,118.473,290,439.402,149.402,11.3254,2.31666,10.7008,-0.0035376,0.00291232
dish_1563551194,crop0p4,cropped to 40%,471.644,524.142,52.4988,400,531.052,131.052,8.6621,6.94582,45.3319,-0.0224533,0.00332029
dish_1558113430,crop0p4,cropped to 40%,7.84,328.064,320.224,28,315.229,287.229,9.04163,9.77177,64.6524,-0.0152806,0.00431904
dish_1565035774,crop0p4,cropped to 40%,57.5,259.198,201.698,185,314.98,129.98,8.36658,2.57962,14.7897,-0.0451396,0.00277636
dish_1563551105,crop0p4,cropped to 40%,194.4,417.202,222.802,72,330.492,258.492,11.9333,3.70113,17.5931,0.0142384,0.00938648
dish_1566850142,crop0p4,cropped to 40%,464.951,573.983,109.032,284,561.245,277.245,9.62433,10.0748,68.5671,-0.015963,0.00682885
dish_1561574368,crop0p4,cropped to 40%,22,190.1,168.1,50,154.639,104.639,9.66263,2.89979,15.1145,-0.0285076,0.00765231
dish_1562085672,crop0p4,cropped to 40%,122.084,416.777,294.693,46,354.481,308.481,14.5688,5.633,29.56,-0.00563413,0.00933463
dish_1560526472,crop0p4,cropped to 40%,113.673,372.182,258.509,114,431.248,317.248,9.39005,9.32972,61.4188,0.0215333,0.00620476
dish_1566328776,crop0p4,cropped to 40%,901.81,674.488,227.322,436,498.126,62.1255,8.624,8.19323,57.826,0.000139117,0.00624897
dish_1566501594,crop0p4,cropped to 40%,508.049,613.556,105.507,109,557.081,448.081,8.36662,9.27202,58.2306,0.0130429,0.00499223
dish_1560368019,crop0p4,cropped to 40%,436.966,403.825,33.1408,301,397.214,96.2139,8.7975,9.77569,76.5446,0.0104132,0.0045881
dish_1561393764,crop0p4,cropped to 40%,280.8,534.922,254.122,182,454.532,272.532,9.63615,13.2505,87.4951,-0.0171696,0.00322206
dish_1558641200,crop0p4,cropped to 40%,3.28,145.243,141.963,8,178.044,170.044,9.87075,3.0254,17.8684,0.00978577,0.00203394
dish_1558639412,crop0p4,cropped to 40%,32.98,153.297,120.317,97,206.669,109.669,9.57304,2.52242,11.9542,0.00353265,0.003892
dish_1565123783,crop0p4,cropped to 40%,93.065,199.897,106.832,35,178.703,143.703,14.7707,0.539332,0.499531,-0.0235565,0.0169536
dish_1559157777,crop0p4,cropped to 40%,2.53,243.162,240.632,11,242.049,231.049,10.3771,6.45342,44.3618,-0.000403941,0.00316494
dish_1567785739,crop0p4,cropped to 40%,168.576,460.294,291.717,177,511.447,334.447,8.95356,6.41445,37.76,-0.0197861,0.00308818
dish_1564588889,crop0p4,cropped to 40%,234.494,372.445,137.951,346,423.605,77.605,8.25035,4.91271,26.6205,-0.00351632,0.00807335
dish_1561667207,crop0p4,cropped to 40%,249.445,631.883,382.439,121,427.823,306.823,8.27172,5.23451,34.0592,-0.033094,0.00506703
dish_1559850314,crop0p4,cropped to 40%,296.617,288.674,7.94293,100,112.18,12.1804,8.6984,2.86028,16.2602,-0.0296089,0.00463696
dish_1559233445,crop0p4,cropped to 40%,24.5,66.9704,42.4704,49,138.152,89.1523,9.77531,1.90463,6.74847,0.0382142,0.00488123
dish_1558030182,crop0p4,cropped to 40%,67.76,354.725,286.965,88,317.563,229.563,9.94898,3.18151,16.5389,0.0113052,0.0022806
dish_1567007719,crop0p4,cropped to 40%,14.28,165.356,151.076,42,275.693,233.693,9.49525,1.87055,6.91063,0.00853372,0.00295168
dish_1567785709,crop0p4,cropped to 40%,131.251,456.873,325.622,138,561.061,423.061,8.65226,5.98306,34.7836,0.0296211,0.00359717
dish_1558546434,crop0p4,cropped to 40%,2.53,171.773,169.243,11,191.444,180.444,8.73938,4.23525,29.8949,0.00189829,0.003478
dish_1560801773,crop0p4,cropped to 40%,13.5,163.288,149.788,54,168.973,114.973,8.18088,2.25543,4.32582,0.0214442,0.0105285
dish_1561662926,crop0p4,cropped to 40%,288.336,530.734,242.398,213,451.913,238.913,6.99711,9.79145,63.8997,0.0131034,0.0062367
dish_1565035858,crop0p4,cropped to 40%,375.228,729.935,354.707,531,705.17,174.17,10.0184,10.6465,78.037,0.0119526,0.00608961
dish_1565030391,crop0p4,cropped to 40%,609.334,230.356,378.978,313,298.062,14.9376,8.41919,10.8338,69.2031,0.000210643,0.00787006
dish_1562774099,crop0p4,cropped to 40%,51.9935,247.809,195.816,40,359.393,319.393,10.2001,6.24463,40.0758,-0.0017041,0.00569016
dish_1560801020,crop0p4,cropped to 40%,346.34,567.906,221.566,250,556.829,306.829,7.60996,17.6272,114.746,0.00669646,0.00863109
dish_1562690886,crop0p4,cropped to 40%,20.6117,148.108,127.496,37,178.803,141.803,8.77295,4.45623,26.6214,-0.0220296,0.00266464
dish_1564428144,crop0p4,cropped to 40%,205.213,290.646,85.4335,171,354.322,183.322,8.4184,5.25059,35.1053,-0.0164782,0.00497843
dish_1560456305,crop0p4,cropped to 40%,26.3916,171.305,144.914,21,207.023,186.023,10.3816,3.33042,18.5221,-0.0334661,0.0122266
dish_1565117429,crop0p4,cropped to 40%,390.873,321.311,69.562,147,172.726,25.7259,8.33734,2.96115,21.1408,0.00348449,0.00385208
dish_1564773876,crop0p4,cropped to 40%,258.328,160.148,98.1799,219,292.72,73.72,8.52468,4.24084,23.9598,-0.0191543,0.004756
dish_1560526552,crop0p4,cropped to 40%,359.241,644.851,285.61,319,643.828,324.828,8.87195,9.20391,65.9876,0.0186779,0.00565221
dish_1560526408,crop0p4,cropped to 40%,67.0982,142,74.9017,51,131.546,80.5458,8.30821,3.84307,22.074,-0.011187,0.00482293
dish_1562963325,crop0p4,cropped to 40%,760.162,607.231,152.931,379,542.759,163.759,7.62993,5.64042,34.9682,0.0104005,0.0032299
dish_1557937037,crop0p4,cropped to 40%,25.97,154.486,128.516,49,169.271,120.271,9.97007,3.05968,15.9454,0.000440001,0.00366391
dish_1561662216,crop0p4,cropped to 40%,300.794,600.175,299.381,193,529.805,336.805,8.49575,7.18405,45.3798,0.0199854,0.00866602
dish_1562099134,crop0p4,cropped to 40%,271.641,168.467,103.175,188,151.196,36.804,9.21863,1.64897,6.95622,-0.0136983,0.00474437
dish_1562008936,crop0p4,cropped to 40%,57.64,265.763,208.123,131,211.547,80.5468,7.42303,6.99621,42.8537,-0.0242822,0.00439541
dish_1565020867,crop0p4,cropped to 40%,255.805,413.736,157.931,325,556.825,231.825,10.2858,4.26649,24.3054,0.0297925,0.00731349
dish_1558720133,crop0p4,cropped to 40%,14.25,217.15,202.9,57,333.9,276.9,10.3253,3.98407,25.0639,0.0131686,0.0060127
dish_1561739238,crop0p4,cropped to 40%,274.19,400.919,126.729,257,490.416,233.416,7.4452,5.82913,38.0708,0.0163395,0.00532205
dish_1565711570,crop0p4,cropped to 40%,603.827,610.107,6.27984,324,575.376,251.376,8.68309,7.36157,47.2219,0.003986,0.00553984
dish_1562774206,crop0p4,cropped to 40%,298.764,382.249,83.4856,272,554.305,282.305,9.99358,5.28023,34.75,0.00515866,0.00311184
dish_1561148042,crop0p4,cropped to 40%,370.755,627.471,256.715,245,502.637,257.637,6.43474,14.6925,106.654,0.00459766,0.00819534
dish_1560444931,crop0p4,cropped to 40%,112.66,272.359,159.699,200,353.893,153.893,8.49071,4.01161,26.2062,0.000693083,0.00423318
dish_1558031302,crop0p4,cropped to 40%,56.98,315.153,258.173,74,384.161,310.161,9.65307,3.74942,20.6505,0.00839114,0.00227672
dish_1563566939,crop0p4,cropped to 40%,286.027,457.833,171.806,238,451.087,213.087,7.00596,10.8339,77.7434,-0.00400394,0.00451648
dish_1566587102,crop0p4,cropped to 40%,213.599,517.852,304.253,146,363.858,217.858,8.57658,4.30261,26.2143,-0.00592816,0.00340657
dish_1561405332,crop0p4,cropped to 40%,18.55,71.454,52.904,53,103.974,50.9736,7.89626,4.95861,30.2007,-0.0222672,0.00444603
dish_1564687013,crop0p4,cropped to 40%,330.841,174.659,156.182,224,160.762,63.2384,12.7825,2.1293,11.1362,-0.025398,0.0115011
dish_1563996464,crop0p4,cropped to 40%,100.489,300.809,200.32,146,339.647,193.647,7.71868,10.0118,65.9508,-0.000647187,0.0027838
dish_1563998279,crop0p4,cropped to 40%,565.005,607.381,42.3761,296,328.938,32.938,10.5395,4.80806,29.8586,-0.018598,0.00235322
dish_1565020755,crop0p4,cropped to 40%,43.28,208.443,165.163,8,108.512,100.512,11.3711,1.99977,10.5623,-0.0194471,0.00487436
dish_1557937758,crop0p4,cropped to 40%,106.783,348.001,241.218,128,389.159,261.159,8.16461,4.80367,32.1729,-0.000219822,0.00421741
dish_1559850338,crop0p4,cropped to 40%,307.117,379.988,72.8709,130,308.59,178.59,8.28461,5.44054,33.9053,-0.0321044,0.00573089
dish_1563305513,crop0p4,cropped to 40%,606.252,392.511,213.741,228,221.971,6.02938,9.79895,2.49495,15.6236,-0.00782734,0.00968501
dish_1563389548,crop0p4,cropped to 40%,438.828,428.921,9.90717,194,425.598,231.598,8.59149,9.92317,64.9969,-0.00839829,0.00585684
dish_1565898128,crop0p4,cropped to 40%,209.031,377.696,168.666,134,354.75,220.75,7.01095,3.43617,22.0471,-0.00266081,0.00302388
dish_1558549413,crop0p4,cropped to 40%,682.158,488.921,193.237,118,272.714,154.714,12.2765,8.62918,61.1114,0.0141708,0.00440614
dish_1562703345,crop0p4,cropped to 40%,154.28,596.121,441.841,58,354.05,296.05,7.85344,3.85135,27.0701,-0.0022468,0.0021831
dish_1565030350,crop0p4,cropped to 40%,62.5857,146.087,83.5013,62,227.55,165.55,8.74462,4.1922,24.4669,0.0082773,0.00655754
dish_1562774180,crop0p4,cropped to 40%,164.084,387.534,223.45,181,566.747,385.747,9.05947,4.69828,28.4487,0.00704002,0.00359504
dish_1559239256,crop0p4,cropped to 40%,60.16,111.728,51.5684,128,197.173,69.1734,9.7811,2.23394,8.56873,-0.0117301,0.0058626
dish_1563566909,crop0p4,cropped to 40%,222.53,480.607,258.077,187,345.321,158.321,7.6392,4.03371,26.6179,-0.0276185,0.00411558
dish_1563984199,crop0p4,cropped to 40%,322.68,429.189,106.509,670,571.418,98.5816,10.5824,3.68797,22.162,0.0330782,0.00407591
dish_1558722125,crop0p4,cropped to 40%,497.166,427.743,69.4233,86,232.321,146.321,11.3304,6.85332,50.5102,0.00481331,0.00334816
dish_1565123845,crop0p4,cropped to 40%,268.662,166.312,102.35,201,165.043,35.957,15.2822,0.661642,0.941714,-0.0208279,0.0178065
dish_1562168696,crop0p4,cropped to 40%,95.1148,259.963,164.848,141,393.61,252.61,8.195,5.0823,32.3455,-0.000547051,0.00426235
dish_1567785778,crop0p4,cropped to 40%,303.508,508.102,204.594,310,595.376,285.376,9.5133,4.18974,23.7316,0.00411618,0.00293995
dish_1564687090,crop0p4,cropped to 40%,498.019,324.245,173.774,416,388.384,27.6163,11.1756,12.3058,88.9484,0.0198435,0.00637918
dish_1563909507,crop0p4,cropped to 40%,117.926,292.22,174.294,151,428.374,277.374,9.58214,9.46274,67.1356,0.0123315,0.0022733
dish_1560526530,crop0p4,cropped to 40%,245.281,438.039,192.758,242,599.134,357.134,9.61963,10.3603,72.2418,-0.00327772,0.00709016
dish_1563295044,crop0p4,cropped to 40%,241.975,453.533,211.557,158,361.452,203.452,8.63868,4.98824,31.161,0.0293701,0.00622432
dish_1559844272,crop0p4,cropped to 40%,462.48,506.177,43.697,80,309.969,229.969,12.3019,4.09399,29.4837,-0.0275508,0.00212731
dish_1561578800,crop0p4,cropped to 40%,338.355,327.26,11.0944,146,305.241,159.241,7.57491,7.65659,52.6979,0.0156487,0.00406898
dish_1562099157,crop0p4,cropped to 40%,277.531,117.147,160.385,207,155.355,51.6445,7.68286,3.94244,26.7871,0.0325304,0.00534382
dish_1562703447,crop0p4,cropped to 40%,384.426,331.797,52.6295,259,264.898,5.89831,7.72899,4.98674,33.9865,0.0151203,0.00440794
dish_1566587143,crop0p4,cropped to 40%,354.399,652.727,298.327,234,535.774,301.774,9.05587,5.67714,38.1112,0.0127207,0.00161615
dish_1562618000,crop0p4,cropped to 40%,685.994,577.068,108.926,448,588.89,140.89,7.52602,20.0735,139.523,0.0016911,0.0109607
dish_1566851704,crop0p4,cropped to 40%,461.16,436.319,24.8407,348,502.793,154.793,8.16641,10.6372,70.8145,-0.00889933,0.00837284
dish_1566587182,crop0p4,cropped to 40%,531.261,722.248,190.987,377,654.466,277.466,8.8037,6.9839,47.4864,0.0231674,0.00626843
dish_1558718680,crop0p4,cropped to 40%,132.963,399.044,266.081,23,168.349,145.349,9.03155,5.83132,40.3764,0.0216761,0.00242513
dish_1563898019,crop0p4,cropped to 40%,343.977,431.85,87.8726,237,395.358,158.358,8.91802,4.43506,25.3065,0.0176061,0.00365415
dish_1558718610,crop0p4,cropped to 40%,113.527,312.502,198.975,107,305.86,198.86,10.781,4.37908,23.5148,0.000834703,0.00420291
dish_1565894910,crop0p4,cropped to 40%,537.113,646.179,109.066,179,369.289,190.289,9.51216,7.77662,62.2703,0.0388639,0.00479217
dish_1561578865,crop0p4,cropped to 40%,417.185,391.53,25.6552,246,335.812,89.8121,6.91794,11.8822,84.8616,0.000125289,0.00425315
dish_1568401167,crop0p4,cropped to 40%,426.36,695.548,269.188,228,579.174,351.174,10.2139,11.9603,74.489,-0.00885046,0.00626642
dish_1564689219,crop0p4,cropped to 40%,506.847,471.514,35.3326,474,574.731,100.731,8.29553,7.37834,57.6832,0.00589681,0.00458405
dish_1563984296,crop0p4,cropped to 40%,436.337,701.855,265.518,871,645.051,225.949,9.41867,4.48447,33.4761,0.0192523,0.00424653
dish_1558110478,crop0p4,cropped to 40%,205.439,364.225,158.786,161,445.926,284.926,10.7672,6.2016,43.2453,0.0201293,0.00248762
dish_1563295016,crop0p4,cropped to 40%,127.88,407.943,280.063,79,318.587,239.587,8.1508,3.82673,20.9906,0.0218061,0.00285739
dish_1557861216,crop0p4,cropped to 40%,0,125.099,125.099,1,81.0469,80.0469,10.8471,1.27576,2.6949,0.0354958,0.00760888
dish_1558376801,crop0p4,cropped to 40%,4.2,130.479,126.279,15,89.4327,74.4327,6.90719,6.61854,49.2943,0.0272478,0.00179943
dish_1561739188,crop0p4,cropped to 40%,97.09,116.886,19.7964,143,89.665,53.335,7.80083,2.60298,13.7162,0.00123751,0.00570498
dish_1565020822,crop0p4,cropped to 40%,180.565,411.913,231.348,193,530.772,337.772,9.16377,4.79145,31.7467,0.0222876,0.00574945
dish_1561667238,crop0p4,cropped to 40%,268.805,674.911,406.106,165,516.72,351.72,7.6173,10.5582,73.9954,-0.0220528,0.00543729
dish_1558114209,crop0p4,cropped to 40%,30.6,271.095,240.495,90,448.812,358.812,9.85279,3.47286,20.0495,0.00583255,0.003007
dish_1561654392,crop0p4,cropped to 40%,494.065,626.245,132.179,282,658.456,376.456,9.08005,9.27528,61.4521,-0.00623262,0.00664604
dish_1564160043,crop0p4,cropped to 40%,245,394.502,149.502,98,303.313,205.313,9.13116,3.79531,21.3284,-0.00488359,0.00387788
dish_1558376364,crop0p4,cropped to 40%,48.99,209.054,160.064,71,303.423,232.423,9.99917,7.81704,62.9634,0.0202833,0.00314464
dish_1566849987,crop0p4,cropped to 40%,562.97,562.83,0.139503,540,531.92,8.08042,9.08059,13.1017,93.1768,-0.0171653,0.00702362
dish_1563898107,crop0p4,cropped to 40%,440.693,368.494,72.1994,424,502.51,78.5102,9.19577,6.04584,37.1017,0.0200453,0.00669055
dish_1558635489,crop0p4,cropped to 40%,78.514,258.878,180.364,74,251.441,177.441,10.0806,3.88027,21.2825,-0.0192642,0.00455102
dish_1566589933,crop0p4,cropped to 40%,89.06,522.997,433.937,122,396.504,274.504,7.4,5.45611,35.1505,0.00606024,0.00374041
dish_1568401199,crop0p4,cropped to 40%,459.643,659.324,199.68,343,632.048,289.048,9.73615,11.793,73.9483,-0.00331181,0.00631488
dish_1563898084,crop0p4,cropped to 40%,419.493,423.567,4.07411,384,465.442,81.4419,8.3482,6.01176,37.6797,0.00619745,0.00533567
dish_1565898158,crop0p4,cropped to 40%,240.426,439.189,198.763,194,500.602,306.602,10.7452,10.7542,77.5081,0.0304807,0.00573813
dish_1560368464,crop0p4,cropped to 40%,349.45,435.44,85.99,275,398.232,123.232,8.05359,4.34996,24.8749,0.0356654,0.00606739
dish_1565898230,crop0p4,cropped to 40%,780.202,651.23,128.972,500,557.521,57.5206,8.49372,7.55168,49.9378,-0.00579268,0.00692083
dish_1566316757,crop0p4,cropped to 40%,448.383,567.132,118.75,819,601.147,217.853,9.26691,6.59356,46.1908,-0.0133002,0.00503233
dish_1566849923,crop0p4,cropped to 40%,127.97,371.83,243.86,240,361.501,121.501,9.11257,4.67933,27.702,0.032861,0.00786173
dish_1562009934,crop0p4,cropped to 40%,434.914,372.647,62.267,369,481.667,112.667,8.77344,10.3349,72.4412,0.0125498,0.0065122
dish_1560456370,crop0p4,cropped to 40%,258.383,451.455,193.072,186,405.235,219.235,9.54617,10.624,68.1738,-0.0288241,0.00697702
dish_1561741090,crop0p4,cropped to 40%,161.54,255.368,93.8282,221,288.971,67.9706,8.8671,3.27185,23.4489,-0.0301215,0.00371186
dish_1565811000,crop0p4,cropped to 40%,342.85,590.88,248.03,225,629.629,404.629,9.93538,10.6059,78.6023,0.0447593,0.00622348
dish_1560444892,crop0p4,cropped to 40%,39.54,140.833,101.293,90,141.771,51.7711,9.82561,1.26479,2.68511,0.0234839,0.00715904
dish_1563565508,crop0p4,cropped to 40%,403.862,467.277,63.4149,387,547.972,160.972,8.64313,11.0531,75.7752,0.0195754,0.00910031
dish_1556575327,crop0p4,cropped to 40%,103.3,280.637,177.337,152,282.468,130.468,8.77065,11.5589,74.992,0.0137304,0.00452106
dish_1564428102,crop0p4,cropped to 40%,133.22,157.925,24.7053,107,245.673,138.673,7.92444,3.79067,24.6245,-0.0175725,0.0050615
dish_1558376306,crop0p4,cropped to 40%,372.168,603.424,231.256,108,353.143,245.143,10.2086,7.89666,60.5344,0.0251511,0.00280576
dish_1561654374,crop0p4,cropped to 40%,326.356,618.074,291.719,251,695.985,444.985,9.27507,9.96802,67.4658,-0.00152528,0.0082955
dish_1566328831,crop0p4,cropped to 40%,941.61,727.308,214.302,500,666.632,166.632,8.75436,8.43843,58.6601,-0.0168427,0.0062208
dish_1562168673,crop0p4,cropped to 40%,56.3548,155.58,99.2256,73,221.321,148.321,7.01415,4.12679,24.3885,0.00387239,0.00418441
dish_1558375886,crop0p4,cropped to 40%,1050.51,566.206,484.306,277,447.397,170.397,9.75178,11.1326,78.8251,-0.0159756,0.00660125
dish_1564773976,crop0p4,cropped to 40%,516.089,611.63,95.5404,463,644.404,181.404,8.66346,7.42418,49.8571,0.0310749,0.00678767
dish_1566851584,crop0p4,cropped to 40%,286.295,171.17,115.125,222,232.057,10.0568,7.11278,6.44337,43.784,-0.02098,0.00550367
dish_1560800988,crop0p4,cropped to 40%,314.866,569.257,254.391,230,554.682,324.682,7.3483,16.9238,107.865,0.020569,0.00843573
dish_1559849497,crop0p4,cropped to 40%,521.433,482.935,38.4985,340,260.75,79.2496,9.93598,6.68603,49.9522,-0.00108665,0.00425702
dish_1562008979,crop0p4,cropped to 40%,382.937,527.231,144.294,290,516.584,226.584,8.23334,13.3903,95.0101,0.013247,0.00545827
dish_1560445004,crop0p4,cropped to 40%,339.598,520.61,181.012,290,542.989,252.989,7.526,8.23508,56.5505,0.021693,0.00698712
dish_1561662190,crop0p4,cropped to 40%,117.318,551.9,434.582,104,544.964,440.964,8.11003,6.46,40.5797,-0.0115088,0.0060573
dish_1559844366,crop0p4,cropped to 40%,529.22,638.154,108.934,192,354.848,162.848,9.94645,6.14004,45.4399,-0.0199861,0.00737256
dish_1563998244,crop0p4,cropped to 40%,259.479,180.416,79.0634,170,148.758,21.242,12.8119,0.693229,0.654182,-0.00514328,0.0177216
dish_1566838378,crop0p4,cropped to 40%,286.21,413.477,127.267,482,601.144,119.144,9.1985,6.00529,37.4494,0.00811124,0.00278892
dish_1566851616,crop0p4,cropped to 40%,300.779,312.936,12.1567,248,380.232,132.232,7.9728,8.0201,52.7558,0.0236259,0.00496949
dish_1565034605,crop0p4,cropped to 40%,52.4912,219.805,167.314,52,310.106,258.106,8.56636,4.38948,27.1412,0.019309,0.00239389
dish_1558030435,crop0p4,cropped to 40%,246.94,348.472,101.532,221,521.38,300.38,9.40271,5.6854,33.2754,0.00433111,0.0043123
dish_1558114284,crop0p4,cropped to 40%,162.23,305.35,143.12,316,496.052,180.052,10.8615,4.83771,32.5638,0.00151527,0.00192026
dish_1565638515,crop0p4,cropped to 40%,198.971,244.332,45.3609,165,271.123,106.123,7.72586,6.35482,44.3735,0.00469446,0.00449248
dish_1558376212,crop0p4,cropped to 40%,300.612,586.716,286.104,52,249.999,197.999,10.2819,7.02771,54.5263,0.000166535,0.00249816
dish_1560975491,crop0p4,cropped to 40%,37.84,307.582,269.742,86,318.457,232.457,8.42751,6.70051,42.5414,0.0230464,0.00458692
dish_1565035715,crop0p4,cropped to 40%,15.6,138.921,123.321,39,124.014,85.0136,11.9143,2.14648,11.215,-0.02191,0.00515662
dish_1558375833,crop0p4,cropped to 40%,317.032,500.311,183.279,92,253.164,161.164,9.38509,7.11825,55.1846,-0.0216164,0.00212061
dish_1561574428,crop0p4,cropped to 40%,84.0024,283.772,199.77,172,382.411,210.411,9.26335,10.7622,69.3763,-0.00266999,0.00567922
dish_1561147997,crop0p4,cropped to 40%,185.18,271.029,85.8492,133,203.998,70.9981,6.96729,5.29747,34.8536,0.00264192,0.00624568
dish_1565974375,crop0p4,cropped to 40%,459.85,361.893,97.9574,85,210.866,125.866,9.7293,5.38723,31.7245,-0.0148836,0.00468699
dish_1560801829,crop0p4,cropped to 40%,256.896,351.089,94.1936,178,293.348,115.348,7.95543,7.85373,49.3815,0.0222621,0.00549499
dish_1561574848,crop0p4,cropped to 40%,182.258,477.524,295.266,155,526.45,371.45,6.69512,20.7097,151.975,0.0134681,0.00588744
dish_1558722171,crop0p4,cropped to 40%,24.25,160.751,136.501,97,259.792,162.792,12.6983,3.35579,21.7768,0.0296526,0.00383638
dish_1559844323,crop0p4,cropped to 40%,518.37,587.231,68.8606,161,331.244,170.244,10.5132,5.92168,44.6026,-0.0109996,0.00670004
dish_1568401302,crop0p4,cropped to 40%,716.479,636.011,80.4683,561,609.202,48.2018,9.26398,10.8169,68.8299,-0.00767809,0.00823373
dish_1558461607,crop0p4,cropped to 40%,87.63,319.271,231.641,127,348.145,221.145,10.0461,6.4998,51.0926,0.0138797,0.00303004
dish_1558031394,crop0p4,cropped to 40%,237.41,425.906,188.496,318,507.115,189.115,8.88051,6.37984,38.3308,0.0156225,0.00679885
dish_1562172600,crop0p4,cropped to 40%,263.6,389.249,125.649,370,592.019,222.019,10.9046,3.84323,23.7765,0.00346315,0.00380576
dish_1562790855,crop0p4,cropped to 40%,739.376,616.575,122.801,507,556.153,49.1532,8.81393,6.43492,43.9828,-0.00570762,0.00805683
dish_1560526514,crop0p4,cropped to 40%,183.253,422.424,239.172,224,551.995,327.995,9.11891,10.7945,74.4492,-0.0135311,0.00827343
dish_1558546663,crop0p4,cropped to 40%,330.734,452.768,122.034,197,326.315,129.315,8.24162,7.34933,49.2562,-0.00547612,0.00542081
dish_1560368570,crop0p4,cropped to 40%,555.933,644.738,88.8057,452,523.934,71.9336,8.79196,8.33975,52.8982,0.000399709,0.00745187
dish_1565638550,crop0p4,cropped to 40%,277.657,432.917,155.26,215,383.423,168.423,8.17532,6.70681,45.9565,0.011392,0.00378288
dish_1563897938,crop0p4,cropped to 40%,54.1,150.087,95.9871,10,110.829,100.829,11.7644,2.11688,8.67595,-0.0245572,0.00772223
dish_1558376734,crop0p4,cropped to 40%,206.76,379.694,172.934,60,174.999,114.999,7.9986,6.5603,48.4922,0.0312785,0.00178403
dish_1567785622,crop0p4,cropped to 40%,30.78,81.3189,50.5389,54,194.876,140.876,6.92351,3.84039,22.4843,0.00915992,0.00384694
dish_1558639526,crop0p4,cropped to 40%,31.98,56.5986,24.6186,78,138.746,60.7456,8.58981,3.38603,19.4062,-0.00882685,0.00278774
dish_1559849053,crop0p4,cropped to 40%,381.528,78.7488,302.779,125,168.615,43.6151,9.04515,4.7801,34.2973,0.0203128,0.00577119
dish_1558031237,crop0p4,cropped to 40%,31.62,193.372,161.752,93,330.873,237.873,9.36354,2.68801,12.615,-0.00722563,0.00326002
dish_1564773847,crop0p4,cropped to 40%,238.028,58.8075,179.22,161,166.396,5.3958,9.76171,2.20295,12.6035,-0.0221104,0.00344573
dish_1566590056,crop0p4,cropped to 40%,815.648,733.034,82.6132,519,558.117,39.1167,8.43684,7.24427,49.5482,-0.00681287,0.00628911
dish_1564773942,crop0p4,cropped to 40%,491.94,543.087,51.147,442,571.523,129.523,8.88484,7.04723,47.4961,0.0293243,0.00581325
dish_1561393715,crop0p4,cropped to 40%,17.15,167.621,150.471,49,266.388,217.388,9.7239,9.06227,58.6434,-0.0240469,0.00339464
dish_1563897981,crop0p4,cropped to 40%,243.54,412.803,169.263,138,364.851,226.851,9.07974,3.35744,17.8441,0.0337063,0.00349734
dish_1558545738,crop0p4,cropped to 40%,73.84,215.556,141.716,142,335.328,193.328,11.3686,2.50207,12.0886,-0.0156549,0.0029651
dish_1558718649,crop0p4,cropped to 40%,25.84,221.287,195.447,76,342.928,266.928,10.3298,3.00938,15.5023,0.00635791,0.00329714
dish_1562690950,crop0p4,cropped to 40%,109.062,320.404,211.342,202,414.201,212.201,7.96938,5.78701,37.8289,0.0130304,0.00349225
dish_1564689108,crop0p4,cropped to 40%,203.662,188.654,15.0082,159,174.958,15.9578,7.67989,4.74353,35.1304,-0.0219615,0.00450755
dish_1561578775,crop0p4,cropped to 40%,295.149,316.227,21.0776,111,162.47,51.4701,8.4863,2.34232,13.9504,0.0181103,0.0036405
dish_1558110385,crop0p4,cropped to 40%,52.87,250.177,197.307,34,291.121,257.121,8.46917,4.01117,23.649,0.0236515,0.00501824
dish_1563998513,crop0p4,cropped to 40%,757.505,650.209,107.296,599,506.135,92.8648,10.334,6.1218,40.2005,0.0151714,0.00281022
dish_1559844458,crop0p4,cropped to 40%,55.89,51.2559,4.63412,81,56.6926,24.3074,8.72147,4.00002,24.2856,0.0195433,0.00751329
dish_1566316681,crop0p4,cropped to 40%,116.763,322.243,205.48,122,234.48,112.48,7.47844,4.27043,25.4282,-0.0272009,0.00494771
dish_1566851549,crop0p4,cropped to 40%,226.015,164.448,61.5672,85,137.226,52.2261,14.0528,0.973764,3.42468,-0.0433487,0.00705981
dish_1565034681,crop0p4,cropped to 40%,323.553,490.852,167.299,185,478.539,293.539,9.25881,4.59186,28.654,0.00430322,0.00658075
dish_1558635523,crop0p4,cropped to 40%,55.9,232.54,176.64,43,212.171,169.171,11.1365,3.28734,16.6172,0.0151958,0.00635745
dish_1559239369,crop0p4,cropped to 40%,130.92,310.861,179.941,276,451.958,175.958,10.5205,10.0498,62.3737,-0.0221905,0.00403412
dish_1566849955,crop0p4,cropped to 40%,147.17,277.331,130.161,288,333.439,45.439,9.40945,5.1351,32.5332,0.0280617,0.00748584
dish_1559849537,crop0p4,cropped to 40%,549.523,506.254,43.2689,393,290.845,102.155,10.1251,6.77773,51.795,-0.00739193,0.00390348
dish_1562776428,crop0p4,cropped to 40%,33.6998,328.971,295.271,66,339.036,273.036,8.92804,5.15219,31.8037,-0.00561726,0.00138321
dish_1560800918,crop0p4,cropped to 40%,70.8256,270.984,200.158,40,271.021,231.021,7.63464,10.0892,61.9925,0.0123588,0.00507645
dish_1565898193,crop0p4,cropped to 40%,291.914,384.329,92.4147,268,488.729,220.729,10.1425,11.193,80.1221,0.030431,0.00956951
dish_1558376874,crop0p4,cropped to 40%,335.298,587.031,251.733,58,264.796,206.796,9.21342,5.54605,41.3425,0.00944054,0.00382919
dish_1558630176,crop0p4,cropped to 40%,73.84,232.529,158.689,142,346.84,204.84,12.3819,2.78754,15.1289,0.00135815,0.00154089
dish_1565034635,crop0p4,cropped to 40%,124.089,265.825,141.735,110,356.604,246.604,8.15834,6.12075,39.764,0.0280932,0.00559374
dish_1561405356,crop0p4,cropped to 40%,206.645,721.383,514.738,176,548.448,372.448,9.29915,11.9444,80.6086,0.0107298,0.00606712
dish_1557937427,crop0p4,cropped to 40%,26.435,204.597,178.162,17,151.829,134.829,7.7774,2.23208,10.0248,0.0091002,0.00401508
dish_1563551220,crop0p4,cropped to 40%,561.704,526.35,35.354,558,548.737,9.26262,9.34071,6.92817,47.3306,-0.0171553,0.00578826
dish_1560368506,crop0p4,cropped to 40%,462.934,633.403,170.469,378,519.815,141.815,8.54305,5.90471,37.8456,0.0135504,0.00494665
dish_1566589967,crop0p4,cropped to 40%,381.662,640.696,259.034,322,454.348,132.348,7.29794,7.44473,48.7564,0.00797379,0.00594482
dish_1560444948,crop0p4,cropped to 40%,171.317,385.811,214.494,231,423.007,192.007,8.58502,8.18029,60.4542,0.024168,0.00620206
dish_1560975572,crop0p4,cropped to 40%,96.99,357.126,260.136,159,404.855,245.855,7.5353,11.314,76.3762,0.0224135,0.00770515
dish_1558719994,crop0p4,cropped to 40%,768.873,518.51,250.363,133,291.862,158.862,11.7898,6.15761,44.2056,0.0172269,0.00338075
dish_1563208439,crop0p4,cropped to 40%,92.61,330.261,237.651,96,337.672,241.672,9.30615,4.675,29.0762,-0.026642,0.0018638
dish_1566920304,crop0p4,cropped to 40%,296.4,351.353,54.9534,570,565.83,4.17005,10.6558,3.99372,24.2261,0.0140709,0.00479954
dish_1561393741,crop0p4,cropped to 40%,188.83,282.36,93.5296,165,360.092,195.092,9.44783,11.1277,73.9808,-0.0189203,0.00411368
dish_1557862738,crop0p4,cropped to 40%,319.78,526.364,206.584,118,284.171,166.171,10.3844,3.66383,21.6623,0.0327139,0.00305956
dish_1559233627,crop0p4,cropped to 40%,64.92,160.37,95.4504,12,41.3643,29.3643,9.04809,4.01419,25.0387,-0.0105911,0.00231366
dish_1565896745,crop0p4,cropped to 40%,368.54,419.678,51.1373,244,420.869,176.869,8.58535,9.54822,66.9254,-0.0146593,0.00479536
dish_1562099076,crop0p4,cropped to 40%,110.181,157.235,47.0542,61,159.446,98.4461,13.6218,0.72701,1.41827,-0.0499253,0.0186507
dish_1562700568,crop0p4,cropped to 40%,246.864,591.768,344.903,318,504.04,186.04,8.37425,9.35978,66.373,0.00397193,0.00544321
dish_1566838286,crop0p4,cropped to 40%,72.5,242.121,169.621,145,282.427,137.427,9.17848,2.10105,9.78324,0.00795031,0.00278168
dish_1561147967,crop0p4,cropped to 40%,177.98,274.971,96.991,85,237.972,152.972,7.82688,5.22523,35.393,-0.0206745,0.00655161
dish_1563565415,crop0p4,cropped to 40%,303.477,565.67,262.192,284,564.95,280.95,8.56385,7.66514,49.8198,-0.00579703,0.00932884
dish_1558722247,crop0p4,cropped to 40%,604.616,564.645,39.9711,343,350.94,7.94029,9.99784,7.63292,55.6356,0.00553608,0.00378709
dish_1566920365,crop0p4,cropped to 40%,490.422,691.313,200.891,871,720.572,150.428,8.73108,9.77276,74.1725,0.00991178,0.00347009
dish_1561574815,crop0p4,cropped to 40%,74.853,305.676,230.824,89,430.392,341.392,7.25149,20.6931,141.751,0.0054754,0.00756521
dish_1565118782,crop0p4,cropped to 40%,557.522,512.79,44.7312,353,508.866,155.866,8.12481,9.62005,65.895,0.00385249,0.00813295
dish_1562168648,crop0p4,cropped to 40%,41.5948,168.12,126.525,32,194.406,162.406,8.29969,4.53734,27.5101,0.0250005,0.0050905
dish_1563996485,crop0p4,cropped to 40%,178.039,369.761,191.722,201,433.468,232.468,7.67833,10.0993,67.3293,0.0097785,0.00398696
dish_1567785654,crop0p4,cropped to 40%,51.78,261.528,209.748,96,416.198,320.198,8.47892,4.23309,24.5345,-0.0215793,0.00354199
dish_1558113941,crop0p4,cropped to 40%,296.89,406.381,109.491,78,278.415,200.415,8.09327,8.39815,54.3378,0.00787425,0.00362924
dish_1557937157,crop0p4,cropped to 40%,355.25,473.727,118.477,271,485.149,214.149,9.32155,7.10379,50.1365,0.00381529,0.00594152
dish_1558719570,crop0p4,cropped to 40%,74.36,220.596,146.236,143,292.991,149.991,11.0883,2.82368,14.6892,-0.0238798,0.00183865
dish_1560367904,crop0p4,cropped to 40%,76.0231,128.544,52.5213,69,93.6377,24.6377,8.13708,2.05402,10.8679,-0.0229436,0.00359999
dish_1558375732,crop0p4,cropped to 40%,45.54,193.189,147.649,66,244.578,178.578,9.37517,7.29536,57.8114,0.0109196,0.0025598
dish_1565711453,crop0p4,cropped to 40%,198.32,325.168,126.848,134,313.267,179.267,10.322,3.37344,18.1662,-0.00436085,0.00389296
dish_1557862345,crop0p4,cropped to 40%,103.95,308.573,204.623,63,185.892,122.892,7.98671,4.04002,25.2119,-0.00485057,0.00334989
dish_1566851677,crop0p4,cropped to 40%,354.774,479.265,124.491,296,518.325,222.325,7.96792,10.6312,70.4167,0.00283968,0.007398
dish_1560368395,crop0p4,cropped to 40%,49.32,148.738,99.4182,137,209.253,72.253,8.03437,1.44606,5.6664,-0.00312811,0.00704815
dish_1562876531,crop0p4,cropped to 40%,66.0669,413.82,347.753,85,412.398,327.398,8.02562,4.17611,25.4831,0.0187231,0.00600172
dish_1566920339,crop0p4,cropped to 40%,449.532,504,54.4679,730,687.765,42.2351,9.94422,6.38135,46.3799,0.0269818,0.00380186
dish_1558717604,crop0p4,cropped to 40%,73.84,239.994,166.154,142,308.154,166.154,11.4479,3.09674,15.1557,-0.00851196,0.00161715
dish_1561574456,crop0p4,cropped to 40%,203.657,423.823,220.165,217,474.253,257.253,8.65033,11.8271,78.48,0.00997496,0.00549048
dish_1563478751,crop0p4,cropped to 40%,950.395,681.214,269.181,545,485.968,59.0318,9.13815,6.31157,45.7719,0.0476817,0.00685719
dish_1558376437,crop0p4,cropped to 40%,13.26,104.837,91.5771,39,177.961,138.961,8.36736,3.23994,17.4472,0.00922728,0.0034769
dish_1561654346,crop0p4,cropped to 40%,79.1955,195.04,115.844,84,264.613,180.613,8.75026,6.96936,44.6424,-0.0157574,0.00469422
dish_1559842047,crop0p4,cropped to 40%,153.69,262.21,108.52,285,360.469,75.4686,10.5586,2.62955,13.7478,-0.0413725,0.00502094
dish_1562009894,crop0p4,cropped to 40%,244.807,337.387,92.5802,200,463.018,263.018,8.93208,7.47983,50.3834,-0.0208398,0.00521305
dish_1565118700,crop0p4,cropped to 40%,16.66,215.806,199.146,49,243.237,194.237,8.62699,4.15833,27.5911,0.0141079,0.00340363
dish_1563221025,crop0p4,cropped to 40%,245.446,280.015,34.5694,123,180.038,57.0378,9.17955,2.62752,14.92,0.0693535,0.00701272
dish_1558461692,crop0p4,cropped to 40%,231.24,450.608,219.368,40,166.424,126.424,8.70873,6.68507,49.9654,-0.00228751,0.0028863
dish_1558031133,crop0p4,cropped to 40%,136.51,219.359,82.8494,110,186.093,76.0931,9.56676,4.02354,25.897,-0.0503383,0.00305165
dish_1563565323,crop0p4,cropped to 40%,229.53,311.091,81.5609,152,300.087,148.087,7.88976,4.20624,23.6521,-0.00193691,0.00930751
dish_1562617939,crop0p4,cropped to 40%,234.966,251.932,16.9656,133,254.078,121.078,8.64251,2.85367,16.1783,0.0127467,0.0051292
dish_1558722207,crop0p4,cropped to 40%,83.2,105.893,22.693,160,285.922,125.922,10.2738,2.23625,10.7741,-0.00888115,0.00426988
dish_1558635546,crop0p4,cropped to 40%,60.84,229.94,169.1,117,299.857,182.857,12.1643,2.82282,14.8937,-0.00851715,0.00268224
dish_1558639849,crop0p4,cropped to 40%,23.37,131.315,107.945,57,212.955,155.955,9.22951,3.42246,20.1304,-0.0273616,0.0013978
dish_1565020895,crop0p4,cropped to 40%,348.126,407.847,59.7207,416,565.777,149.777,10.2647,5.05571,30.1009,0.0025177,0.00672161
dish_1562963246,crop0p4,cropped to 40%,324.398,176.957,147.441,122,177.865,55.8649,14.3903,0.73733,1.27217,-0.0246847,0.0169942
dish_1563909550,crop0p4,cropped to 40%,310.32,324.634,14.3142,273,445.159,172.159,9.37956,6.59881,43.5723,-0.0089131,0.00357548
dish_1563998323,crop0p4,cropped to 40%,634.505,634.02,0.484754,574,489.225,84.7748,10.3965,6.45836,42.4185,0.00763309,0.00310305
dish_1567007783,crop0p4,cropped to 40%,50,238.888,188.888,106,400.108,294.108,8.54922,2.8077,14.6564,0.0127163,0.00368031
dish_1559849020,crop0p4,cropped to 40%,46.23,97.0353,50.8053,67,179.453,112.453,8.63462,4.07804,27.1793,0.0224643,0.00480152
dish_1557936555,crop0p4,cropped to 40%,149.28,238.052,88.7716,96,141.981,45.9814,7.60557,2.50327,12.817,-0.00205272,0.00551007
dish_1562009006,crop0p4,cropped to 40%,470.717,631.249,160.532,323,602.08,279.08,8.25223,13.3231,95.565,-0.00384241,0.0055929
dish_1559239151,crop0p4,cropped to 40%,9.2,267.737,258.537,40,345.289,305.289,9.46798,8.228,56.6698,-0.0121694,0.00300597
dish_1560526490,crop0p4,cropped to 40%,141.673,405.099,263.427,170,557.632,387.632,8.96399,9.95946,66.4738,-0.00927091,0.00777643
dish_1565811139,crop0p4,cropped to 40%,902.2,550.834,351.366,416,608.563,192.563,8.09754,25.8712,189.494,0.0103171,0.00776311
dish_1558635400,crop0p4,cropped to 40%,25,262.221,237.221,100,342.838,242.838,9.69471,4.24698,26.7698,0.0128666,0.00612505
dish_1558461792,crop0p4,cropped to 40%,331,260.441,70.5595,233,398.741,165.741,9.31712,8.35448,59.135,0.000406265,0.00638679
dish_1565811025,crop0p4,cropped to 40%,361.05,496.153,135.103,277,577.851,300.851,9.92202,20.5745,148.728,0.00978398,0.00680057
dish_1560800951,crop0p4,cropped to 40%,102.826,410.164,307.338,168,412.024,244.024,7.43969,10.1846,64.162,0.000827551,0.00628547
dish_1559846688,crop0p4,cropped to 40%,82.8325,292.076,209.244,73,345.535,272.535,7.31886,6.04806,46.7008,-0.0224305,0.00420123
dish_1558630207,crop0p4,cropped to 40%,670.596,492.438,178.158,116,219.789,103.789,10.738,5.48405,41.3367,0.0199265,0.00346175
dish_1559157454,crop0p4,cropped to 40%,34.5646,148.463,113.899,28,153.101,125.101,8.05272,6.19515,42.7419,0.0318377,0.00352419
dish_1562876494,crop0p4,cropped to 40%,40.1069,256.034,215.927,26,222.065,196.065,7.48354,3.1113,19.1698,0.0422975,0.00484544
dish_1561574479,crop0p4,cropped to 40%,363.614,530.884,167.27,293,614.972,321.972,8.98706,15.142,103.652,0.0184213,0.00555058
dish_1561654326,crop0p4,cropped to 40%,59.7926,176.773,116.98,46,220.796,174.796,8.76181,5.38456,33.0737,0.000406861,0.00455634
dish_1563996441,crop0p4,cropped to 40%,80.2392,290.207,209.968,65,345.594,280.594,8.61745,9.18506,59.0134,-0.0154771,0.00310358
dish_1560801883,crop0p4,cropped to 40%,512.111,532.619,20.5073,315,490.527,175.527,7.89317,11.6572,76.4642,-0.006217,0.00767761
dish_1560801859,crop0p4,cropped to 40%,428.704,292.394,136.311,262,315.445,53.4446,7.71882,7.88709,49.8156,0.00402617,0.00591732
dish_1562691064,crop0p4,cropped to 40%,555.304,537.701,17.6026,501,605.992,104.992,8.32847,6.04411,40.3283,0.0370749,0.00375708
dish_1558030383,crop0p4,cropped to 40%,140.66,441.179,300.519,26,194.559,168.559,9.98851,4.70382,28.7252,0.00758469,0.00233741
dish_1563389626,crop0p4,cropped to 40%,498.62,353.271,145.349,360,407.539,47.5387,12.1084,4.21566,24.5863,0.0103297,0.00488123
dish_1565898331,crop0p4,cropped to 40%,155.993,173.26,17.2669,100,124.503,24.5026,7.431,3.25657,21.9392,0.0823293,0.00520537
dish_1567007751,crop0p4,cropped to 40%,39.93,229.433,189.503,87,379.679,292.679,8.50697,2.75729,14.17,0.006724,0.00262671
dish_1558720097,crop0p4,cropped to 40%,30.34,222.144,191.804,74,237.41,163.41,9.2142,4.03306,25.1107,0.0312101,0.00285499
dish_1558110297,crop0p4,cropped to 40%,29.07,217.061,187.991,51,289.914,238.914,8.21947,7.44885,56.8294,-0.0228535,0.00192559
dish_1561574783,crop0p4,cropped to 40%,29.6268,203.485,173.858,24,270.041,246.041,7.97826,10.5866,69.1214,0.0102462,0.00385079
dish_1563220987,crop0p4,cropped to 40%,224.988,197.635,27.3521,110,173.664,63.6637,9.45446,2.38136,13.8972,0.0484279,0.00662748
dish_1568305198,crop0p4,cropped to 40%,311.354,501.528,190.174,82,288.418,206.418,10.582,5.09669,26.9179,0.0199343,0.00384583
dish_1561405389,crop0p4,cropped to 40%,265.983,680.397,414.413,223,493.151,270.151,9.39109,12.4914,83.6275,0.0504519,0.00736677
dish_1565638599,crop0p4,cropped to 40%,368.698,519.698,150.999,279,459.785,180.785,8.40733,8.42371,57.5117,0.0115498,0.00405418
dish_1565986702,crop0p4,cropped to 40%,211.344,291.515,80.1707,204,222.169,18.1692,7.54831,7.90922,53.7636,0.00672758,0.00314739
dish_1559578599,crop0p4,cropped to 40%,229.98,429.595,199.615,193,467.983,274.983,8.49113,6.71904,46.3166,-0.0134262,0.00339925
dish_1559233715,crop0p4,cropped to 40%,83.6,265.59,181.99,110,201.799,91.7988,9.62996,3.43576,20.9228,0.00725973,0.0033304
dish_1559849466,crop0p4,cropped to 40%,467.613,495.293,27.6802,262,247.623,14.3774,10.4302,6.10772,46.0411,0.000868917,0.00184575
dish_1558630325,crop0p4,cropped to 40%,751.542,552.061,199.481,269,364.517,95.5168,10.0915,7.44177,55.1357,0.0025754,0.00603146
dish_1565035802,crop0p4,cropped to 40%,69.2,366.478,297.278,250,455.006,205.006,8.62334,3.20177,20.7093,0.0204734,0.00432654
dish_1558641253,crop0p4,cropped to 40%,116.71,234.517,117.807,110,204.507,94.5074,10.6914,2.91549,13.8851,0.00496674,0.00708985
dish_1560444967,crop0p4,cropped to 40%,197.378,405.298,207.92,252,461.36,209.36,7.9464,7.0116,47.9767,0.0142695,0.00616614
dish_1559233570,crop0p4,cropped to 40%,16.83,155.702,138.872,51,203.231,152.231,11.1949,3.64809,24.0487,-0.0102611,0.00146777
dish_1565034661,crop0p4,cropped to 40%,219.813,502.453,282.64,146,465.592,319.592,9.52834,5.39549,33.9168,0.00945973,0.00571225
dish_1561663541,crop0p4,cropped to 40%,124.32,370.831,246.511,112,272.568,160.568,9.6319,4.75638,29.4031,0.0163906,0.00259136
dish_1557937715,crop0p4,cropped to 40%,20.67,246.937,226.267,39,286.981,247.981,9.09724,2.51014,12.1093,0.00393403,0.00188888
dish_1566838407,crop0p4,cropped to 40%,358.948,453.304,94.3565,558,657.329,99.3288,10.1014,6.12016,38.4421,0.0103755,0.00441958
dish_1562691000,crop0p4,cropped to 40%,326.622,479.113,152.491,349,583.339,234.339,9.06094,7.73239,53.5056,0.0397358,0.00414582
dish_1564427406,crop0p4,cropped to 40%,305.37,496.532,191.162,135,449.095,314.095,9.05683,12.5598,86.8581,-0.00855148,0.00858399
dish_1561662814,crop0p4,cropped to 40%,23.2435,252.388,229.145,20,241.07,221.07,7.74449,5.11847,32.4014,0.00619888,0.0020296
dish_1565638478,crop0p4,cropped to 40%,47.6158,165.502,117.886,91,212.165,121.165,9.16921,5.30698,37.1404,-0.0125751,0.00433692
dish_1562690917,crop0p4,cropped to 40%,69.0617,300.409,231.347,122,392.446,270.446,8.05457,5.98463,37.7563,0.00162745,0.0048569
dish_1558549806,crop0p4,cropped to 40%,781.958,669.434,112.524,203,377.863,174.863,11.4306,13.5926,94.632,0.010765,0.00797507
dish_1561578839,crop0p4,cropped to 40%,362.155,365.095,2.94002,214,303.574,89.5738,7.44259,11.9655,85.0857,0.00457656,0.00498758
dish_1558376984,crop0p4,cropped to 40%,671.678,638.758,32.9196,350,571.246,221.246,9.86833,8.01887,53.8737,-0.0198995,0.00654521
dish_1563996509,crop0p4,cropped to 40%,365.185,392.143,26.9577,316,415.758,99.7576,7.1968,10.0422,68.1217,0.00590122,0.00417416
dish_1558110436,crop0p4,cropped to 40%,85.629,299.6,213.971,69,245.728,176.728,9.36351,5.71156,40.098,0.0236011,0.0019641
dish_1564686966,crop0p4,cropped to 40%,153.205,135.46,17.7444,65,128.46,63.4598,13.9106,1.06675,3.86264,0.0268991,0.0170512
dish_1562099053,crop0p4,cropped to 40%,98.383,146.693,48.3098,37,156.16,119.16,14.0938,0.751905,1.35689,0.00585341,0.0163322
dish_1563208459,crop0p4,cropped to 40%,186.486,373.285,186.799,161,399.565,238.565,8.74721,5.42026,34.8514,-0.0209469,0.00400706
dish_1566850031,crop0p4,cropped to 40%,616.772,569.548,47.2235,662,538.551,123.449,9.19676,10.5724,81.6618,-0.00196636,0.00357841
dish_1565711527,crop0p4,cropped to 40%,484.807,600.935,116.128,302,551.744,249.744,8.97559,6.24398,39.2371,0.00424755,0.00517949
dish_1562703382,crop0p4,cropped to 40%,203.87,583.811,379.941,145,342.976,197.976,7.75219,4.53639,31.8329,-0.00802505,0.0054823
dish_1566502437,crop0p4,cropped to 40%,74.564,316.452,241.888,64,290.908,226.908,9.2513,4.34175,26.3167,0.00461411,0.00334763
dish_1561662842,crop0p4,cropped to 40%,263.125,577.961,314.836,172,478.357,306.357,7.84035,9.9127,64.8308,0.00929356,0.00452203
dish_1562691032,crop0p4,cropped to 40%,419.682,514.948,95.266,415,603.437,188.437,8.49635,8.13561,57.2075,0.0300765,0.00385632
dish_1565974409,crop0p4,cropped to 40%,688.65,587.914,100.736,228,334.897,106.897,9.65337,4.36605,24.9671,0.0404389,0.00505326
dish_1558372948,crop0p4,cropped to 40%,687.939,638.995,48.9439,119,293.178,174.178,10.157,6.16077,46.957,-0.0219659,0.00333555
dish_1560367980,crop0p4,cropped to 40%,421.465,231.92,189.545,254,390.697,136.697,10.3394,6.29465,44.1725,0.012978,0.00796219
dish_1560444914,crop0p4,cropped to 40%,62.34,238.099,175.759,166,381.286,215.286,9.38761,3.55837,21.1756,0.00401402,0.00479244
dish_1557937335,crop0p4,cropped to 40%,47.158,200.724,153.566,38,120.534,82.534,9.49987,2.50772,14.55,0.0132083,0.00391077
dish_1563221157,crop0p4,cropped to 40%,418.152,418.614,0.461732,352,487.21,135.21,8.67238,8.79777,58.6341,-0.00355184,0.00634727
dish_1560526447,crop0p4,cropped to 40%,88.5928,297.345,208.752,70,338.698,268.698,7.93166,9.18244,59.4001,-0.00505036,0.00547312
dish_1562774159,crop0p4,cropped to 40%,90.7635,359.956,269.192,129,509.767,380.767,9.17158,5.07363,31.2577,-0.0353512,0.00471323
dish_1563998210,crop0p4,cropped to 40%,148.089,188.252,40.1628,91,156.688,65.6884,13.8848,0.632806,0.581488,-0.073061,0.0182763
dish_1565711498,crop0p4,cropped to 40%,246.827,434.693,187.865,229,467.558,238.558,9.82079,4.21084,24.6761,0.00850701,0.00325321
dish_1561663606,crop0p4,cropped to 40%,474.503,542.11,67.6067,347,428.35,81.35,9.43975,8.14602,52.7235,0.0432197,0.00559991
dish_1558114086,crop0p4,cropped to 40%,74.36,252.197,177.837,143,317.031,174.031,9.34238,4.3589,28.7149,0.0262576,0.0020956
dish_1558630288,crop0p4,cropped to 40%,7.106,101.411,94.305,11,167.329,156.329,8.06387,6.17648,45.3809,-0.00622433,0.00209924
dish_1563984167,crop0p4,cropped to 40%,291.68,433.362,141.682,608,568.79,39.2103,10.5448,3.74188,22.6114,0.02358,0.00437217
dish_1566416701,crop0p4,cropped to 40%,198.537,625.033,426.496,122,538.601,416.601,8.41395,9.20297,61.8266,-0.017437,0.00401077
dish_1560801797,crop0p4,cropped to 40%,25.6557,282.876,257.221,96,299.355,203.355,7.78731,6.16107,36.3572,0.033995,0.00224614
dish_1562172643,crop0p4,cropped to 40%,734.27,645.011,89.2592,457,477.586,20.5862,10.3257,6.12772,40.9049,0.0116272,0.00471895
dish_1565117463,crop0p4,cropped to 40%,435.313,507.094,71.7806,248,390.713,142.713,9.76652,13.9624,98.0209,0.011798,0.0060559
dish_1561741063,crop0p4,cropped to 40%,132.3,187.115,54.8152,135,240.35,105.35,8.63207,3.06101,21.8689,-0.0405964,0.00213972
dish_1568401233,crop0p4,cropped to 40%,490.393,668.545,178.152,418,646.418,228.418,10.0834,11.9999,76.0607,-0.00238401,0.0074905
dish_1565898432,crop0p4,cropped to 40%,450.225,315.681,134.544,282,381.57,99.5698,9.39113,12.6175,87.4955,0.00639498,0.00764336
dish_1565035746,jpeg10,heavy JPEG,43.1,207.976,164.876,149,201.971,52.9712,7.26099,84.0665,160.218,1.83325,0.0147755
dish_1558639818,jpeg10,heavy JPEG,20.06,95.9807,75.9207,59,157.143,98.1427,7.0043,135.342,289.272,1.46166,0.0201693
dish_1558549605,jpeg10,heavy JPEG,97.5,205.095,107.595,75,203.78,128.78,6.91094,129.515,267.213,1.60017,0.0192361
dish_1561663580,jpeg10,heavy JPEG,432.063,417.349,14.7145,307,265.115,41.8852,8.35234,172.285,298.137,1.55469,0.0226995
dish_1565898402,jpeg10,heavy JPEG,384.799,354.749,30.0505,229,241.658,12.6575,7.02682,134.75,275.715,1.49666,0.0142022
dish_1566328724,jpeg10,heavy JPEG,275.55,299.941,24.3905,167,205.788,38.7885,7.6162,121.05,238.635,1.44873,0.0210728
dish_1566838351,jpeg10,heavy JPEG,190.01,247.026,57.016,417,319.197,97.8032,7.51515,92.3431,185.573,2.03732,0.00943815
dish_1567107839,jpeg10,heavy JPEG,174.284,281.968,107.684,156,211.544,55.5436,7.35066,131.645,262.042,1.39837,0.0209755
dish_1558639787,jpeg10,heavy JPEG,24.75,232.148,207.398,99,211.617,112.617,7.13943,152.389,313.867,1.58308,0.0229771
dish_1562788601,jpeg10,heavy JPEG,413.17,519.333,106.162,287,397.392,110.392,6.99239,86.143,168.856,1.84988,0.0123927
dish_1560456326,jpeg10,heavy JPEG,206.873,248.476,41.6031,138,162.29,24.2902,8.60055,140.085,265.027,1.91303,0.0135849
dish_1564427430,jpeg10,heavy JPEG,345.62,349.282,3.66232,170,246.389,76.3889,8.15318,253.405,427.422,1.53937,0.015599
dish_1565896662,jpeg10,heavy JPEG,19.38,175.628,156.248,57,159.222,102.222,7.43192,135.094,280.653,1.09344,0.0154518
dish_1566414342,jpeg10,heavy JPEG,846.367,575.645,270.722,552,429.549,122.451,7.60618,127.412,246.207,1.52888,0.0157993
dish_1562617703,jpeg10,heavy JPEG,179.63,202.887,23.2574,110,177.438,67.4378,8.02775,117.65,222.754,1.56183,0.0171491
dish_1565020926,jpeg10,heavy JPEG,398.496,380.243,18.2536,489,403.981,85.0195,8.31804,99.3172,182.633,1.73988,0.00962316
dish_1564689168,jpeg10,heavy JPEG,352.947,414.394,61.4474,339,393.018,54.0181,7.53293,179.916,349.569,1.33642,0.0130759
dish_1560456348,jpeg10,heavy JPEG,210.283,281.941,71.6581,149,196.559,47.559,8.37738,170.621,321.315,1.77728,0.0162101
dish_1558641287,jpeg10,heavy JPEG,11.52,99.9967,88.4767,64,148.339,84.3389,6.65321,150.442,302.868,1.38989,0.0194476
dish_1558373008,jpeg10,heavy JPEG,251.558,268.309,16.7512,73,114.523,41.5226,6.74223,164.645,336.981,1.14025,0.0207605
dish_1561577947,jpeg10,heavy JPEG,623.204,539.538,83.6664,424,394.657,29.3432,6.61985,285.279,592.666,1.55041,0.0184646
dish_1558639440,jpeg10,heavy JPEG,60.32,119.398,59.0779,116,176.376,60.3764,7.30965,124.518,268.461,1.50461,0.0173417
dish_1565894889,jpeg10,heavy JPEG,257.813,331.446,73.6335,74,168.771,94.7711,6.82334,76.1063,155.951,1.69153,0.0128766
dish_1561147944,jpeg10,heavy JPEG,42.371,131.242,88.8714,34,145.255,111.255,8.08202,134.422,247.485,1.37406,0.0130745
dish_1557937079,jpeg10,heavy JPEG,146.07,304.875,158.805,27,141.013,114.013,7.48325,94.3969,171.814,2.24498,0.0172494
dish_1558641320,jpeg10,heavy JPEG,211.59,243.324,31.7343,336,300.983,35.0168,7.61799,179.23,359.634,1.47158,0.0255531
dish_1567007848,jpeg10,heavy JPEG,100.3,264.557,164.257,243,358.08,115.08,7.49649,95.3491,190.881,1.40128,0.0126912
dish_1565810969,jpeg10,heavy JPEG,4.6,213.785,209.185,20,227.367,207.367,9.02865,206.276,384.18,1.38491,0.00948627
dish_1562168800,jpeg10,heavy JPEG,237.525,325.474,87.9492,242,353.92,111.92,7.63855,149.634,280.181,1.60593,0.0155962
dish_1564687046,jpeg10,heavy JPEG,374.794,358.453,16.3413,308,297.923,10.0767,8.92936,168.29,330.85,1.23293,0.0139353
dish_1563221054,jpeg10,heavy JPEG,298.878,378.978,80.1005,170,287.762,117.762,6.48682,184.474,355.779,1.18318,0.0133485
dish_1565898361,jpeg10,heavy JPEG,370.671,374.751,4.07935,202,262.635,60.6351,7.29303,124.906,250.768,1.52161,0.0145846
dish_1560367926,jpeg10,heavy JPEG,408.523,461.389,52.8663,194,212.952,18.9523,7.09401,176.158,322.78,1.71472,0.0127196
dish_1560444869,jpeg10,heavy JPEG,14.04,205.64,191.6,39,183.781,144.781,10.6475,113.035,199.544,1.6306,0.0148265
dish_1559850283,jpeg10,heavy JPEG,271.707,322.423,50.7156,47,143.427,96.4267,6.233,75.6097,164.104,1.65313,0.0124408
dish_1566502505,jpeg10,heavy JPEG,454.517,485.236,30.7191,275,329.587,54.5866,6.59363,150.062,292.77,1.29981,0.0136931
dish_1565811091,jpeg10,heavy JPEG,504.4,473.613,30.7873,371,423.235,52.2345,7.70487,330.516,615.785,1.15155,0.0179778
dish_1561739265,jpeg10,heavy JPEG,292.04,328.251,36.2109,308,389.106,81.1056,6.91792,171.829,314.183,1.44596,0.0180576
dish_1558373159,jpeg10,heavy JPEG,1013.34,523.348,489.989,334,347.071,13.0709,7.30685,220.879,428.74,1.13162,0.0206928
dish_1565035830,jpeg10,heavy JPEG,340.128,463.326,123.198,414,441.744,27.7445,7.14922,225.094,442.56,1.30622,0.0158329
dish_1562788568,jpeg10,heavy JPEG,289.203,416.475,127.271,230,328.199,98.1989,6.76702,85.9453,169.456,1.76373,0.0120645
dish_1558376483,jpeg10,heavy JPEG,735.03,539.762,195.268,270,325.204,55.2039,7.71106,240.583,475.966,1.25863,0.0226547
dish_1561739160,jpeg10,heavy JPEG,34.77,137.629,102.859,61,222.442,161.442,8.13079,133.004,245.003,1.41023,0.0206834
dish_1558549773,jpeg10,heavy JPEG,2.3,27.8419,25.5419,10,73.0042,63.0042,5.84888,138.764,294.575,1.41166,0.0182853
dish_1561574394,jpeg10,heavy JPEG,61.5024,204.773,143.271,82,238.427,156.427,8.71494,194.614,394.433,1.62659,0.0134341
dish_1558461760,jpeg10,heavy JPEG,10.98,60.4346,49.4546,61,75.3812,14.3812,6.88814,148.795,310.167,1.40094,0.0212464
dish_1563909469,jpeg10,heavy JPEG,72.4028,60.4104,11.9925,64,92.204,28.204,7.09954,153.834,304.373,1.33776,0.0156239
dish_1558376938,jpeg10,heavy JPEG,51.06,202.789,151.729,74,156.057,82.0568,6.92292,171.763,352.163,1.10577,0.02066
dish_1565986733,jpeg10,heavy JPEG,387.929,397.678,9.74908,287,303.102,16.102,6.91209,179.164,301.75,1.50484,0.0174189
dish_1558639555,jpeg10,heavy JPEG,156.049,328.402,172.353,320,318.258,1.74155,8.08141,199.905,413.616,1.54269,0.0206247
dish_1558546558,jpeg10,heavy JPEG,254.364,292.535,38.1709,44,76.4166,32.4166,7.88168,164.55,342.516,1.26563,0.0207282
dish_1563984242,jpeg10,heavy JPEG,402.117,617.476,215.359,753,623.125,129.875,7.53264,114.017,226.268,1.81173,0.0135631
dish_1559849097,jpeg10,heavy JPEG,495.928,302.733,193.195,325,286.016,38.9836,6.44721,91.7149,186,1.87744,0.0116229
dish_1563566965,jpeg10,heavy JPEG,370.827,394.699,23.8722,286,383.793,97.7931,7.55414,201.089,394.471,1.37999,0.0115144
dish_1566849895,jpeg10,heavy JPEG,112.31,247.045,134.735,153,207.308,54.3078,9.2402,156.528,295.511,1.33706,0.013408
dish_1559157919,jpeg10,heavy JPEG,37.0946,95.9861,58.8915,39,112.441,73.4412,7.22116,249.226,444.226,1.55548,0.0246374
dish_1558113477,jpeg10,heavy JPEG,289.05,392.268,103.218,50,154.255,104.255,6.67383,161.061,324.169,1.17704,0.0203644
dish_1559238993,jpeg10,heavy JPEG,61.56,185.57,124.01,108,199.754,91.7544,7.6804,170.25,323.718,1.48534,0.0196513
dish_1562788506,jpeg10,heavy JPEG,114.588,181.382,66.7938,108,181.575,73.5752,8.87504,50.6177,104.864,1.72909,0.0159477
dish_1562774129,jpeg10,heavy JPEG,73.0835,198.8,125.717,77,201.502,124.502,7.76767,124.636,235.995,1.28816,0.0118791
dish_1559578551,jpeg10,heavy JPEG,124.43,245.739,121.309,23,46.0134,23.0134,7.30181,131.938,262.233,1.47734,0.0183297
dish_1562788536,jpeg10,heavy JPEG,245.132,349.44,104.308,190,261.037,71.0372,6.62993,81.803,159.699,1.82991,0.0129317
dish_1559233756,jpeg10,heavy JPEG,189.85,301.954,112.104,222,273.877,51.8774,6.67944,192.09,382.133,1.45585,0.025314
dish_1564428181,jpeg10,heavy JPEG,510.051,510.263,0.212251,320,336.987,16.9873,6.43084,263.841,517.553,1.22686,0.0135537
dish_1565118729,jpeg10,heavy JPEG,435.493,300.159,135.335,248,227.7,20.3,8.06212,125.376,256.827,1.27946,0.0120888
dish_1568305225,jpeg10,heavy JPEG,428.668,393.229,35.4387,144,296.179,152.179,7.73031,134.502,267.915,1.51526,0.0113154
dish_1566414291,jpeg10,heavy JPEG,345.142,441.616,96.4742,244,313.387,69.3875,6.73867,119.643,238.271,1.41044,0.0151906
dish_1561661347,jpeg10,heavy JPEG,50.67,262.387,211.717,132,254.374,122.374,8.05597,197.548,372.481,1.25737,0.0202095
dish_1566501575,jpeg10,heavy JPEG,251.694,380.997,129.303,54,299.706,245.706,7.52232,147.185,310.499,1.45721,0.0133163
dish_1563218408,jpeg10,heavy JPEG,245.34,274.065,28.7249,87,208.558,121.558,8.11409,196.324,317.912,1.45767,0.00949546
dish_1561661377,jpeg10,heavy JPEG,306.334,423.88,117.547,294,381.939,87.9394,6.92211,194.598,354.409,1.37207,0.0201735
dish_1558639876,jpeg10,heavy JPEG,68.18,294.326,226.146,215,258.217,43.2168,9.26197,242.946,500.655,1.38379,0.0238455
dish_1566849862,jpeg10,heavy JPEG,77.05,121.755,44.7051,67,131.118,64.118,9.44921,144.942,275.712,1.34888,0.0108746
dish_1566502573,jpeg10,heavy JPEG,821.51,616.884,204.626,487,484.927,2.07325,6.22581,166.096,330.021,1.2747,0.01443
dish_1562009810,jpeg10,heavy JPEG,119.88,206.59,86.7099,108,148.996,40.9959,7.9555,174.923,301.452,1.26529,0.0213672
dish_1564675411,jpeg10,heavy JPEG,235.531,425.266,189.735,308,378.348,70.348,7.48989,153.13,281.137,1.32021,0.0169952
dish_1560203424,jpeg10,heavy JPEG,451.754,377.371,74.3834,138,159.288,21.2878,7.76831,129.362,249.529,1.86919,0.0138674
dish_1562790824,jpeg10,heavy JPEG,437.072,445.744,8.6721,368,312.981,55.0187,6.92204,126.94,247.782,1.46851,0.0114986
dish_1558030289,jpeg10,heavy JPEG,38.52,105.286,66.7662,107,161.885,54.8848,6.90118,134.527,279.356,1.17583,0.0201116
dish_1560444985,jpeg10,heavy JPEG,198.938,334.774,135.836,264,310.151,46.1506,7.56229,132.934,275.585,1.6713,0.0161158
dish_1563984140,jpeg10,heavy JPEG,245.44,334.233,88.7933,472,302.67,169.33,8.18544,83.4404,168.247,1.90588,0.0158026
dish_1561662160,jpeg10,heavy JPEG,41.8383,172.181,130.342,36,138.897,102.897,7.46839,141.198,282.902,1.32812,0.0155291
dish_1558641164,jpeg10,heavy JPEG,80.08,145.074,64.9942,154,214.625,60.6254,7.65425,147.324,288.638,1.48286,0.0208706
dish_1558110335,jpeg10,heavy JPEG,37.87,207.763,169.893,7,121.548,114.548,6.7256,145.532,284.611,1.22224,0.0190724
dish_1565811061,jpeg10,heavy JPEG,380.32,388.6,8.28025,324,395.78,71.78,9.21418,274.543,510.561,1.206,0.013896
dish_1559844490,jpeg10,heavy JPEG,108.36,230.502,122.142,180,250.993,70.9928,6.35668,91.6171,181.429,1.80201,0.0127021
dish_1562786103,jpeg10,heavy JPEG,93.081,193.284,100.203,57,187.72,130.72,8.73389,82.8179,170.137,1.58675,0.012058
dish_1563897087,jpeg10,heavy JPEG,102.44,249.997,147.557,231,219.196,11.8041,7.69877,107.295,196.596,1.46592,0.0129247
dish_1566590007,jpeg10,heavy JPEG,740.762,548.672,192.09,457,457.449,0.449483,8.0956,169.952,312.895,1.6205,0.0134642
dish_1560975517,jpeg10,heavy JPEG,42.39,182.241,139.851,99,194.88,95.8798,7.76199,143.551,267.962,1.59957,0.0213695
dish_1557936645,jpeg10,heavy JPEG,11.88,191.018,179.138,36,165.087,129.087,6.93581,90.9035,165.686,2.20926,0.0162411
dish_1565020796,jpeg10,heavy JPEG,90.6,352.066,261.466,99,241.531,142.531,7.31931,89.7453,160.577,1.86651,0.0183632
dish_1559578579,jpeg10,heavy JPEG,142.58,293.823,151.243,78,158.871,80.8713,7.10503,183.516,348.135,1.43743,0.0220112
dish_1557862783,jpeg10,heavy JPEG,442.98,416.388,26.5921,258,257.195,0.805049,8.93812,197.309,280.114,2.17946,0.024935
dish_1560975601,jpeg10,heavy JPEG,233.936,507.092,273.157,253,434.316,181.316,7.22754,192.204,363.081,1.44664,0.019778
dish_1560367952,jpeg10,heavy JPEG,414.733,245.048,169.685,221,264.729,43.7285,7.71307,217.753,401.063,1.58349,0.0130599
dish_1563565454,jpeg10,heavy JPEG,350.789,281.585,69.2043,322,291.016,30.9838,6.56635,177.216,325.401,1.30399,0.0135121
dish_1562703408,jpeg10,heavy JPEG,311.209,377.127,65.9173,196,309.221,113.221,7.54262,97.9158,182.013,1.60631,0.0106886
dish_1564689138,jpeg10,heavy JPEG,268.267,321.784,53.5175,223,282.983,59.9832,7.41578,163.16,314.663,1.42536,0.0123783
dish_1563221086,jpeg10,heavy JPEG,328.278,424.15,95.8724,254,319.668,65.668,5.9973,189.29,353.786,1.58109,0.0121576
dish_1567007814,jpeg10,heavy JPEG,73,199.141,126.141,152,291.579,139.579,7.84089,92.68,181.318,1.60981,0.0137923
dish_1565896701,jpeg10,heavy JPEG,294.473,242.95,51.5236,184,240.887,56.8868,8.19671,85.3665,178.164,1.35503,0.0128749
dish_1557937615,jpeg10,heavy JPEG,6.93,133.949,127.019,21,151.013,130.013,7.28191,84.2581,154.222,2.16392,0.0156879
dish_1564427455,jpeg10,heavy JPEG,354.26,410.808,56.5481,218,283.621,65.6207,7.93636,237.161,418.88,1.3677,0.0146404
dish_1564588859,jpeg10,heavy JPEG,183.586,339.857,156.271,257,269.331,12.3308,7.83364,85.1216,149.615,1.74802,0.0191101
dish_1561577848,jpeg10,heavy JPEG,413.348,432.992,19.6439,254,315.558,61.5582,7.85013,155.902,327.377,1.8139,0.0143435
dish_1563389600,jpeg10,heavy JPEG,451.428,337.477,113.951,264,293.957,29.9565,8.16463,146.914,285.934,1.42689,0.0102811
dish_1566316726,jpeg10,heavy JPEG,409.523,566.41,156.887,685,518.052,166.948,7.63627,93.8427,187.788,1.82245,0.0124737
dish_1562776465,jpeg10,heavy JPEG,173.432,343.743,170.311,212,280.659,68.6589,6.65713,136.588,254.498,1.56773,0.0136466
dish_1568401261,jpeg10,heavy JPEG,530.393,432.089,98.3043,443,368.631,74.3686,7.85286,136.573,249.59,1.69838,0.0194429
dish_1559841950,jpeg10,heavy JPEG,11.2,128.911,117.711,32,152.984,120.984,7.69381,71.7805,148.261,1.73788,0.0116781
dish_1558375667,jpeg10,heavy JPEG,687.939,467.234,220.705,119,186.676,67.6761,7.07246,192.771,375.701,1.09704,0.0212925
dish_1558639482,jpeg10,heavy JPEG,30.769,115.69,84.9213,29,157.085,128.085,7.30256,117.376,248.805,1.46758,0.0173066
dish_1566328805,jpeg10,heavy JPEG,927.81,580.364,347.446,488,467.085,20.9149,7.7111,149.301,305.702,1.48174,0.0187956
dish_1558114145,jpeg10,heavy JPEG,57.27,256.5,199.23,83,200.066,117.066,7.17516,162.068,335.525,1.16098,0.0208396
dish_1562700593,jpeg10,heavy JPEG,385.774,547.943,162.169,384,345.587,38.4131,7.74648,190.713,364.306,1.52361,0.0139017
dish_1557937574,jpeg10,heavy JPEG,5.59,107.175,101.585,13,90.5843,77.5843,7.21008,86.1642,150.714,2.3245,0.0145844
dish_1561661324,jpeg10,heavy JPEG,33,254.119,221.119,75,216.798,141.798,8.41867,175.017,310.74,1.47888,0.0246068
dish_1564588820,jpeg10,heavy JPEG,81.12,265.891,184.771,156,250.827,94.8271,7.98561,65.5679,116.723,1.87427,0.020899
dish_1566414225,jpeg10,heavy JPEG,125.182,260.039,134.857,88,220.663,132.663,6.60797,97.6845,204.396,1.24362,0.0172819
dish_1568305257,jpeg10,heavy JPEG,837.148,526.371,310.777,420,394.299,25.7007,7.57369,143.141,284.973,1.57586,0.0127378
dish_1564773826,jpeg10,heavy JPEG,10.08,19.6284,9.54838,56,109.629,53.6288,7.43023,115.445,229.839,1.18376,0.016576
dish_1562700496,jpeg10,heavy JPEG,31,145.887,114.887,124,170.314,46.3141,8.87167,132.69,245.281,1.41717,0.0178901
dish_1566850099,jpeg10,heavy JPEG,113.058,217.583,104.525,112,194.156,82.1561,6.76606,114.599,233.68,1.52869,0.010173
dish_1560975628,jpeg10,heavy JPEG,348.273,579.817,231.544,296,465.72,169.72,7.0686,195.269,367.965,1.34314,0.0215377
dish_1558461431,jpeg10,heavy JPEG,1.15,79.1228,77.9728,5,87.631,82.631,6.76972,167.531,347.539,1.357,0.0217141
dish_1558635618,jpeg10,heavy JPEG,220.254,294.865,74.6113,334,371.003,37.0027,9.21548,285.22,568.341,1.30947,0.0265998
dish_1561148021,jpeg10,heavy JPEG,361.765,494.294,132.528,216,281.235,65.2348,6.74436,205.905,381.281,1.33734,0.0171004
dish_1566328745,jpeg10,heavy JPEG,282.03,349.231,67.2008,203,320.956,117.956,7.66377,147.778,294.094,1.34754,0.0199633
dish_1558373074,jpeg10,heavy JPEG,73.84,154.933,81.0927,142,186.357,44.3568,7.09655,157.551,299.308,1.17211,0.0220688
dish_1561662869,jpeg10,heavy JPEG,284.346,343.068,58.7221,192,264.595,72.5951,6.93791,188.959,355.221,1.26503,0.0182665
dish_1558544663,jpeg10,heavy JPEG,141.44,360.109,218.669,208,271.33,63.3297,8.18782,152.16,315.196,1.27877,0.0239779
dish_1564588919,jpeg10,heavy JPEG,335.944,375.026,39.0815,452,401.125,50.8748,7.53308,95.5314,171.023,1.7807,0.0122044
dish_1563909580,jpeg10,heavy JPEG,544.312,357.618,186.694,361,335.065,25.9351,8.9404,177.372,347.034,1.39051,0.014189
dish_1565894858,jpeg10,heavy JPEG,132.84,169.39,36.5498,27,150.815,123.815,7.84593,73.1855,149.81,1.57733,0.0134801
dish_1564689078,jpeg10,heavy JPEG,72.3608,90.6497,18.2889,55,129.687,74.6869,7.68197,121.035,241.244,1.24387,0.013683
dish_1566414412,jpeg10,heavy JPEG,920.12,565.97,354.15,658,436.378,221.622,7.02422,143.836,272.651,1.50446,0.0123692
dish_1566502537,jpeg10,heavy JPEG,517.644,527.81,10.1661,315,402.674,87.6744,6.21481,154.759,309.599,1.24537,0.0140362
dish_1558718587,jpeg10,heavy JPEG,10.25,155.082,144.832,41,139.811,98.8107,6.93823,124.873,263.356,1.3889,0.0192342
dish_1563551164,jpeg10,heavy JPEG,339.756,464.011,124.255,270,345.655,75.6555,7.44252,105.824,204.622,1.53173,0.0166586
dish_1558720236,jpeg10,heavy JPEG,887.823,541.899,345.924,407,387.003,19.9967,7.7622,202.924,406.12,1.32182,0.0252249
dish_1562776497,jpeg10,heavy JPEG,291.832,378.677,86.8445,292,296.022,4.02249,6.86373,163.059,308.682,1.42988,0.0156807
dish_1563565289,jpeg10,heavy JPEG,93.368,128.25,34.8823,88,164.916,76.9163,8.63205,135.352,255.449,1.18931,0.0174311
dish_1559849412,jpeg10,heavy JPEG,352.641,350.982,1.65892,61,155.717,94.7173,6.96217,75.7245,161.365,1.56816,0.0111694
dish_1559934477,jpeg10,heavy JPEG,25.08,245.141,220.061,57,195.434,138.434,6.31443,113.577,230.453,1.73522,0.00864177
dish_1557936599,jpeg10,heavy JPEG,22.05,166.678,144.628,63,144.989,81.989,7.06609,104.058,188.644,2.11915,0.0166244
dish_1563565354,jpeg10,heavy JPEG,272.315,297.666,25.3512,193,237.424,44.4236,7.30351,168.015,298.533,1.29331,0.0187387
dish_1561405411,jpeg10,heavy JPEG,332.063,347.825,15.7616,282,317.307,35.3069,8.4009,187.385,364.686,1.38628,0.016535
dish_1566502472,jpeg10,heavy JPEG,132.919,297.122,164.203,119,281.838,162.838,7.144,133.079,263.917,1.29119,0.013119
dish_1566838317,jpeg10,heavy JPEG,114.2,158.015,43.8153,284,226.717,57.2831,9.09673,88.6117,178.022,2.02571,0.0128762
dish_1565123881,jpeg10,heavy JPEG,406.822,538.427,131.606,515,435.819,79.1813,8.42007,218.805,409.967,1.45222,0.0171798
dish_1563551134,jpeg10,heavy JPEG,246.92,299.732,52.8117,173,179.971,6.9713,7.86305,102.275,195.819,1.49026,0.0226078
dish_1558718906,jpeg10,heavy JPEG,282.58,371.336,88.7558,247,275.048,28.0478,8.4469,246.527,498.794,1.31757,0.0249914
dish_1562963289,jpeg10,heavy JPEG,349.918,364.724,14.8058,180,261.255,81.2549,7.17172,92.239,176.831,1.4667,0.0145237
dish_1562790775,jpeg10,heavy JPEG,75.6863,135.694,60.0074,40,156.628,116.628,8.28722,107.749,203.129,1.59278,0.012486
dish_1560801041,jpeg10,heavy JPEG,432.244,478.934,46.6895,292,410.346,118.346,6.82551,200.161,398.319,1.6136,0.0149826
dish_1565123816,jpeg10,heavy JPEG,250.917,215.09,35.8265,110,159.224,49.2244,8.59867,75.0529,133.098,2.01311,0.0164314
dish_1558031351,jpeg10,heavy JPEG,12.3,75.2128,62.9128,41,96.4621,55.4621,6.03142,139.967,289.122,1.10252,0.0198976
dish_1559841979,jpeg10,heavy JPEG,39.29,117.066,77.7756,85,185.017,100.017,6.76504,72.0794,148.136,1.79042,0.0116491
dish_1560203400,jpeg10,heavy JPEG,293.28,313.095,19.8148,104,150.634,46.6341,7.28437,109.903,218.428,1.92429,0.0124643
dish_1563294987,jpeg10,heavy JPEG,97.38,187.373,89.993,18,150.084,132.084,6.17029,141.768,263.712,1.06455,0.0133991
dish_1563208412,jpeg10,heavy JPEG,62.4,177.515,115.115,39,145.642,106.642,7.46783,113.327,215.622,1.64056,0.0152375
dish_1557862696,jpeg10,heavy JPEG,19.25,186.6,167.35,77,205.016,128.016,10.2654,199.961,251.031,2.04016,0.0325087
dish_1561739212,jpeg10,heavy JPEG,134.01,256.785,122.775,214,336.557,122.557,6.27418,145.809,280.16,1.43163,0.0185997
dish_1564675380,jpeg10,heavy JPEG,87.331,193.359,106.028,23,167.521,144.521,8.8113,121.644,223.936,1.31579,0.0149286
dish_1564773903,jpeg10,heavy JPEG,316.828,305.156,11.6718,336,311.168,24.8319,7.46964,123.047,244.362,1.48126,0.0123071
dish_1558376768,jpeg10,heavy JPEG,74.36,185.215,110.855,143,210.616,67.6163,7.86582,138.633,289.114,1.25072,0.0195999
dish_1563897047,jpeg10,heavy JPEG,66.04,330.447,264.407,127,283.853,156.853,6.78139,97.8742,178.463,1.63082,0.0162589
dish_1562172561,jpeg10,heavy JPEG,150.8,352.974,202.174,290,358.647,68.6467,8.77973,104.958,190.927,1.59557,0.0200338
dish_1563551194,jpeg10,heavy JPEG,471.644,511.691,40.0479,400,374.221,25.7789,7.4734,131.148,242.091,1.53064,0.0174846
dish_1558113430,jpeg10,heavy JPEG,7.84,183.928,176.088,28,155.993,127.993,6.97486,188.691,371.701,1.12502,0.0213267
dish_1565035774,jpeg10,heavy JPEG,57.5,202.387,144.887,185,214.521,29.5206,8.25032,95.8139,187.169,1.66612,0.0142353
dish_1563551105,jpeg10,heavy JPEG,194.4,265.338,70.9383,72,187.175,115.175,8.55962,82.2572,163.442,1.5118,0.0193754
dish_1566850142,jpeg10,heavy JPEG,464.951,532.753,67.8021,284,370.126,86.1263,6.81615,127.373,255.84,1.45457,0.010842
dish_1561574368,jpeg10,heavy JPEG,22,201.741,179.741,50,232.298,182.298,8.98429,138.138,280.785,1.82436,0.0106556
dish_1562085672,jpeg10,heavy JPEG,122.084,249.605,127.521,46,182.387,136.387,7.92436,130.817,260.208,1.40756,0.0220832
dish_1560526472,jpeg10,heavy JPEG,113.673,205.091,91.4181,114,217.879,103.879,7.22532,162.167,308.405,1.43714,0.0147867
dish_1566328776,jpeg10,heavy JPEG,901.81,554.069,347.741,436,393.082,42.9183,7.39984,147.204,303.573,1.47192,0.0187803
dish_1566501594,jpeg10,heavy JPEG,508.049,410.285,97.7637,109,303.567,194.567,7.57015,138.566,294.98,1.43566,0.0121923
dish_1560368019,jpeg10,heavy JPEG,436.966,409.65,27.316,301,324.298,23.298,6.63424,274.421,519.224,1.56173,0.0168567
dish_1561393764,jpeg10,heavy JPEG,280.8,396.277,115.477,182,233.95,51.9504,6.53556,161.175,309.113,1.74265,0.0139616
dish_1558641200,jpeg10,heavy JPEG,3.28,108.919,105.639,8,137.045,129.045,6.99926,127.233,271.394,1.56432,0.0177008
dish_1558639412,jpeg10,heavy JPEG,32.98,83.3883,50.4083,97,83.8015,13.1985,7.91628,124.019,267.409,1.39931,0.0199013
dish_1565123783,jpeg10,heavy JPEG,93.065,240.79,147.725,35,163.212,128.212,8.15748,68.2901,122.307,1.83696,0.0197581
dish_1559157777,jpeg10,heavy JPEG,2.53,61.002,58.472,11,63.6964,52.6964,7.49401,204.578,376.107,1.58503,0.0207828
dish_1567785739,jpeg10,heavy JPEG,168.576,217.07,48.4935,177,209.618,32.6176,7.05201,111.673,219.644,1.6181,0.0122114
dish_1564588889,jpeg10,heavy JPEG,234.494,327.306,92.812,346,357.363,11.3626,7.4557,87.9308,159.508,1.75578,0.0125401
dish_1561667207,jpeg10,heavy JPEG,249.445,353.667,104.222,121,258.34,137.34,7.51062,137.079,256.936,1.4065,0.0173553
dish_1559850314,jpeg10,heavy JPEG,296.617,251.017,45.6002,100,168.387,68.3874,5.81982,77.3925,163.578,1.53792,0.0121717
dish_1559233445,jpeg10,heavy JPEG,24.5,125.748,101.248,49,144.479,95.4791,7.51527,117.16,249.116,1.55348,0.0187083
dish_1558030182,jpeg10,heavy JPEG,67.76,142.15,74.3896,88,126.243,38.2428,7.35941,142.048,287.766,1.1075,0.021074
dish_1567007719,jpeg10,heavy JPEG,14.28,75.2164,60.9364,42,101.126,59.1259,7.42102,80.5934,159.056,1.5799,0.0154755
dish_1567785709,jpeg10,heavy JPEG,131.251,246.241,114.99,138,225.105,87.1051,6.85015,102.097,206.378,1.44962,0.0119846
dish_1558546434,jpeg10,heavy JPEG,2.53,55.0341,52.5041,11,48.5345,37.5345,7.10404,160.141,340.134,1.28263,0.0188722
dish_1560801773,jpeg10,heavy JPEG,13.5,176.009,162.509,54,138.218,84.2182,8.36958,85.9134,177.216,2.39887,0.00648459
dish_1561662926,jpeg10,heavy JPEG,288.336,380.293,91.9579,213,288.632,75.6315,6.03063,190.007,358.473,1.34333,0.0173702
dish_1565035858,jpeg10,heavy JPEG,375.228,466.323,91.095,531,444.015,86.9846,7.85575,171.379,328.945,1.47961,0.0146472
dish_1565030391,jpeg10,heavy JPEG,609.334,334.301,275.033,313,276.432,36.5682,6.76594,210.233,385.699,1.44143,0.0132621
dish_1562774099,jpeg10,heavy JPEG,51.9935,131.414,79.4206,40,138.874,98.8743,6.69189,124.185,238.014,1.24859,0.0129643
dish_1560801020,jpeg10,heavy JPEG,346.34,488.519,142.179,250,441.495,191.495,7.35612,201.42,408.307,1.54564,0.0155468
dish_1562690886,jpeg10,heavy JPEG,20.6117,150.065,129.453,37,182.562,145.562,7.02737,102.895,196.52,1.43662,0.0196383
dish_1564428144,jpeg10,heavy JPEG,205.213,291.347,86.1342,171,204.215,33.2145,7.36573,129.784,244.083,1.60405,0.0116831
dish_1560456305,jpeg10,heavy JPEG,26.3916,138.072,111.68,21,192.135,171.135,10.1669,119.4,226.445,2.05568,0.0115317
dish_1565117429,jpeg10,heavy JPEG,390.873,382.704,8.16946,147,177.905,30.9055,7.66562,145.427,289.027,1.34627,0.0205698
dish_1564773876,jpeg10,heavy JPEG,258.328,242.36,15.968,219,217.953,1.04749,7.86574,120.684,242.172,1.39198,0.0123696
dish_1560526552,jpeg10,heavy JPEG,359.241,430.958,71.7173,319,368.042,49.0416,6.4798,175.69,359.941,1.47412,0.0164284
dish_1560526408,jpeg10,heavy JPEG,67.0982,153.458,86.3597,51,108.872,57.8723,7.45029,138.509,259.659,1.42051,0.0135568
dish_1562963325,jpeg10,heavy JPEG,760.162,513.399,246.763,379,399.916,20.9158,7.47792,99.0057,187.781,1.64313,0.0136346
dish_1557937037,jpeg10,heavy JPEG,25.97,202.646,176.676,49,217.416,168.416,6.87432,95.3507,167.647,2.20201,0.0157234
dish_1561662216,jpeg10,heavy JPEG,300.794,374.458,73.6636,193,270.079,77.0791,6.82644,191.076,365.802,1.28981,0.0153442
dish_1562099134,jpeg10,heavy JPEG,271.641,256.14,15.5012,188,237.328,49.3279,8.0439,101.66,195.842,1.53365,0.0112595
dish_1562008936,jpeg10,heavy JPEG,57.64,158.236,100.596,131,184.432,53.4316,7.7944,158.901,299.082,1.18083,0.0241888
dish_1565020867,jpeg10,heavy JPEG,255.805,384.825,129.02,325,320.962,4.0376,7.79053,83.1809,154.681,1.8511,0.00981987
dish_1558720133,jpeg10,heavy JPEG,14.25,107.674,93.4235,57,125.088,68.0884,6.49625,135.537,287.39,1.352,0.0202536
dish_1561739238,jpeg10,heavy JPEG,274.19,327.537,53.3472,257,362.512,105.512,7.15825,157.457,293.882,1.47689,0.0197971
dish_1565711570,jpeg10,heavy JPEG,603.827,600.69,3.13754,324,389.563,65.5633,7.47463,136.937,263.836,1.58279,0.0138668
dish_1562774206,jpeg10,heavy JPEG,298.764,354.544,55.7801,272,363.877,91.8773,6.70652,134.103,258.529,1.45172,0.0132153
dish_1561148042,jpeg10,heavy JPEG,370.755,494.449,123.693,245,312.737,67.7375,6.98475,249.047,479.946,1.22307,0.0214089
dish_1560444931,jpeg10,heavy JPEG,112.66,216.054,103.394,200,220.656,20.6561,8.68588,118.871,235.711,1.88757,0.0159146
dish_1558031302,jpeg10,heavy JPEG,56.98,93.5499,36.5699,74,92.647,18.647,6.30001,125.113,276.283,1.12456,0.0195101
dish_1563566939,jpeg10,heavy JPEG,286.027,386.995,100.968,238,361.642,123.642,7.75252,200.865,386.683,1.24018,0.0131356
dish_1566587102,jpeg10,heavy JPEG,213.599,273.324,59.7246,146,207.484,61.4841,8.20454,118.309,230.098,1.68185,0.0139958
dish_1561405332,jpeg10,heavy JPEG,18.55,-10.7434,29.2934,53,35.5786,17.4214,7.93525,103.297,214.727,1.4061,0.0135887
dish_1564687013,jpeg10,heavy JPEG,330.841,353.682,22.8409,224,220.383,3.61736,7.05356,124.956,246.772,1.31184,0.0145408
dish_1563996464,jpeg10,heavy JPEG,100.489,268.99,168.5,146,262.687,116.687,7.50264,179.427,336.417,1.29092,0.0161358
dish_1563998279,jpeg10,heavy JPEG,565.005,388.753,176.252,296,259.17,36.8297,7.51892,148.446,257.401,1.57463,0.0155065
dish_1565020755,jpeg10,heavy JPEG,43.28,238.211,194.931,8,100.229,92.2292,7.25485,70.9529,127.664,1.28407,0.0186961
dish_1557937758,jpeg10,heavy JPEG,106.783,250.985,144.202,128,300.848,172.848,7.15429,99.8358,198.359,2.25558,0.0178889
dish_1559850338,jpeg10,heavy JPEG,307.117,331.636,24.5188,130,237.289,107.289,6.5245,88.0266,183.453,1.50322,0.0129254
dish_1563305513,jpeg10,heavy JPEG,606.252,379.386,226.866,228,230.669,2.66863,7.50657,87.0055,162.959,1.91363,0.0125661
dish_1563389548,jpeg10,heavy JPEG,438.828,318.701,120.127,194,219.736,25.736,7.6968,145.925,283.122,1.44258,0.0117809
dish_1565898128,jpeg10,heavy JPEG,209.031,303.318,94.2871,134,209.836,75.8358,7.04646,109.507,213.31,1.24556,0.0183453
dish_1558549413,jpeg10,heavy JPEG,682.158,527.001,155.157,118,223.679,105.679,8.20515,191.172,397.722,1.30575,0.0219313
dish_1562703345,jpeg10,heavy JPEG,154.28,248.079,93.7994,58,204.086,146.086,7.17925,87.2975,164.672,1.43981,0.0138655
dish_1565030350,jpeg10,heavy JPEG,62.5857,136.187,73.6014,62,171.212,109.212,7.65587,112.703,195.478,1.87507,0.0133791
dish_1562774180,jpeg10,heavy JPEG,164.084,253.308,89.2248,181,288.041,107.041,7.00073,119.406,231.802,1.35781,0.0119944
dish_1559239256,jpeg10,heavy JPEG,60.16,130.191,70.0314,128,166.05,38.0504,6.29082,131.557,267.345,1.64393,0.0204832
dish_1563566909,jpeg10,heavy JPEG,222.53,405.57,183.04,187,329.052,142.052,7.39691,96.7534,186.133,1.54789,0.0139047
dish_1563984199,jpeg10,heavy JPEG,322.68,504.783,182.103,670,512.028,157.972,7.72227,91.4587,183.102,1.9703,0.0151543
dish_1558722125,jpeg10,heavy JPEG,497.166,446.812,50.3544,86,193.551,107.551,7.6687,170.691,361.39,1.28574,0.0212502
dish_1565123845,jpeg10,heavy JPEG,268.662,271.431,2.76959,201,230.804,29.804,8.56358,79.1507,142.184,1.9973,0.0138949
dish_1562168696,jpeg10,heavy JPEG,95.1148,185.741,90.6259,141,277.508,136.508,6.28116,144.983,292.294,1.17758,0.0177679
dish_1567785778,jpeg10,heavy JPEG,303.508,480.252,176.744,310,340.223,30.2227,8.58829,98.9571,198.498,1.64894,0.0115119
dish_1564687090,jpeg10,heavy JPEG,498.019,436.427,61.5917,416,378.751,37.2487,9.10873,175.504,347.224,1.29931,0.013127
dish_1563909507,jpeg10,heavy JPEG,117.926,175.593,57.6677,151,215.056,64.0561,8.71368,183.533,361.168,1.28676,0.0134414
dish_1560526530,jpeg10,heavy JPEG,245.281,376.915,131.634,242,321.907,79.9068,7.38249,171.205,340.909,1.54795,0.0158964
dish_1563295044,jpeg10,heavy JPEG,241.975,355.935,113.96,158,277.412,119.412,6.95646,157.127,301.105,1.13823,0.0161441
dish_1559844272,jpeg10,heavy JPEG,462.48,331.562,130.918,80,161.937,81.9371,7.07763,82.7887,174.852,1.44607,0.0121388
dish_1561578800,jpeg10,heavy JPEG,338.355,323.257,15.0981,146,215.122,69.1218,7.28424,168.534,345.991,1.6615,0.0109881
dish_1562099157,jpeg10,heavy JPEG,277.531,296.285,18.7535,207,240.967,33.9666,7.93516,123.674,232.631,1.50056,0.0108709
dish_1562703447,jpeg10,heavy JPEG,384.426,178.98,205.446,259,192.744,66.2556,7.79105,112.715,203.664,1.57716,0.00938083
dish_1566587143,jpeg10,heavy JPEG,354.399,294.383,60.0161,234,222.031,11.9691,7.86373,132.827,253.988,1.60237,0.0129671
dish_1562618000,jpeg10,heavy JPEG,685.994,354.312,331.682,448,349.796,98.2038,6.6118,308.98,578.022,1.15749,0.016116
dish_1566851704,jpeg10,heavy JPEG,461.16,538.886,77.7257,348,416.19,68.1896,7.53365,174.529,332.888,1.56201,0.0173623
dish_1566587182,jpeg10,heavy JPEG,531.261,450.706,80.5547,377,376.616,0.383836,7.19267,153.971,299.958,1.60806,0.010469
dish_1558718680,jpeg10,heavy JPEG,132.963,306.808,173.845,23,70.0998,47.0998,6.64862,144.403,311.463,1.21292,0.0191323
dish_1563898019,jpeg10,heavy JPEG,343.977,415.427,71.4493,237,249.093,12.0933,7.26839,105.907,200.306,1.54113,0.017685
dish_1558718610,jpeg10,heavy JPEG,113.527,185.667,72.1403,107,154.874,47.8739,7.3887,136.307,276.86,1.37381,0.020921
dish_1565894910,jpeg10,heavy JPEG,537.113,483.741,53.3717,179,242.762,63.762,8.11998,134.991,265.858,1.34894,0.0138681
dish_1561578865,jpeg10,heavy JPEG,417.185,444.953,27.7677,246,327.247,81.2471,6.72035,236.745,490.343,1.45865,0.0141295
dish_1568401167,jpeg10,heavy JPEG,426.36,383.968,42.3919,228,239.84,11.8404,7.98108,111.452,212.124,1.72551,0.0211281
dish_1564689219,jpeg10,heavy JPEG,506.847,478.511,28.336,474,422.318,51.6823,7.3191,189.302,376.027,1.47297,0.0143748
dish_1563984296,jpeg10,heavy JPEG,436.337,664.974,228.637,871,587.764,283.236,7.90337,120.311,255.757,1.6211,0.0118295
dish_1558110478,jpeg10,heavy JPEG,205.439,360.846,155.407,161,291.83,130.83,6.57422,176.318,351.709,1.13854,0.0206066
dish_1563295016,jpeg10,heavy JPEG,127.88,257.487,129.607,79,156.519,77.5188,7.47944,138.493,263.673,1.08214,0.0163703
dish_1557861216,jpeg10,heavy JPEG,0,82.2228,82.2228,1,76.5713,75.5713,8.8808,119.87,163.584,2.43453,0.0230995
dish_1558376801,jpeg10,heavy JPEG,4.2,71.6464,67.4464,15,60.3336,45.3336,6.17826,146.586,302.357,1.18658,0.0192863
dish_1561739188,jpeg10,heavy JPEG,97.09,140.513,43.4234,143,227.175,84.1754,5.98262,134.969,261.915,1.42597,0.018188
dish_1565020822,jpeg10,heavy JPEG,180.565,404.138,223.573,193,304.748,111.748,7.55088,93.6613,176.07,1.74527,0.0136474
dish_1561667238,jpeg10,heavy JPEG,268.805,479.884,211.079,165,323.934,158.934,6.6851,246.61,462.006,1.08161,0.0196803
dish_1558114209,jpeg10,heavy JPEG,30.6,185.249,154.649,90,196.171,106.171,6.75013,143.182,284.493,1.19345,0.0216719
dish_1561654392,jpeg10,heavy JPEG,494.065,493.099,0.966222,282,275.451,6.54877,7.34452,190.784,353.543,1.59517,0.0145891
dish_1564160043,jpeg10,heavy JPEG,245,279.722,34.7215,98,164.903,66.9028,6.94048,102.121,188.079,1.79157,0.0166943
dish_1558376364,jpeg10,heavy JPEG,48.99,142.58,93.5903,71,136.129,65.1293,6.4861,170.419,346.752,1.12689,0.020137
dish_1566849987,jpeg10,heavy JPEG,562.97,521.176,41.7945,540,384.92,155.08,7.85462,195.303,391.519,1.29851,0.0170087
dish_1563898107,jpeg10,heavy JPEG,440.693,414.205,26.4888,424,331.942,92.0577,6.77836,129.644,251.686,1.52891,0.0169738
dish_1558635489,jpeg10,heavy JPEG,78.514,159.35,80.8365,74,142.138,68.1377,7.10111,127.7,276.879,1.35584,0.0193099
dish_1566589933,jpeg10,heavy JPEG,89.06,347.304,258.244,122,259.693,137.693,6.72563,141.028,260.182,1.49239,0.0177251
dish_1568401199,jpeg10,heavy JPEG,459.643,491.56,31.9163,343,352.309,9.30896,7.96604,118.959,222.226,1.70183,0.019914
dish_1563898084,jpeg10,heavy JPEG,419.493,473.435,53.9415,384,354.345,29.6547,6.89354,121.599,230.886,1.46498,0.0166761
dish_1565898158,jpeg10,heavy JPEG,240.426,313.907,73.4811,194,266.54,72.5404,7.09814,157.022,306.284,1.22454,0.0158847
dish_1560368464,jpeg10,heavy JPEG,349.45,239.06,110.39,275,182.715,92.2852,7.69613,111.587,207.932,1.81578,0.0165511
dish_1565898230,jpeg10,heavy JPEG,780.202,457.12,323.082,500,376.139,123.861,7.28854,155.356,303.311,1.40862,0.0121517
dish_1566316757,jpeg10,heavy JPEG,448.383,538.749,90.3659,819,483.71,335.29,7.7436,100.565,219.772,1.6001,0.0121245
dish_1566849923,jpeg10,heavy JPEG,127.97,291.009,163.039,240,246.409,6.40909,9.07071,147.976,283.084,1.36844,0.011729
dish_1562009934,jpeg10,heavy JPEG,434.914,469.354,34.4391,369,335.015,33.9853,6.28235,238.967,418.612,1.13463,0.0152955
dish_1560456370,jpeg10,heavy JPEG,258.383,265.705,7.3224,186,207.087,21.087,7.77896,180.691,332.914,1.83973,0.0164546
dish_1561741090,jpeg10,heavy JPEG,161.54,198.011,36.4707,221,236.137,15.1368,7.65472,157.833,280.844,1.53329,0.030017
dish_1565811000,jpeg10,heavy JPEG,342.85,584.016,241.166,225,405.04,180.04,8.3795,146.719,283.484,1.7383,0.0134943
dish_1560444892,jpeg10,heavy JPEG,39.54,135.933,96.3933,90,159.894,69.8935,9.477,115.369,207.82,1.6302,0.0163994
dish_1563565508,jpeg10,heavy JPEG,403.862,402.014,1.84768,387,402.078,15.0784,7.06807,192.123,357.657,1.30508,0.0136792
dish_1556575327,jpeg10,heavy JPEG,103.3,241.012,137.712,152,245.456,93.4556,8.07002,207.013,389.301,1.34849,0.0254161
dish_1564428102,jpeg10,heavy JPEG,133.22,180.121,46.9015,107,191.489,84.4888,8.38988,122.753,219.866,1.54016,0.0117255
dish_1558376306,jpeg10,heavy JPEG,372.168,315.527,56.6407,108,158.007,50.0068,7.36691,181.655,365.403,1.11979,0.0197261
dish_1561654374,jpeg10,heavy JPEG,326.356,375.192,48.8361,251,264.278,13.2784,6.59885,174.573,327.36,1.56782,0.0146503
dish_1566328831,jpeg10,heavy JPEG,941.61,543.457,398.153,500,458.684,41.3156,7.91962,144.618,300.423,1.47202,0.0170096
dish_1562168673,jpeg10,heavy JPEG,56.3548,188.353,131.998,73,180.121,107.121,7.73624,136.386,273.719,1.13804,0.019121
dish_1558375886,jpeg10,heavy JPEG,1050.51,559.577,490.934,277,284.133,7.13292,7.21655,237.739,482.024,1.06463,0.0222167
dish_1564773976,jpeg10,heavy JPEG,516.089,496.832,19.257,463,427.158,35.8423,7.60151,137.443,271.06,1.49192,0.0127702
dish_1566851584,jpeg10,heavy JPEG,286.295,393.976,107.681,222,310.928,88.9279,6.82008,148.25,274.599,1.58465,0.0186437
dish_1560800988,jpeg10,heavy JPEG,314.866,436.531,121.665,230,369.663,139.663,7.47872,195.971,390.52,1.55845,0.0150495
dish_1559849497,jpeg10,heavy JPEG,521.433,373.39,148.043,340,259.648,80.3518,6.67662,94.5091,197.118,1.72324,0.0118948
dish_1562008979,jpeg10,heavy JPEG,382.937,339.538,43.3983,290,285.216,4.78361,7.06114,207.539,381.943,1.18964,0.0201472
dish_1560445004,jpeg10,heavy JPEG,339.598,448.295,108.697,290,349.748,59.7483,8.76259,154.615,305.066,1.62173,0.0197124
dish_1561662190,jpeg10,heavy JPEG,117.318,286.188,168.87,104,242.083,138.083,7.27212,155.037,296.42,1.47411,0.0158419
dish_1559844366,jpeg10,heavy JPEG,529.22,378.211,151.009,192,230.402,38.4018,6.75973,104.683,219.676,1.49042,0.0126204
dish_1563998244,jpeg10,heavy JPEG,259.479,292.033,32.5534,170,245.02,75.0199,9.01176,132.972,225.387,1.37781,0.019937
dish_1566838378,jpeg10,heavy JPEG,286.21,349.411,63.2011,482,395.485,86.5151,6.29032,98.1752,208.078,1.9124,0.0102614
dish_1566851616,jpeg10,heavy JPEG,300.779,391.831,91.0522,248,302.342,54.3415,7.09555,146.769,276.569,1.62383,0.0174983
dish_1565034605,jpeg10,heavy JPEG,52.4912,192.159,139.668,52,225.095,173.095,6.41423,104.869,178.836,1.79585,0.0130477
dish_1558030435,jpeg10,heavy JPEG,246.94,285.731,38.7908,221,273.362,52.3623,7.53818,183.669,358.107,1.17681,0.0247492
dish_1558114284,jpeg10,heavy JPEG,162.23,240.52,78.2904,316,303.896,12.1041,7.06033,159.327,338.937,1.11074,0.0203927
dish_1565638515,jpeg10,heavy JPEG,198.971,232.048,33.0768,165,225.842,60.8423,7.66287,141.503,286.394,1.57602,0.0134108
dish_1558376212,jpeg10,heavy JPEG,300.612,394.389,93.7771,52,125.989,73.9892,7.14111,156.355,329.466,1.17399,0.0196218
dish_1560975491,jpeg10,heavy JPEG,37.84,269.276,231.436,86,251.513,165.513,8.57386,136.99,251.144,1.55234,0.0181234
dish_1565035715,jpeg10,heavy JPEG,15.6,200.358,184.758,39,174.756,135.756,10.3316,80.3665,157.586,1.56112,0.0149175
dish_1558375833,jpeg10,heavy JPEG,317.032,281.046,35.9857,92,156.376,64.3762,6.72659,172.507,346.667,1.14002,0.0198261
dish_1561574428,jpeg10,heavy JPEG,84.0024,306.947,222.945,172,332.81,160.81,7.62616,241.459,489.893,1.50768,0.0145957
dish_1561147997,jpeg10,heavy JPEG,185.18,359.179,173.999,133,204.09,71.0898,7.06845,185.564,352.98,1.30622,0.0144897
dish_1565974375,jpeg10,heavy JPEG,459.85,309.788,150.062,85,60.7929,24.2071,7.93339,104.885,196.263,2.06805,0.0147491
dish_1560801829,jpeg10,heavy JPEG,256.896,318.716,61.8207,178,211.343,33.3428,7.5354,134,277.288,1.85677,0.0090509
dish_1561574848,jpeg10,heavy JPEG,182.258,328.884,146.626,155,294.862,139.862,6.93893,195.124,410.508,1.34488,0.0131205
dish_1558722171,jpeg10,heavy JPEG,24.25,107.581,83.3314,97,154.879,57.8794,7.03017,134.119,279.492,1.53114,0.0201386
dish_1559844323,jpeg10,heavy JPEG,518.37,382.978,135.392,161,174.788,13.7875,7.19017,97.96,204.571,1.45187,0.0121454
dish_1568401302,jpeg10,heavy JPEG,716.479,573.579,142.9,561,431.901,129.099,8.24218,146.295,247.258,1.971,0.019186
dish_1558461607,jpeg10,heavy JPEG,87.63,262.151,174.521,127,191.392,64.3916,7.471,170.365,353.515,1.30933,0.0201262
dish_1558031394,jpeg10,heavy JPEG,237.41,333.164,95.7539,318,349.251,31.2513,8.10082,179.762,377.364,1.43916,0.0240265
dish_1562172600,jpeg10,heavy JPEG,263.6,446.814,183.214,370,408.964,38.9636,7.8154,122.755,238.433,1.46465,0.0158232
dish_1562790855,jpeg10,heavy JPEG,739.376,538.544,200.832,507,371.478,135.522,7.21673,134.913,259.247,1.49865,0.0120036
dish_1560526514,jpeg10,heavy JPEG,183.253,316.995,133.742,224,330.377,106.377,7.2528,173.683,338.259,1.5195,0.0159302
dish_1558546663,jpeg10,heavy JPEG,330.734,333.007,2.27326,197,189.834,7.16581,7.7995,169.441,361.578,1.32275,0.0222551
dish_1560368570,jpeg10,heavy JPEG,555.933,490.781,65.1521,452,347.817,104.183,6.41697,184.811,323.799,1.7505,0.0164587
dish_1565638550,jpeg10,heavy JPEG,277.657,333.432,55.7755,215,303.238,88.2376,7.37129,149.27,299.944,1.66662,0.0130409
dish_1563897938,jpeg10,heavy JPEG,54.1,191.551,137.451,10,119.343,109.343,8.86686,88.0547,174.903,1.1829,0.0175821
dish_1558376734,jpeg10,heavy JPEG,206.76,216.852,10.0923,60,112.837,52.8372,6.9569,159.191,326.944,1.20508,0.0195778
dish_1567785622,jpeg10,heavy JPEG,30.78,72.9521,42.1721,54,115.308,61.3078,5.97977,74.9328,155.717,1.6141,0.0111557
dish_1558639526,jpeg10,heavy JPEG,31.98,157.483,125.503,78,134.92,56.9199,7.57433,139.241,291.828,1.37085,0.0202797
dish_1559849053,jpeg10,heavy JPEG,381.528,264.02,117.508,125,201.718,76.7179,6.47826,91.5188,187.594,1.64944,0.0119647
dish_1558031237,jpeg10,heavy JPEG,31.62,75.1207,43.5007,93,98.437,5.43695,6.99886,140.932,286.746,1.11574,0.0201152
dish_1564773847,jpeg10,heavy JPEG,238.028,197.603,40.4247,161,187.292,26.2916,6.59765,117.476,235.799,1.36854,0.0151695
dish_1566590056,jpeg10,heavy JPEG,815.648,508.155,307.493,519,434.356,84.6437,7.30664,175.744,316.469,1.64807,0.0110421
dish_1564773942,jpeg10,heavy JPEG,491.94,539.886,47.9462,442,436.35,5.65007,8.41221,130.854,260.848,1.46314,0.0134936
dish_1561393715,jpeg10,heavy JPEG,17.15,129.873,112.723,49,134.939,85.939,7.29627,116.876,227.882,1.78125,0.0137022
dish_1563897981,jpeg10,heavy JPEG,243.54,337.761,94.2211,138,171.832,33.8316,7.6176,87.3456,174.055,1.36745,0.018113
dish_1558545738,jpeg10,heavy JPEG,73.84,136.236,62.3959,142,245.138,103.138,9.38628,138.41,302.094,1.33674,0.020335
dish_1558718649,jpeg10,heavy JPEG,25.84,91.0759,65.2359,76,77.6512,1.65117,7.16076,124.865,265.511,1.38678,0.0200084
dish_1562690950,jpeg10,heavy JPEG,109.062,245.008,135.946,202,289.733,87.7332,6.90049,108.001,206.125,1.49152,0.0171794
dish_1564689108,jpeg10,heavy JPEG,203.662,213.573,9.9103,159,215.076,56.0763,6.92368,144.631,284.063,1.22831,0.0132638
dish_1561578775,jpeg10,heavy JPEG,295.149,284.389,10.76,111,157.026,46.0257,8.34362,113.104,240.074,1.86931,0.00848382
dish_1558110385,jpeg10,heavy JPEG,52.87,114.936,62.0662,34,111.657,77.6574,6.92489,150.209,283.798,1.17803,0.020992
dish_1563998513,jpeg10,heavy JPEG,757.505,467.705,289.8,599,334.746,264.254,7.39533,173.033,292.844,1.54308,0.015327
dish_1559844458,jpeg10,heavy JPEG,55.89,108.182,52.2916,81,101.253,20.2534,6.79151,88.0723,170.983,1.75259,0.0127782
dish_1566316681,jpeg10,heavy JPEG,116.763,281.587,164.824,122,167.081,45.0811,6.92792,86.1138,185.857,1.53926,0.0127249
dish_1566851549,jpeg10,heavy JPEG,226.015,325.027,99.0121,85,201.103,116.103,7.77,105.753,212.245,1.52175,0.0212465
dish_1565034681,jpeg10,heavy JPEG,323.553,369.742,46.1889,185,321.659,136.659,7.43726,119.067,201.973,1.97853,0.0121696
dish_1558635523,jpeg10,heavy JPEG,55.9,113.975,58.075,43,148.378,105.378,6.56163,118.565,251.378,1.35505,0.0187057
dish_1559239369,jpeg10,heavy JPEG,130.92,237.916,106.996,276,324.897,48.8967,6.76416,212.618,409.389,1.41148,0.0273184
dish_1566849955,jpeg10,heavy JPEG,147.17,302.026,154.856,288,265.086,22.9144,8.47789,151.21,288.393,1.36481,0.0117941
dish_1559849537,jpeg10,heavy JPEG,549.523,403.22,146.303,393,294.731,98.2688,6.449,97.4705,199.987,1.64036,0.0115413
dish_1562776428,jpeg10,heavy JPEG,33.6998,181.566,147.866,66,167.453,101.453,6.41945,135.113,258.576,1.41759,0.0146333
dish_1560800918,jpeg10,heavy JPEG,70.8256,319.528,248.702,40,293.569,253.569,8.01327,155.89,325.911,1.66234,0.0117639
dish_1565898193,jpeg10,heavy JPEG,291.914,312.319,20.4049,268,300.64,32.6403,7.68708,174.677,339.843,1.33856,0.0129068
dish_1558376874,jpeg10,heavy JPEG,335.298,408.917,73.6192,58,141.445,83.4447,6.96274,158.272,332.699,1.14089,0.0196981
dish_1558630176,jpeg10,heavy JPEG,73.84,189.056,115.216,142,224.987,82.9867,7.25591,133.515,282.748,1.28547,0.0206014
dish_1565034635,jpeg10,heavy JPEG,124.089,277.304,153.215,110,283.099,173.099,6.37131,129.687,218.089,1.77599,0.0116198
dish_1561405356,jpeg10,heavy JPEG,206.645,211.653,5.00818,176,178.33,2.32952,7.38068,137.765,280.155,1.35257,0.0168851
dish_1557937427,jpeg10,heavy JPEG,26.435,110.731,84.2963,17,73.728,56.728,7.7503,86.79,150.052,2.32711,0.0150297
dish_1563551220,jpeg10,heavy JPEG,561.704,465.433,96.271,558,394.75,163.25,6.98791,131.548,251.241,1.52144,0.0133655
dish_1560368506,jpeg10,heavy JPEG,462.934,395.992,66.9415,378,288.319,89.6813,7.58279,141.397,256.019,1.7242,0.0170614
dish_1566589967,jpeg10,heavy JPEG,381.662,505.699,124.037,322,373.594,51.5939,7.78049,151.332,290.667,1.54771,0.0137514
dish_1560444948,jpeg10,heavy JPEG,171.317,366.301,194.984,231,303.593,72.5927,8.0681,136.663,281.33,1.71044,0.0173831
dish_1560975572,jpeg10,heavy JPEG,96.99,348.979,251.989,159,318.649,159.649,7.14066,180.569,327.115,1.5255,0.0207561
dish_1558719994,jpeg10,heavy JPEG,768.873,446.565,322.308,133,186.437,53.4371,7.67327,173.457,370.317,1.24963,0.0205733
dish_1563208439,jpeg10,heavy JPEG,92.61,226.626,134.016,96,190.85,94.8503,7.82036,122.256,230.746,1.6598,0.0136261
dish_1566920304,jpeg10,heavy JPEG,296.4,356.134,59.7339,570,424.167,145.833,9.45655,86.3062,178.235,1.78523,0.0186026
dish_1561393741,jpeg10,heavy JPEG,188.83,209.844,21.0138,165,137.831,27.1687,6.875,142.67,266.814,1.85858,0.0146901
dish_1557862738,jpeg10,heavy JPEG,319.78,307.228,12.5521,118,163.511,45.5114,10.9556,212.132,256.972,2.08425,0.027086
dish_1559233627,jpeg10,heavy JPEG,64.92,180.896,115.976,12,35.2403,23.2403,6.61828,128.134,272.218,1.45041,0.019074
dish_1565896745,jpeg10,heavy JPEG,368.54,341.603,26.9372,244,310.351,66.351,7.0921,197.468,376.522,1.17151,0.0129614
dish_1562099076,jpeg10,heavy JPEG,110.181,136.578,26.3966,61,106.418,45.4182,8.95728,83.9652,160.75,1.39549,0.0161748
dish_1562700568,jpeg10,heavy JPEG,246.864,458.832,211.968,318,400.505,82.5053,6.93214,191.041,346.057,1.59614,0.0144843
dish_1566838286,jpeg10,heavy JPEG,72.5,147.118,74.6177,145,157.823,12.8233,8.04168,76.2903,154.117,1.92645,0.014333
dish_1561147967,jpeg10,heavy JPEG,177.98,331.375,153.395,85,170.964,85.9639,7.21432,153.177,285.425,1.37693,0.0141843
dish_1563565415,jpeg10,heavy JPEG,303.477,334.046,30.569,284,312.898,28.898,6.89686,177.371,323.23,1.26599,0.015796
dish_1558722247,jpeg10,heavy JPEG,604.616,526.956,77.6605,343,320.012,22.9884,8.42453,170.609,352.335,1.59258,0.0208312
dish_1566920365,jpeg10,heavy JPEG,490.422,614.241,123.819,871,609.787,261.213,8.79699,130.469,275.082,1.53217,0.0162798
dish_1561574815,jpeg10,heavy JPEG,74.853,178.368,103.515,89,216.181,127.181,6.98027,195.719,408.083,1.36282,0.0124541
dish_1565118782,jpeg10,heavy JPEG,557.522,372.788,184.734,353,318.026,34.9744,7.79007,180.635,343.343,1.40257,0.012342
dish_1562168648,jpeg10,heavy JPEG,41.5948,139.597,98.0018,32,146.592,114.592,7.60137,141.659,284.104,1.14291,0.0193822
dish_1563996485,jpeg10,heavy JPEG,178.039,367.674,189.635,201,348.456,147.456,8.45238,178.531,351.524,1.28615,0.0154059
dish_1567785654,jpeg10,heavy JPEG,51.78,141.744,89.9638,96,183.307,87.3065,6.50709,82.3189,164.404,1.69789,0.0114094
dish_1558113941,jpeg10,heavy JPEG,296.89,339.258,42.3682,78,113.783,35.7825,7.44027,221.529,434.816,1.08706,0.0233867
dish_1557937157,jpeg10,heavy JPEG,355.25,436.653,81.4029,271,393.48,122.48,7.14145,141.891,282.201,1.90644,0.016249
dish_1558719570,jpeg10,heavy JPEG,74.36,211.625,137.265,143,233.638,90.6385,7.51173,130.753,278.742,1.29934,0.0198773
dish_1560367904,jpeg10,heavy JPEG,76.0231,181.626,105.602,69,114.588,45.5879,7.5275,135.59,225.795,1.77065,0.0122768
dish_1558375732,jpeg10,heavy JPEG,45.54,136.944,91.4036,66,123.147,57.1468,6.08001,170.479,339.504,1.15223,0.0206662
dish_1565711453,jpeg10,heavy JPEG,198.32,228.417,30.0972,134,183.202,49.2021,8.44305,84.3353,167.46,1.41945,0.0157407
dish_1557862345,jpeg10,heavy JPEG,103.95,136.288,32.3384,63,122.474,59.4738,11.8533,203.723,253.697,2.0797,0.032123
dish_1566851677,jpeg10,heavy JPEG,354.774,511.135,156.361,296,415.823,119.823,7.22943,171.961,316.474,1.5723,0.0186279
dish_1560368395,jpeg10,heavy JPEG,49.32,116.419,67.0988,137,145.984,8.98366,8.75697,90.437,170.937,2.00836,0.0143858
dish_1562876531,jpeg10,heavy JPEG,66.0669,240.121,174.054,85,232.147,147.147,7.41405,106.677,191.941,1.70818,0.0127496
dish_1566920339,jpeg10,heavy JPEG,449.532,443.532,5.99952,730,466.69,263.31,8.14493,100.028,206.064,1.79416,0.0170833
dish_1558717604,jpeg10,heavy JPEG,73.84,136.815,62.9746,142,161.178,19.1776,6.64983,136.808,282.049,1.2197,0.0204247
dish_1561574456,jpeg10,heavy JPEG,203.657,391.82,188.163,217,313.207,96.2065,6.26383,251.717,509.696,1.55361,0.0171412
dish_1563478751,jpeg10,heavy JPEG,950.395,454.248,496.147,545,302.073,242.927,7.67557,160.226,311.415,1.50339,0.0119526
dish_1558376437,jpeg10,heavy JPEG,13.26,58.1595,44.8995,39,112.352,73.3516,6.6285,143.344,287.732,1.26203,0.0192568
dish_1561654346,jpeg10,heavy JPEG,79.1955,102.428,23.2321,84,132.077,48.0766,6.49729,143.445,284.369,1.50262,0.0124293
dish_1559842047,jpeg10,heavy JPEG,153.69,135.818,17.8719,285,260.784,24.2161,7.22123,77.9281,161.68,1.5834,0.01165
dish_1562009894,jpeg10,heavy JPEG,244.807,355.692,110.885,200,291.575,91.5751,6.40681,199.605,346.625,1.42455,0.0174035
dish_1565118700,jpeg10,heavy JPEG,16.66,166.138,149.478,49,151.398,102.398,8.70672,127.743,247.9,1.2746,0.0156833
dish_1563221025,jpeg10,heavy JPEG,245.446,229.031,16.4145,123,204.504,81.5038,8.43275,74.2117,159.123,1.44212,0.0141068
dish_1558461692,jpeg10,heavy JPEG,231.24,352.423,121.183,40,114.679,74.6788,7.40983,161.445,332.259,1.36085,0.0215492
dish_1558031133,jpeg10,heavy JPEG,136.51,243.076,106.566,110,137.308,27.3076,7.08387,138.966,310.3,1.09933,0.0197564
dish_1563565323,jpeg10,heavy JPEG,229.53,255.607,26.0768,152,219.988,67.9878,6.81394,160.883,290.426,1.23541,0.0183479
dish_1562617939,jpeg10,heavy JPEG,234.966,307.055,72.0888,133,269.926,136.926,7.21677,113.103,212.398,1.51452,0.010759
dish_1558722207,jpeg10,heavy JPEG,83.2,125.201,42.0009,160,204.039,44.0389,7.76933,130.221,263.69,1.52291,0.0195276
dish_1558635546,jpeg10,heavy JPEG,60.84,90.0915,29.2515,117,186.792,69.7919,7.5198,127.025,273.033,1.25417,0.0196728
dish_1558639849,jpeg10,heavy JPEG,23.37,61.5333,38.1633,57,52.1272,4.87285,6.52937,128.325,274.625,1.42006,0.0191435
dish_1565020895,jpeg10,heavy JPEG,348.126,397.001,48.8752,416,314.829,101.171,7.86524,102.222,188.28,1.76947,0.0106842
dish_1562963246,jpeg10,heavy JPEG,324.398,327.702,3.30424,122,212.331,90.3306,7.97887,67.8812,135.199,1.4609,0.013617
dish_1563909550,jpeg10,heavy JPEG,310.32,400.792,90.472,273,333.797,60.797,8.72863,150.314,283.75,1.46837,0.0137688
dish_1563998323,jpeg10,heavy JPEG,634.505,443.91,190.595,574,330.577,243.423,7.39963,172.468,293.933,1.4945,0.0165802
dish_1567007783,jpeg10,heavy JPEG,50,166.6,116.6,106,274.343,168.343,6.86379,87.5695,172.128,1.61838,0.0136419
dish_1559849020,jpeg10,heavy JPEG,46.23,124.49,78.2598,67,172.59,105.59,6.51043,76.9629,155.742,1.69927,0.0121619
dish_1557936555,jpeg10,heavy JPEG,149.28,217.141,67.8608,96,182.105,86.1055,6.70546,88.295,156.839,2.42128,0.0166849
dish_1562009006,jpeg10,heavy JPEG,470.717,374.911,95.806,323,322.943,0.0569519,6.82466,211.065,388.017,1.20328,0.0197129
dish_1559239151,jpeg10,heavy JPEG,9.2,117.12,107.92,40,125.748,85.7476,6.95072,180.58,351.032,1.49117,0.0207713
dish_1560526490,jpeg10,heavy JPEG,141.673,248.776,107.104,170,257.784,87.7842,7.6121,164.714,312.689,1.50894,0.0154774
dish_1565811139,jpeg10,heavy JPEG,902.2,564.862,337.338,416,480.095,64.0953,7.46721,285.059,533.937,1.28822,0.0171829
dish_1558635400,jpeg10,heavy JPEG,25,162.984,137.984,100,142.393,42.393,7.44868,137.126,288.903,1.40339,0.0205719
dish_1558461792,jpeg10,heavy JPEG,331,378.294,47.2941,233,265.699,32.6993,6.74271,208.778,417.266,1.3452,0.0205071
dish_1565811025,jpeg10,heavy JPEG,361.05,548.923,187.873,277,489.872,212.872,7.08758,276.507,529.102,1.30149,0.0142842
dish_1560800951,jpeg10,heavy JPEG,102.826,407.473,304.647,168,384.281,216.281,7.19436,164.963,344.251,1.67903,0.0128676
dish_1559846688,jpeg10,heavy JPEG,82.8325,257.651,174.818,73,192.519,119.519,7.25905,91.3252,188.116,1.67097,0.0128933
dish_1558630207,jpeg10,heavy JPEG,670.596,456.532,214.064,116,222.487,106.487,7.06534,164.599,348.17,1.25236,0.020255
dish_1559157454,jpeg10,heavy JPEG,34.5646,66.1221,31.5575,28,117.113,89.1129,7.04825,181.262,337.157,1.66326,0.0205997
dish_1562876494,jpeg10,heavy JPEG,40.1069,182.955,142.848,26,136.086,110.086,6.64782,87.3001,157.43,1.69774,0.0150927
dish_1561574479,jpeg10,heavy JPEG,363.614,478.421,114.807,293,401.407,108.407,6.20603,264.614,524.329,1.46711,0.0195593
dish_1561654326,jpeg10,heavy JPEG,59.7926,129.956,70.163,46,170.833,124.833,6.88485,122.35,241.432,1.53746,0.0124491
dish_1563996441,jpeg10,heavy JPEG,80.2392,168.686,88.4469,65,170.029,105.029,8.71989,165.309,320.064,1.27534,0.0152339
dish_1560801883,jpeg10,heavy JPEG,512.111,495.348,16.7632,315,371.488,56.4884,7.2024,163.935,331.773,1.85496,0.0118635
dish_1560801859,jpeg10,heavy JPEG,428.704,468.078,39.3737,262,290.508,28.5076,7.64094,155.809,319.214,1.91112,0.0101022
dish_1562691064,jpeg10,heavy JPEG,555.304,599.073,43.7693,501,502.39,1.39003,7.74052,118.673,225.228,1.45692,0.016951
dish_1558030383,jpeg10,heavy JPEG,140.66,229.16,88.4998,26,85.326,59.326,6.68083,137.636,299.394,1.18097,0.0201985
dish_1563389626,jpeg10,heavy JPEG,498.62,299.789,198.831,360,286.379,73.6205,9.45684,139.208,258.255,1.41062,0.0097479
dish_1565898331,jpeg10,heavy JPEG,155.993,243.723,87.7302,100,210.394,110.394,7.32262,111.336,237.509,1.19259,0.0166604
dish_1567007751,jpeg10,heavy JPEG,39.93,142.858,102.928,87,253.04,166.04,6.35048,88.0496,172.549,1.6005,0.0148138
dish_1558720097,jpeg10,heavy JPEG,30.34,163.766,133.426,74,119.009,45.0093,6.91815,142.234,314.286,1.26167,0.0203113
dish_1558110297,jpeg10,heavy JPEG,29.07,96.3535,67.2835,51,100.759,49.759,6.06983,165.957,322.552,1.13193,0.0206296
dish_1561574783,jpeg10,heavy JPEG,29.6268,49.0185,19.3917,24,87.6639,63.6639,7.89863,148.372,306.535,1.46639,0.0109268
dish_1563220987,jpeg10,heavy JPEG,224.988,242.54,17.5522,110,224.172,114.172,9.06647,72.8354,151.35,1.56691,0.0144266
dish_1568305198,jpeg10,heavy JPEG,311.354,282.794,28.5598,82,159.494,77.4939,9.20022,102.043,210.136,1.50089,0.0123625
dish_1561405389,jpeg10,heavy JPEG,265.983,292.374,26.3908,223,238.397,15.3966,7.50483,175.198,338.506,1.38295,0.0162421
dish_1565638599,jpeg10,heavy JPEG,368.698,406.285,37.587,279,366.713,87.7126,7.25248,170.026,332.13,1.63607,0.013746
dish_1565986702,jpeg10,heavy JPEG,211.344,369.779,158.435,204,278.084,74.0842,7.00391,183.556,311.618,1.48845,0.0173868
dish_1559578599,jpeg10,heavy JPEG,229.98,375.901,145.921,193,292.472,99.472,6.90309,179.538,351.974,1.50888,0.0221456
dish_1559233715,jpeg10,heavy JPEG,83.6,177.532,93.9316,110,127.979,17.9787,7.82969,136.749,277.901,1.67647,0.0201049
dish_1559849466,jpeg10,heavy JPEG,467.613,416.968,50.6453,262,221.751,40.2494,6.90161,82.868,170.594,1.79437,0.0114869
dish_1558630325,jpeg10,heavy JPEG,751.542,467.029,284.513,269,266.334,2.66627,7.59442,200.592,409.941,1.40171,0.0236424
dish_1565035802,jpeg10,heavy JPEG,69.2,307.19,237.99,250,332.113,82.1127,7.90778,108.048,214.54,1.54631,0.012934
dish_1558641253,jpeg10,heavy JPEG,116.71,119.459,2.7488,110,144.307,34.3075,7.10971,128.805,270.244,1.58245,0.0192771
dish_1560444967,jpeg10,heavy JPEG,197.378,359.686,162.308,252,317.277,65.2766,8.39787,137.101,282.483,1.70191,0.0167058
dish_1559233570,jpeg10,heavy JPEG,16.83,206.767,189.937,51,166.504,115.504,8.0076,137.178,286.294,1.41505,0.0184343
dish_1565034661,jpeg10,heavy JPEG,219.813,304.699,84.8862,146,292.371,146.371,7.36663,127.711,213.931,1.93959,0.0121141
dish_1561663541,jpeg10,heavy JPEG,124.32,298.201,173.881,112,212.071,100.071,7.45333,151.731,264.705,1.4149,0.0253214
dish_1557937715,jpeg10,heavy JPEG,20.67,105.749,85.0785,39,143.245,104.245,7.08312,91.7414,162.383,2.39938,0.015695
dish_1566838407,jpeg10,heavy JPEG,358.948,380.543,21.5949,558,407.271,150.729,6.60653,108.552,226.772,1.8758,0.0103327
dish_1562691000,jpeg10,heavy JPEG,326.622,506.129,179.508,349,440.736,91.7362,7.80152,130.589,248.804,1.44928,0.0190654
dish_1564427406,jpeg10,heavy JPEG,305.37,351.36,45.9896,135,223.267,88.2673,8.43163,270.773,470.681,1.4388,0.0164877
dish_1561662814,jpeg10,heavy JPEG,23.2435,137.309,114.066,20,145.724,125.724,6.57358,151.428,296.011,1.13093,0.0183086
dish_1565638478,jpeg10,heavy JPEG,47.6158,96.541,48.9253,91,128.973,37.9729,7.81914,131.116,269.966,1.54119,0.0142533
dish_1562690917,jpeg10,heavy JPEG,69.0617,197.298,128.236,122,231.507,109.507,6.85908,115.752,214.714,1.31565,0.0175785
dish_1558549806,jpeg10,heavy JPEG,781.958,576.259,205.699,203,270.953,67.9534,9.59186,255.118,496.552,1.41371,0.0220057
dish_1561578839,jpeg10,heavy JPEG,362.155,406.368,44.2131,214,280.656,66.6559,7.07465,225.294,456.891,1.52772,0.0128054
dish_1558376984,jpeg10,heavy JPEG,671.678,460.58,211.098,350,330.789,19.2113,7.07624,235.278,464.3,1.16099,0.0212752
dish_1563996509,jpeg10,heavy JPEG,365.185,525.596,160.411,316,425.684,109.684,7.95847,188.727,370.147,1.33697,0.0159631
dish_1558110436,jpeg10,heavy JPEG,85.629,147.319,61.6902,69,92.5293,23.5293,6.6216,167.628,319.377,1.18678,0.0232737
dish_1564686966,jpeg10,heavy JPEG,153.205,296.159,142.954,65,168.041,103.041,8.05804,109.192,220.852,1.15342,0.0201108
dish_1562099053,jpeg10,heavy JPEG,98.383,161.444,63.0609,37,148.629,111.629,9.4648,84.3031,158.339,1.3499,0.0189221
dish_1563208459,jpeg10,heavy JPEG,186.486,270.573,84.0867,161,257.041,96.0414,7.23168,130.364,246.259,1.6726,0.0123802
dish_1566850031,jpeg10,heavy JPEG,616.772,573.928,42.8435,662,457.066,204.934,8.54683,195.598,388.671,1.3753,0.0190271
dish_1565711527,jpeg10,heavy JPEG,484.807,474.75,10.0568,302,326.816,24.8156,7.74985,122.226,234.975,1.63433,0.0146937
dish_1562703382,jpeg10,heavy JPEG,203.87,239.443,35.5729,145,237.83,92.8299,7.7076,91.4067,171.757,1.63534,0.0114196
dish_1566502437,jpeg10,heavy JPEG,74.564,183.176,108.612,64,176.81,112.81,7.24106,120.281,246.537,1.25583,0.0117482
dish_1561662842,jpeg10,heavy JPEG,263.125,282.338,19.2128,172,209.614,37.6138,6.98518,192.387,362.607,1.21961,0.0176695
dish_1562691032,jpeg10,heavy JPEG,419.682,521.019,101.338,415,488.166,73.1663,7.00261,140.586,274.526,1.37211,0.019422
dish_1565974409,jpeg10,heavy JPEG,688.65,399.707,288.943,228,189.519,38.4809,7.95631,114.643,211.371,2.18733,0.0135584
dish_1558372948,jpeg10,heavy JPEG,687.939,418.297,269.642,119,157.91,38.9095,7.0536,176.085,355.724,1.1498,0.0209545
dish_1560367980,jpeg10,heavy JPEG,421.465,313.461,108.005,254,238.636,15.3643,7.15517,239.792,444.537,1.47608,0.0142321
dish_1560444914,jpeg10,heavy JPEG,62.34,172.137,109.797,166,203.885,37.8847,8.42279,121.223,230.694,1.67925,0.0162902
dish_1557937335,jpeg10,heavy JPEG,47.158,133.215,86.0567,38,74.7005,36.7005,7.14193,92.4223,175.632,2.21812,0.0161132
dish_1563221157,jpeg10,heavy JPEG,418.152,521.609,103.457,352,426.805,74.8053,6.68012,189.765,356.09,1.40295,0.0125201
dish_1560526447,jpeg10,heavy JPEG,88.5928,153.683,65.0907,70,158.104,88.1045,7.25897,158.783,305.894,1.41016,0.014247
dish_1562774159,jpeg10,heavy JPEG,90.7635,171.181,80.4172,129,210.703,81.7029,7.27241,117.121,227.877,1.39701,0.0115956
dish_1563998210,jpeg10,heavy JPEG,148.089,238.172,90.0823,91,213.372,122.372,9.75061,60.7682,114.659,1.83314,0.0194403
dish_1565711498,jpeg10,heavy JPEG,246.827,337.962,91.1346,229,254.505,25.5046,7.86031,94.5869,186.501,1.56148,0.0146567
dish_1561663606,jpeg10,heavy JPEG,474.503,443.596,30.9074,347,320.616,26.3841,8.16105,179.03,310.467,1.54098,0.0234752
dish_1558114086,jpeg10,heavy JPEG,74.36,194.238,119.878,143,206.616,63.6165,7.29089,154.147,305.534,1.22045,0.0217471
dish_1558630288,jpeg10,heavy JPEG,7.106,97.9836,90.8776,11,90.8643,79.8643,7.0936,148.436,325.467,1.39865,0.0190119
dish_1563984167,jpeg10,heavy JPEG,291.68,533.537,241.857,608,474.4,133.6,8.38984,92.4622,185.188,1.89554,0.0156292
dish_1566416701,jpeg10,heavy JPEG,198.537,346.541,148.004,122,281.715,159.715,7.79412,125.841,254.961,1.2421,0.0198048
dish_1560801797,jpeg10,heavy JPEG,25.6557,135.681,110.026,96,158.211,62.2114,8.6254,102.265,212.321,1.96324,0.00752703
dish_1562172643,jpeg10,heavy JPEG,734.27,621.768,112.502,457,469.852,12.8518,7.58883,148.621,292.84,1.38819,0.0128881
dish_1565117463,jpeg10,heavy JPEG,435.313,472.851,37.5375,248,293.286,45.2864,7.22524,190.323,369.04,1.36309,0.0240208
dish_1561741063,jpeg10,heavy JPEG,132.3,215.541,83.2408,135,243.295,108.295,7.37165,158.902,277.203,1.64437,0.0299124
dish_1568401233,jpeg10,heavy JPEG,490.393,456.553,33.8401,418,364.062,53.9378,7.61562,133.571,245.222,1.72416,0.0192733
dish_1565898432,jpeg10,heavy JPEG,450.225,334.449,115.776,282,308.548,26.5476,7.1552,229.669,438.46,1.2993,0.0170974
dish_1565035746,downscale8,downscaled ×8,43.1,171.508,128.408,149,251.757,102.757,6.59555,1.42197,22.6145,0.288077,0.0050632
dish_1558639818,downscale8,downscaled ×8,20.06,56.61,36.55,59,92.7506,33.7506,6.60591,1.97161,39.448,0.130386,0.00313404
dish_1558549605,downscale8,downscaled ×8,97.5,110.396,12.8957,75,108.974,33.9737,7.30999,1.90472,36.5171,0.132257,0.00304055
dish_1561663580,downscale8,downscaled ×8,432.063,227.405,204.658,307,182.048,124.952,7.19151,2.02726,33.9999,0.163787,0.00550869
dish_1565898402,downscale8,downscaled ×8,384.799,353.715,31.0843,229,263.609,34.6086,7.01674,2.19429,41.4085,0.125875,0.00256948
dish_1566328724,downscale8,downscaled ×8,275.55,249.58,25.9698,167,189.904,22.9042,7.48666,1.82845,27.5789,0.160238,0.00915821
dish_1566838351,downscale8,downscaled ×8,190.01,309.832,119.822,417,361.52,55.4798,6.59449,1.65469,25.4822,0.221233,0.0043655
dish_1567107839,downscale8,downscaled ×8,174.284,134.616,39.6688,156,130.418,25.5816,7.23717,1.7392,31.7646,0.263934,0.00720758
dish_1558639787,downscale8,downscaled ×8,24.75,216.175,191.425,99,219.877,120.877,7.03024,2.10831,40.8024,0.116785,0.0039022
dish_1562788601,downscale8,downscaled ×8,413.17,442.586,29.416,287,326.201,39.2012,7.29061,1.61205,23.8254,0.215063,0.00357126
dish_1560456326,downscale8,downscaled ×8,206.873,233.579,26.7059,138,184.811,46.8114,8.34321,1.97727,35.4857,0.172634,0.00372468
dish_1564427430,downscale8,downscaled ×8,345.62,225.545,120.075,170,202.291,32.2906,9.3661,2.57179,51.3529,0.118993,0.00260113
dish_1565896662,downscale8,downscaled ×8,19.38,84.6873,65.3073,57,111.927,54.9266,6.36022,1.71427,36.8734,0.260857,0.00454126
dish_1566414342,downscale8,downscaled ×8,846.367,524.033,322.334,552,444.482,107.518,7.05846,1.96571,30.4855,0.159273,0.00357246
dish_1562617703,downscale8,downscaled ×8,179.63,211.094,31.4643,110,188.559,78.5585,7.70597,1.64802,26.8759,0.222481,0.00343739
dish_1565020926,downscale8,downscaled ×8,398.496,391.566,6.93046,489,363.035,125.965,6.48899,1.74288,26.4533,0.171814,0.00228166
dish_1564689168,downscale8,downscaled ×8,352.947,463.583,110.636,339,422.853,83.8528,6.88297,2.42092,43.5585,0.114308,0.00277632
dish_1560456348,downscale8,downscaled ×8,210.283,285.208,74.9252,149,225.474,76.4736,9.20361,2.15161,40.4071,0.159518,0.00398136
dish_1558641287,downscale8,downscaled ×8,11.52,31.7811,20.2611,64,94.1555,30.1555,6.02806,2.02078,42.2782,0.129152,0.00273822
dish_1558373008,downscale8,downscaled ×8,251.558,286.003,34.4453,73,91.0015,18.0015,6.49151,2.03712,44.3187,0.110211,0.0027259
dish_1561577947,downscale8,downscaled ×8,623.204,412.631,210.574,424,377.434,46.5662,7.14058,3.13343,66.7665,0.0795137,0.00417097
dish_1558639440,downscale8,downscaled ×8,60.32,82.2781,21.9581,116,132.611,16.6105,6.32451,1.96545,40.3894,0.148373,0.00293648
dish_1565894889,downscale8,downscaled ×8,257.813,245.746,12.0669,74,146.635,72.6349,6.50117,1.49384,22.9073,0.229486,0.00385262
dish_1561147944,downscale8,downscaled ×8,42.371,154.842,112.471,34,167.696,133.696,7.59206,1.92388,28.8099,0.216521,0.00389383
dish_1557937079,downscale8,downscaled ×8,146.07,253.81,107.74,27,153.681,126.681,7.04468,1.6562,26.7693,0.158303,0.00618404
dish_1558641320,downscale8,downscaled ×8,211.59,152.768,58.8216,336,276.064,59.9365,7.59216,2.4658,46.663,0.0882524,0.00429312
dish_1567007848,downscale8,downscaled ×8,100.3,238.995,138.695,243,307.977,64.977,6.75533,1.71041,24.6339,0.15526,0.00478335
dish_1565810969,downscale8,downscaled ×8,4.6,197.228,192.628,20,260.687,240.687,7.75745,2.46451,51.3403,0.0632392,0.00178135
dish_1562168800,downscale8,downscaled ×8,237.525,275.479,37.9542,242,314.045,72.0453,6.67262,2.15495,38.2114,0.13697,0.00198899
dish_1564687046,downscale8,downscaled ×8,374.794,344.074,30.7194,308,285.646,22.3543,9.1419,2.33229,41.3522,0.159397,0.00400692
dish_1563221054,downscale8,downscaled ×8,298.878,315.867,16.9894,170,235.322,65.322,5.52363,2.13537,43.8965,0.154538,0.00589871
dish_1565898361,downscale8,downscaled ×8,370.671,344.021,26.6503,202,230.84,28.8402,7.21906,1.98061,37.6961,0.153458,0.00280245
dish_1560367926,downscale8,downscaled ×8,408.523,401.112,7.41156,194,248.274,54.2742,7.56766,2.3483,47.021,0.154855,0.0023959
dish_1560444869,downscale8,downscaled ×8,14.04,99.3625,85.3225,39,149.818,110.818,9.57208,1.45835,23.7486,0.325835,0.00388676
dish_1559850283,downscale8,downscaled ×8,271.707,214.474,57.2328,47,70.4007,23.4007,6.91092,1.61163,26.7218,0.21084,0.00463892
dish_1566502505,downscale8,downscaled ×8,454.517,456.23,1.71274,275,357.552,82.5525,6.15726,2.22558,38.8196,0.0961119,0.00262561
dish_1565811091,downscale8,downscaled ×8,504.4,407.311,97.0894,371,385.198,14.198,7.42091,3.12195,63.7206,0.0709796,0.00257823
dish_1561739265,downscale8,downscaled ×8,292.04,322.482,30.4421,308,378.66,70.6597,6.28384,2.11489,36.59,0.12549,0.000538231
dish_1558373159,downscale8,downscaled ×8,1013.34,519.223,494.114,334,357.97,23.9698,7.705,2.55161,54.5866,0.0675123,0.00241957
dish_1565035830,downscale8,downscaled ×8,340.128,482.854,142.726,414,516.875,102.875,8.03239,2.66656,53.4495,0.102717,0.00322878
dish_1562788568,downscale8,downscaled ×8,289.203,353.656,64.4531,230,297.64,67.6398,7.32985,1.58265,23.9561,0.223508,0.00339187
dish_1558376483,downscale8,downscaled ×8,735.03,482.7,252.33,270,348.732,78.7321,7.48003,2.88557,57.7131,0.0723031,0.00318025
dish_1561739160,downscale8,downscaled ×8,34.77,217.845,183.075,61,245.581,184.581,6.99199,1.61539,28.1043,0.25829,0.000689697
dish_1558549773,downscale8,downscaled ×8,2.3,7.28716,4.98716,10,46.4456,36.4456,5.4076,1.95202,41.8726,0.131703,0.00280145
dish_1561574394,downscale8,downscaled ×8,61.5024,146.869,85.3667,82,200.856,118.856,7.51731,2.23554,45.7108,0.13801,0.00188723
dish_1558461760,downscale8,downscaled ×8,10.98,36.3181,25.3381,61,83.4724,22.4724,6.51768,1.99843,42.1054,0.127925,0.0028549
dish_1563909469,downscale8,downscaled ×8,72.4028,72.6069,0.204112,64,118.551,54.5508,6.59625,1.94038,39.2238,0.202351,0.00608229
dish_1558376938,downscale8,downscaled ×8,51.06,200.581,149.521,74,156.818,82.8177,6.11169,2.11393,46.1123,0.109419,0.0023988
dish_1565986733,downscale8,downscaled ×8,387.929,359.449,28.48,287,274.807,12.1928,6.78325,1.82184,34.7871,0.199953,0.00949316
dish_1558639555,downscale8,downscaled ×8,156.049,230.813,74.7636,320,253.139,66.8614,7.9712,2.78708,54.2016,0.0681472,0.00234225
dish_1558546558,downscale8,downscaled ×8,254.364,209.906,44.4576,44,15.1241,28.8759,6.32434,2.12647,45.685,0.114176,0.00291443
dish_1563984242,downscale8,downscaled ×8,402.117,504.482,102.365,753,639.527,113.473,8.43023,2.15033,33.5298,0.117483,0.00356117
dish_1559849097,downscale8,downscaled ×8,495.928,336.455,159.473,325,315.755,9.24523,6.24526,1.77646,28.8624,0.157598,0.00414214
dish_1563566965,downscale8,downscaled ×8,370.827,429.705,58.8778,286,414.32,128.32,6.72329,2.62695,49.5559,0.11654,0.00280468
dish_1566849895,downscale8,downscaled ×8,112.31,273.11,160.8,153,267.966,114.966,8.63966,2.01981,29.5666,0.162636,0.0050736
dish_1559157919,downscale8,downscaled ×8,37.0946,118.208,81.1132,39,149.196,110.196,6.45718,2.50438,54.7927,0.0890332,0.00485031
dish_1558113477,downscale8,downscaled ×8,289.05,262.592,26.4582,50,79.4652,29.4652,7.11696,2.01342,43.2095,0.111964,0.00336491
dish_1559238993,downscale8,downscaled ×8,61.56,138.844,77.2835,108,134.025,26.0246,6.30731,2.13234,46.7058,0.115005,0.00341329
dish_1562788506,downscale8,downscaled ×8,114.588,51.2017,63.3863,108,81.5649,26.4351,7.83629,1.05713,15.8218,0.471516,0.00612235
dish_1562774129,downscale8,downscaled ×8,73.0835,204.871,131.788,77,221.62,144.62,6.14648,1.68435,32.5267,0.23007,0.00349007
dish_1559578551,downscale8,downscaled ×8,124.43,169.196,44.7662,23,-4.05487,27.0549,7.92798,1.74837,34.2463,0.148399,0.00124287
dish_1562788536,downscale8,downscaled ×8,245.132,246.581,1.44867,190,181.927,8.0733,6.98208,1.48169,22.1285,0.272701,0.0035866
dish_1559233756,downscale8,downscaled ×8,189.85,244.152,54.302,222,276.741,54.7405,7.63857,2.47334,51.3862,0.0839301,0.00420992
dish_1564428181,downscale8,downscaled ×8,510.051,443.237,66.8141,320,339.717,19.7173,7.29751,2.72408,57.8032,0.0863423,0.00171001
dish_1565118729,downscale8,downscaled ×8,435.493,339.066,96.4272,248,199.229,48.7711,6.77891,1.83946,36.5015,0.222804,0.00371882
dish_1568305225,downscale8,downscaled ×8,428.668,419.787,8.88068,144,263.302,119.302,8.2448,2.09983,39.0858,0.138084,0.00253254
dish_1566414291,downscale8,downscaled ×8,345.142,369.331,24.1886,244,322.909,78.9091,5.88892,1.7715,30.2369,0.235699,0.00398296
dish_1561661347,downscale8,downscaled ×8,50.67,264.026,213.356,132,263.779,131.779,7.39296,2.17952,43.1086,0.134802,0.00301066
dish_1566501575,downscale8,downscaled ×8,251.694,390.18,138.486,54,332.708,278.708,8.6406,2.32829,37.8157,0.125347,0.00366559
dish_1563218408,downscale8,downscaled ×8,245.34,262.998,17.6576,87,165.648,78.648,8.77571,2.1858,37.8619,0.128753,0.00276991
dish_1561661377,downscale8,downscaled ×8,306.334,411.94,105.606,294,365.497,71.497,6.39742,2.23765,41.0302,0.136559,0.00294088
dish_1558639876,downscale8,downscaled ×8,68.18,325.393,257.213,215,341.243,126.243,8.80727,3.07961,64.2056,0.0668596,0.00266017
dish_1566849862,downscale8,downscaled ×8,77.05,122.243,45.1927,67,135.374,68.3739,9.10184,1.94204,33.8984,0.151789,0.00448295
dish_1566502573,downscale8,downscaled ×8,821.51,663.218,158.292,487,519.732,32.7324,7.47385,2.47696,41.6108,0.0793558,0.00308975
dish_1562009810,downscale8,downscaled ×8,119.88,98.1682,21.7118,108,98.7566,9.24345,8.98873,1.74363,33.1189,0.233242,0.00563164
dish_1564675411,downscale8,downscaled ×8,235.531,410.534,175.003,308,359.376,51.376,7.82321,2.04631,38.557,0.115185,0.00363437
dish_1560203424,downscale8,downscaled ×8,451.754,364.862,86.8919,138,180.502,42.5017,7.33519,2.10539,34.324,0.115262,0.00145677
dish_1562790824,downscale8,downscaled ×8,437.072,398.066,39.0053,368,304.126,63.8742,6.75404,1.90363,28.8638,0.171591,0.00357497
dish_1558030289,downscale8,downscaled ×8,38.52,10.5505,27.9695,107,118.359,11.3589,5.82047,1.87597,37.6097,0.133242,0.00356635
dish_1560444985,downscale8,downscaled ×8,198.938,329.955,131.017,264,398.122,134.122,6.90857,2.22466,35.258,0.149203,0.00405348
dish_1563984140,downscale8,downscaled ×8,245.44,270.449,25.0087,472,348.448,123.552,8.82805,1.64014,25.6587,0.193707,0.00512796
dish_1561662160,downscale8,downscaled ×8,41.8383,187.169,145.33,36,153.978,117.978,6.62973,1.79649,33.3059,0.198874,0.00220592
dish_1558641164,downscale8,downscaled ×8,80.08,82.5262,2.44624,154,154.004,0.00404428,6.41814,1.89163,39.1618,0.128557,0.00304945
dish_1558110335,downscale8,downscaled ×8,37.87,109.938,72.0681,7,50.4137,43.4137,5.67046,1.90314,40.6704,0.133873,0.00314881
dish_1565811061,downscale8,downscaled ×8,380.32,375.289,5.03071,324,360.693,36.6929,7.43786,2.90487,57.0236,0.0628561,0.00213204
dish_1559844490,downscale8,downscaled ×8,108.36,244.372,136.012,180,224.665,44.6653,6.16901,1.77743,27.7927,0.142906,0.00413723
dish_1562786103,downscale8,downscaled ×8,93.081,135.79,42.7088,57,172.19,115.19,8.58521,1.46264,22.1541,0.243195,0.00354597
dish_1563897087,downscale8,downscaled ×8,102.44,210.833,108.393,231,236.486,5.48624,7.43196,1.62537,24.7992,0.203558,0.00300812
dish_1566590007,downscale8,downscaled ×8,740.762,438.084,302.678,457,352.735,104.265,7.19331,2.27885,38.8595,0.14241,0.00563215
dish_1560975517,downscale8,downscaled ×8,42.39,239.383,196.993,99,271.606,172.606,6.98786,2.04037,30.8824,0.172879,0.00512794
dish_1557936645,downscale8,downscaled ×8,11.88,124.332,112.452,36,105.906,69.9062,6.76571,1.57466,26.2718,0.174201,0.00552992
dish_1565020796,downscale8,downscaled ×8,90.6,189.509,98.9094,99,172.753,73.753,7.6706,1.41009,21.0981,0.250396,0.00481295
dish_1559578579,downscale8,downscaled ×8,142.58,229.755,87.1753,78,99.2406,21.2406,7.83092,2.10342,43.7946,0.102721,0.00124293
dish_1557862783,downscale8,downscaled ×8,442.98,468.989,26.0089,258,358.113,100.113,7.40569,1.91697,33.1761,0.0825489,0.0082836
dish_1560975601,downscale8,downscaled ×8,233.936,432.76,198.825,253,451.544,198.544,7.13913,2.56643,44.1811,0.100245,0.00457253
dish_1560367952,downscale8,downscaled ×8,414.733,294.627,120.106,221,319.039,98.039,6.87717,2.76012,56.1126,0.0914898,0.00215655
dish_1563565454,downscale8,downscaled ×8,350.789,279.549,71.2395,322,309.869,12.1311,6.74002,2.22994,42.6487,0.109048,0.00291154
dish_1562703408,downscale8,downscaled ×8,311.209,312.719,1.50945,196,248.537,52.5368,6.61632,1.71841,26.021,0.179044,0.00321721
dish_1564689138,downscale8,downscaled ×8,268.267,354.513,86.2456,223,347.06,124.06,6.63474,2.19446,39.0718,0.158115,0.00292262
dish_1563221086,downscale8,downscaled ×8,328.278,400.658,72.3802,254,353.656,99.6561,6.84508,2.33156,44.7154,0.132016,0.0051516
dish_1567007814,downscale8,downscaled ×8,73,136.716,63.7161,152,218.03,66.0305,7.19513,1.67394,23.9116,0.151045,0.00523186
dish_1565896701,downscale8,downscaled ×8,294.473,262.578,31.8955,184,228.942,44.9419,6.74899,1.45487,24.8421,0.249504,0.00347496
dish_1557937615,downscale8,downscaled ×8,6.93,88.5016,81.5716,21,145.582,124.582,6.67612,1.47444,24.3833,0.219072,0.00503761
dish_1564427455,downscale8,downscaled ×8,354.26,281.385,72.8748,218,266.775,48.7754,7.80939,2.65517,50.8471,0.111884,0.00219611
dish_1564588859,downscale8,downscaled ×8,183.586,289.827,106.24,257,282.476,25.476,7.84022,1.40523,18.331,0.238199,0.00542855
dish_1561577848,downscale8,downscaled ×8,413.348,371.796,41.5522,254,237.143,16.8574,6.8176,1.98279,39.8677,0.191998,0.00354888
dish_1563389600,downscale8,downscaled ×8,451.428,307.774,143.654,264,249.899,14.1011,8.40904,2.19047,37.388,0.160712,0.00258093
dish_1566316726,downscale8,downscaled ×8,409.523,410.143,0.620142,685,499.759,185.241,8.04457,1.92374,29.6538,0.138032,0.00247148
dish_1562776465,downscale8,downscaled ×8,173.432,236.917,63.4849,212,229.656,17.6559,5.77317,1.87567,32.8768,0.146782,0.00340232
dish_1568401261,downscale8,downscaled ×8,530.393,446.197,84.196,443,383.823,59.1772,6.79245,2.0256,28.0092,0.16247,0.00519963
dish_1559841950,downscale8,downscaled ×8,11.2,26.8296,15.6296,32,50.447,18.447,7.00949,1.48109,23.2749,0.226624,0.00426909
dish_1558375667,downscale8,downscaled ×8,687.939,324.961,362.978,119,128.131,9.13074,7.73028,2.18252,47.3131,0.107522,0.00231813
dish_1558639482,downscale8,downscaled ×8,30.769,50.4034,19.6344,29,45.6088,16.6088,7.37741,1.83533,37.0398,0.153112,0.00294048
dish_1566328805,downscale8,downscaled ×8,927.81,703.23,224.58,488,554.67,66.6702,7.36275,2.51089,39.4557,0.081745,0.00739799
dish_1558114145,downscale8,downscaled ×8,57.27,229.188,171.918,83,169.629,86.6285,6.03953,2.08846,46.5204,0.110218,0.00342637
dish_1562700593,downscale8,downscaled ×8,385.774,498.568,112.794,384,377.395,6.60456,8.31312,2.44931,43.5489,0.126986,0.00340216
dish_1557937574,downscale8,downscaled ×8,5.59,129.419,123.829,13,146.209,133.209,8.00537,1.42029,23.8231,0.215392,0.00461689
dish_1561661324,downscale8,downscaled ×8,33,168.711,135.711,75,180.016,105.016,7.16585,1.85904,36.0038,0.193042,0.004575
dish_1564588820,downscale8,downscaled ×8,81.12,198.127,117.007,156,214.033,58.0332,7.87474,1.24758,15.0906,0.282963,0.00681979
dish_1566414225,downscale8,downscaled ×8,125.182,249.953,124.771,88,186.454,98.4545,6.42659,1.52458,27.5225,0.307344,0.00514218
dish_1568305257,downscale8,downscaled ×8,837.148,472.024,365.123,420,408.467,11.5328,7.69535,2.28937,39.2877,0.130932,0.00299051
dish_1564773826,downscale8,downscaled ×8,10.08,21.5682,11.4882,56,61.5373,5.53728,8.53936,1.71097,35.122,0.235347,0.00218617
dish_1562700496,downscale8,downscaled ×8,31,31.5959,0.595926,124,110.713,13.2865,8.62386,1.59069,29.9436,0.325108,0.00555427
dish_1566850099,downscale8,downscaled ×8,113.058,267.251,154.193,112,238.822,126.822,6.35512,1.6759,26.8557,0.213549,0.00530651
dish_1560975628,downscale8,downscaled ×8,348.273,511.156,162.883,296,493.353,197.353,7.40958,2.67083,44.9375,0.104301,0.00566356
dish_1558461431,downscale8,downscaled ×8,1.15,17.5259,16.3759,5,68.0365,63.0365,6.10199,2.0649,44.9424,0.107031,0.00271988
dish_1558635618,downscale8,downscaled ×8,220.254,295.822,75.5675,334,362.965,28.9653,7.7285,3.0381,63.4634,0.0699625,0.0030774
dish_1561148021,downscale8,downscaled ×8,361.765,423.137,61.3718,216,342.368,126.368,6.42637,2.66138,46.8689,0.10727,0.00409519
dish_1566328745,downscale8,downscaled ×8,282.03,286.947,4.91732,203,285.942,82.9423,6.8412,2.09029,34.9561,0.135562,0.00811762
dish_1558373074,downscale8,downscaled ×8,73.84,61.9652,11.8748,142,120.273,21.7275,6.31378,1.92853,37.3787,0.122791,0.00233653
dish_1561662869,downscale8,downscaled ×8,284.346,247.544,36.8017,192,192.137,0.136682,7.38027,2.1338,43.5183,0.171093,0.00142075
dish_1558544663,downscale8,downscaled ×8,141.44,221.053,79.6131,208,160.8,47.2003,8.41167,1.97324,40.3636,0.115162,0.00362692
dish_1564588919,downscale8,downscaled ×8,335.944,380.849,44.9045,452,445.014,6.98607,7.76448,1.60751,23.0711,0.183964,0.00315656
dish_1563909580,downscale8,downscaled ×8,544.312,451.744,92.5678,361,407.656,46.6563,9.26666,2.50574,42.3195,0.116477,0.0044061
dish_1565894858,downscale8,downscaled ×8,132.84,199.685,66.8451,27,146.935,119.935,7.88333,1.3661,21.1926,0.252016,0.00402949
dish_1564689078,downscale8,downscaled ×8,72.3608,47.5362,24.8246,55,72.5962,17.5962,6.71595,1.56192,32.0545,0.310126,0.0039482
dish_1566414412,downscale8,downscaled ×8,920.12,447.315,472.806,658,403.113,254.887,7.69882,2.12635,33.3042,0.139537,0.00399713
dish_1566502537,downscale8,downscaled ×8,517.644,549.271,31.6271,315,420.839,105.839,6.18048,2.27148,40.4936,0.11203,0.00279904
dish_1558718587,downscale8,downscaled ×8,10.25,85.728,75.478,41,114.074,73.0741,6.89918,1.85808,36.8358,0.131603,0.00305211
dish_1563551164,downscale8,downscaled ×8,339.756,396.895,57.1388,270,368.187,98.1868,8.39182,1.72416,28.4182,0.210586,0.00361152
dish_1558720236,downscale8,downscaled ×8,887.823,381.83,505.993,407,389.327,17.6728,7.58187,2.73958,50.8692,0.0705998,0.00430526
dish_1562776497,downscale8,downscaled ×8,291.832,326.493,34.661,292,277.184,14.8156,6.0854,2.09117,38.3974,0.137908,0.00385812
dish_1563565289,downscale8,downscaled ×8,93.368,156.01,62.6422,88,148.934,60.9345,8.01145,1.80825,32.2076,0.177363,0.00473209
dish_1559849412,downscale8,downscaled ×8,352.641,284.409,68.2316,61,61.9327,0.932746,6.63703,1.60305,25.8519,0.209448,0.00437184
dish_1559934477,downscale8,downscaled ×8,25.08,149.763,124.683,57,143.754,86.7543,6.26073,1.89001,28.1952,0.188245,0.00122727
dish_1557936599,downscale8,downscaled ×8,22.05,95.9368,73.8868,63,108.349,45.3485,7.09759,1.68047,28.9161,0.145264,0.00486598
dish_1563565354,downscale8,downscaled ×8,272.315,290.147,17.8315,193,256.7,63.7002,7.29396,2.05715,36.3008,0.125821,0.00431804
dish_1561405411,downscale8,downscaled ×8,332.063,412.223,80.16,282,371.495,89.4949,7.49132,2.39936,41.992,0.14002,0.00280269
dish_1566502472,downscale8,downscaled ×8,132.919,191.395,58.4757,119,201.014,82.014,6.33015,1.92997,33.8718,0.141669,0.00281855
dish_1566838317,downscale8,downscaled ×8,114.2,266.159,151.959,284,243.044,40.9563,7.99682,1.66001,23.9251,0.204075,0.00609175
dish_1565123881,downscale8,downscaled ×8,406.822,455.919,49.0971,515,423.225,91.7752,7.17604,2.43521,41.5526,0.0968256,0.00435872
dish_1563551134,downscale8,downscaled ×8,246.92,208.607,38.3126,173,229.352,56.3523,9.60531,1.57604,25.5399,0.243178,0.00427766
dish_1558718906,downscale8,downscaled ×8,282.58,345.419,62.8389,247,262.088,15.0876,8.17257,3.00524,60.6958,0.0636656,0.00315422
dish_1562963289,downscale8,downscaled ×8,349.918,345.327,4.59141,180,228.032,48.0319,6.70993,1.54609,21.8914,0.204731,0.0054059
dish_1562790775,downscale8,downscaled ×8,75.6863,178.713,103.026,40,202.021,162.021,8.32142,1.54334,24.6903,0.238409,0.0044352
dish_1560801041,downscale8,downscaled ×8,432.244,564.174,131.93,292,445.306,153.306,7.9259,2.59877,46.2474,0.102694,0.00199919
dish_1565123816,downscale8,downscaled ×8,250.917,139.864,111.052,110,94.7404,15.2596,7.96491,1.20554,17.3575,0.387569,0.00645368
dish_1558031351,downscale8,downscaled ×8,12.3,50.836,38.536,41,95.2744,54.2744,5.78441,1.8655,38.6302,0.131252,0.00320552
dish_1559841979,downscale8,downscaled ×8,39.29,19.7063,19.5837,85,76.2762,8.72377,6.53406,1.52204,23.098,0.199651,0.0042119
dish_1560203400,downscale8,downscaled ×8,293.28,286.505,6.77512,104,144.012,40.0118,6.97143,1.97957,31.2547,0.13487,0.00140476
dish_1563294987,downscale8,downscaled ×8,97.38,200.204,102.824,18,140.075,122.075,6.4375,1.85285,31.8381,0.151396,0.00143787
dish_1563208412,downscale8,downscaled ×8,62.4,78.9366,16.5366,39,67.5635,28.5635,8.20696,1.63433,27.2956,0.229132,0.00624821
dish_1557862696,downscale8,downscaled ×8,19.25,183.992,164.742,77,183.608,106.608,8.7957,1.57289,24.208,0.149471,0.00800656
dish_1561739212,downscale8,downscaled ×8,134.01,312.322,178.312,214,339.26,125.26,6.75792,2.0152,33.7794,0.132929,0.000596084
dish_1564675380,downscale8,downscaled ×8,87.331,286.432,199.101,23,153.604,130.604,8.12688,1.61377,30.3407,0.190351,0.00361446
dish_1564773903,downscale8,downscaled ×8,316.828,239.356,77.4719,336,327.842,8.15761,7.44023,2.01502,36.3509,0.179089,0.00222982
dish_1558376768,downscale8,downscaled ×8,74.36,108.658,34.2981,143,176.177,33.1765,7.32808,1.93238,38.6682,0.11849,0.00254333
dish_1563897047,downscale8,downscaled ×8,66.04,279.608,213.568,127,262.954,135.954,7.09145,1.55891,21.2876,0.231664,0.00384466
dish_1562172561,downscale8,downscaled ×8,150.8,262.507,111.707,290,264.919,25.0809,8.6747,1.55194,23.5047,0.202957,0.00565568
dish_1563551194,downscale8,downscaled ×8,471.644,489.551,17.9074,400,417.974,17.9736,8.22069,1.90573,32.2064,0.169357,0.00315397
dish_1558113430,downscale8,downscaled ×8,7.84,175.42,167.58,28,158.079,130.079,6.0989,2.13221,47.0211,0.112234,0.00326657
dish_1565035774,downscale8,downscaled ×8,57.5,239.453,181.953,185,282.582,97.5816,7.5188,1.59659,26.2747,0.223581,0.00432187
dish_1563551105,downscale8,downscaled ×8,194.4,158.24,36.1604,72,141.572,69.5724,9.14452,1.30019,22.2698,0.314826,0.00543997
dish_1566850142,downscale8,downscaled ×8,464.951,467.284,2.33297,284,367.037,83.0375,6.43528,1.8607,27.171,0.148394,0.004731
dish_1561574368,downscale8,downscaled ×8,22,81.1389,59.1389,50,129.798,79.7978,7.64322,1.78537,33.8044,0.217924,0.00168472
dish_1562085672,downscale8,downscaled ×8,122.084,213.712,91.628,46,150.388,104.388,8.75104,1.76143,32.429,0.189157,0.00281288
dish_1560526472,downscale8,downscaled ×8,113.673,171.58,57.9071,114,227.046,113.046,6.57088,2.30875,40.8917,0.148851,0.00340727
dish_1566328776,downscale8,downscaled ×8,901.81,670.402,231.408,436,493.476,57.4759,7.36668,2.46368,38.5288,0.0878543,0.00709431
dish_1566501594,downscale8,downscaled ×8,508.049,384.135,123.914,109,322.933,213.933,8.72364,2.24644,37.8869,0.129946,0.0033103
dish_1560368019,downscale8,downscaled ×8,436.966,416.27,20.6963,301,372.323,71.3229,6.54738,3.29965,67.9622,0.0668856,0.00180266
dish_1561393764,downscale8,downscaled ×8,280.8,343.065,62.2649,182,218.12,36.1199,7.27013,2.21618,42.2529,0.148947,0.00307551
dish_1558641200,downscale8,downscaled ×8,3.28,-2.37762,5.65762,8,67.2025,59.2025,6.53028,1.87834,39.7589,0.144151,0.00282272
dish_1558639412,downscale8,downscaled ×8,32.98,70.8019,37.8219,97,79.644,17.356,6.07855,1.96227,38.5822,0.131234,0.00316396
dish_1565123783,downscale8,downscaled ×8,93.065,134.788,41.7226,35,111.308,76.308,8.54232,1.08441,15.6817,0.46053,0.00713986
dish_1559157777,downscale8,downscaled ×8,2.53,55.9821,53.4521,11,76.8279,65.8279,6.87959,2.24537,50.547,0.111575,0.00359381
dish_1567785739,downscale8,downscaled ×8,168.576,255.82,87.2433,177,276.436,99.4365,7.02404,1.9351,31.4086,0.13616,0.00270178
dish_1564588889,downscale8,downscaled ×8,234.494,282.82,48.3259,346,345.921,0.0792489,7.53639,1.47835,21.387,0.212082,0.00343294
dish_1561667207,downscale8,downscaled ×8,249.445,294.432,44.9875,121,207.888,86.8876,6.7011,1.76604,30.1631,0.179569,0.00241918
dish_1559850314,downscale8,downscaled ×8,296.617,254.707,41.9102,100,116.455,16.4551,6.59655,1.61824,26.5235,0.20163,0.00456748
dish_1559233445,downscale8,downscaled ×8,24.5,75.6329,51.1329,49,50.6798,1.67978,7.0119,1.74641,35.3867,0.165855,0.00342657
dish_1558030182,downscale8,downscaled ×8,67.76,107.336,39.5764,88,113.634,25.6342,6.50027,1.8466,38.3563,0.133618,0.0038663
dish_1567007719,downscale8,downscaled ×8,14.28,27.6056,13.3256,42,59.6957,17.6957,6.79171,1.45689,20.0275,0.229268,0.00659948
dish_1567785709,downscale8,downscaled ×8,131.251,177.202,45.951,138,212.557,74.5566,6.01747,1.86925,30.2856,0.136705,0.00276337
dish_1558546434,downscale8,downscaled ×8,2.53,21.9968,19.4668,11,58.5612,47.5612,5.76065,2.09271,45.2447,0.115938,0.00265724
dish_1560801773,downscale8,downscaled ×8,13.5,117.52,104.02,54,89.2006,35.2006,7.45868,1.45028,26.8051,0.31432,0.00113712
dish_1561662926,downscale8,downscaled ×8,288.336,337.658,49.323,213,252.305,39.3051,6.78793,2.23127,44.5275,0.156969,0.00124603
dish_1565035858,downscale8,downscaled ×8,375.228,507.162,131.934,531,589.36,58.3602,6.88656,2.36011,41.3628,0.131665,0.00341669
dish_1565030391,downscale8,downscaled ×8,609.334,311.144,298.19,313,267.781,45.2187,6.33046,2.34298,42.5928,0.129283,0.00345824
dish_1562774099,downscale8,downscaled ×8,51.9935,127.994,76.0008,40,130.997,90.9966,6.59134,1.65891,31.9768,0.231109,0.00370166
dish_1560801020,downscale8,downscaled ×8,346.34,511.144,164.804,250,415.879,165.879,8.22794,2.5976,46.4596,0.104139,0.00198321
dish_1562690886,downscale8,downscaled ×8,20.6117,57.657,37.0453,37,50.7133,13.7133,7.42322,1.36248,26.3706,0.329248,0.00809196
dish_1564428144,downscale8,downscaled ×8,205.213,234.126,28.9134,171,200.487,29.4867,8.40929,1.80128,31.3392,0.20297,0.00215737
dish_1560456305,downscale8,downscaled ×8,26.3916,116.578,90.1869,21,116.439,95.4393,9.11686,1.68208,27.7622,0.276715,0.00318893
dish_1565117429,downscale8,downscaled ×8,390.873,308.096,82.777,147,152.805,5.80526,6.81798,2.11712,37.6158,0.145771,0.00578801
dish_1564773876,downscale8,downscaled ×8,258.328,156.453,101.875,219,180.12,38.8796,6.10375,1.90754,36.0936,0.207108,0.0020697
dish_1560526552,downscale8,downscaled ×8,359.241,425.489,66.2479,319,389.259,70.2588,8.32872,2.67546,48.687,0.100806,0.00381886
dish_1560526408,downscale8,downscaled ×8,67.0982,100.76,33.6615,51,110.171,59.1711,6.81505,2.0418,35.3752,0.180882,0.00328197
dish_1562963325,downscale8,downscaled ×8,760.162,539.726,220.436,379,412.196,33.1958,6.98485,1.74991,23.011,0.158725,0.00482065
dish_1557937037,downscale8,downscaled ×8,25.97,151.499,125.529,49,142.629,93.629,5.66096,1.60524,27.1013,0.157047,0.00546051
dish_1561662216,downscale8,downscaled ×8,300.794,366.203,65.4086,193,286.751,93.7513,6.79059,2.24695,41.8963,0.13893,0.00183364
dish_1562099134,downscale8,downscaled ×8,271.641,286.751,15.1095,188,248.479,60.4789,7.35142,1.69278,25.3323,0.180762,0.0033448
dish_1562008936,downscale8,downscaled ×8,57.64,175.048,117.408,131,145.181,14.1814,7.46135,1.90113,34.0078,0.205635,0.00352444
dish_1565020867,downscale8,downscaled ×8,255.805,282.549,26.744,325,303.849,21.1512,6.82442,1.59947,22.4147,0.214362,0.00223857
dish_1558720133,downscale8,downscaled ×8,14.25,38.0233,23.7733,57,57.785,0.784964,7.21408,1.9295,39.3427,0.143469,0.00298738
dish_1561739238,downscale8,downscaled ×8,274.19,312.243,38.0529,257,357.374,100.374,6.86781,2.03165,33.9833,0.142596,0.000584612
dish_1565711570,downscale8,downscaled ×8,603.827,580.687,23.1405,324,386.155,62.1548,8.04554,2.07142,34.0442,0.123774,0.00365917
dish_1562774206,downscale8,downscaled ×8,298.764,394.715,95.9514,272,423.831,151.831,6.75336,1.98646,34.7867,0.150536,0.00364453
dish_1561148042,downscale8,downscaled ×8,370.755,423.719,52.9638,245,376.979,131.979,7.10938,2.96083,55.8396,0.0768974,0.00462686
dish_1560444931,downscale8,downscaled ×8,112.66,183.823,71.1629,200,273.524,73.5244,6.65962,1.97781,31.0783,0.186062,0.00411666
dish_1558031302,downscale8,downscaled ×8,56.98,99.6397,42.6597,74,97.2807,23.2807,6.68846,1.87682,37.2117,0.133619,0.00330525
dish_1563566939,downscale8,downscaled ×8,286.027,387.941,101.913,238,381.488,143.488,7.76192,2.47166,48.7104,0.145512,0.00338044
dish_1566587102,downscale8,downscaled ×8,213.599,181.866,31.7337,146,186.699,40.6988,7.30755,1.56824,32.9208,0.313889,0.0069499
dish_1561405332,downscale8,downscaled ×8,18.55,-2.88691,21.4369,53,50.0101,2.98992,8.30037,1.73876,30.9819,0.268563,0.00345364
dish_1564687013,downscale8,downscaled ×8,330.841,354.876,24.0349,224,193.606,30.3939,6.88533,1.85052,33.7522,0.246414,0.00467666
dish_1563996464,downscale8,downscaled ×8,100.489,322.365,221.876,146,307.932,161.932,8.45004,2.13129,39.7395,0.163242,0.0038883
dish_1563998279,downscale8,downscaled ×8,565.005,435.432,129.573,296,262.552,33.4482,7.65907,1.89693,32.005,0.194474,0.00413865
dish_1565020755,downscale8,downscaled ×8,43.28,48.6502,5.37022,8,36.6844,28.6844,8.18832,1.12248,17.009,0.393997,0.00500727
dish_1557937758,downscale8,downscaled ×8,106.783,227.102,120.319,128,203.188,75.1879,7.05388,1.85617,34.7853,0.155933,0.00738548
dish_1559850338,downscale8,downscaled ×8,307.117,267.558,39.5594,130,193.016,63.0164,6.90138,1.74821,28.0374,0.175963,0.00453904
dish_1563305513,downscale8,downscaled ×8,606.252,394.453,211.799,228,221.904,6.09623,6.84102,1.70219,23.0744,0.223865,0.00399447
dish_1563389548,downscale8,downscaled ×8,438.828,277.068,161.76,194,199.501,5.50147,9.20543,2.08345,36.254,0.158708,0.00405598
dish_1565898128,downscale8,downscaled ×8,209.031,177.182,31.8488,134,174.271,40.2708,7.24504,1.5614,28.7156,0.241548,0.00349303
dish_1558549413,downscale8,downscaled ×8,682.158,363.602,318.556,118,138.139,20.1388,7.05024,2.50424,53.6753,0.0930231,0.00298558
dish_1562703345,downscale8,downscaled ×8,154.28,151.883,2.39737,58,80.2895,22.2895,5.84201,1.45636,22.4715,0.271529,0.00468494
dish_1565030350,downscale8,downscaled ×8,62.5857,236.365,173.779,62,229.447,167.447,8.67066,1.5005,23.6093,0.244597,0.00413304
dish_1562774180,downscale8,downscaled ×8,164.084,244.176,80.0927,181,340.248,159.248,7.04872,1.78789,32.5169,0.188688,0.00358336
dish_1559239256,downscale8,downscaled ×8,60.16,72.904,12.744,128,142.193,14.1935,7.84529,1.84081,36.7043,0.145811,0.00373478
dish_1563566909,downscale8,downscaled ×8,222.53,330.52,107.99,187,310.939,123.939,6.74817,1.62104,25.6592,0.25971,0.00450786
dish_1563984199,downscale8,downscaled ×8,322.68,407.342,84.6615,670,513.38,156.62,7.58419,1.92797,28.0208,0.125617,0.00460585
dish_1558722125,downscale8,downscaled ×8,497.166,286.161,211.005,86,86.8112,0.811175,7.33725,2.41281,51.909,0.0880249,0.00301876
dish_1565123845,downscale8,downscaled ×8,268.662,164.372,104.29,201,148.344,52.6564,7.46444,1.35703,19.2301,0.307986,0.00535533
dish_1562168696,downscale8,downscaled ×8,95.1148,141.523,46.4082,141,218.333,77.3329,5.95056,2.03513,38.7048,0.164468,0.00255341
dish_1567785778,downscale8,downscaled ×8,303.508,325.526,22.0189,310,342.809,32.8091,7.69122,1.85814,29.57,0.113204,0.002698
dish_1564687090,downscale8,downscaled ×8,498.019,438.033,59.9852,416,378.345,37.6551,8.58998,2.5256,44.5232,0.129892,0.00389407
dish_1563909507,downscale8,downscaled ×8,117.926,166.014,48.0886,151,219.032,68.0321,9.56748,2.24466,46.1186,0.125491,0.0045203
dish_1560526530,downscale8,downscaled ×8,245.281,358.124,112.843,242,341.343,99.3435,7.73487,2.56333,46.1458,0.112008,0.00373277
dish_1563295044,downscale8,downscaled ×8,241.975,327.159,85.1841,158,250.288,92.2878,6.55455,2.23085,39.0687,0.084733,0.00182045
dish_1559844272,downscale8,downscaled ×8,462.48,266.161,196.319,80,71.0504,8.94959,7.46814,1.61696,27.0799,0.197396,0.00410259
dish_1561578800,downscale8,downscaled ×8,338.355,334.11,4.24424,146,262.423,116.423,7.53313,2.21645,45.283,0.140687,0.00116257
dish_1562099157,downscale8,downscaled ×8,277.531,302.821,25.2898,207,285.149,78.1488,7.6644,1.9328,30.1574,0.158131,0.00301448
dish_1562703447,downscale8,downscaled ×8,384.426,230.844,153.582,259,219.016,39.9837,6.60546,1.76812,25.1041,0.174921,0.00275802
dish_1566587143,downscale8,downscaled ×8,354.399,298.072,56.3275,234,254.397,20.397,6.68523,1.80661,37.0982,0.230371,0.00593897
dish_1562618000,downscale8,downscaled ×8,685.994,448.423,237.571,448,398.577,49.4229,6.20692,3.11803,61.2909,0.060643,0.00222782
dish_1566851704,downscale8,downscaled ×8,461.16,506.985,45.825,348,436.917,88.9167,7.70563,2.32884,37.9199,0.114627,0.00518135
dish_1566587182,downscale8,downscaled ×8,531.261,461.501,69.7599,377,396.755,19.7554,7.13923,2.26049,42.8308,0.144093,0.00426131
dish_1558718680,downscale8,downscaled ×8,132.963,176.936,43.973,23,12.5088,10.4912,6.36253,2.13836,45.4415,0.122731,0.00297979
dish_1563898019,downscale8,downscaled ×8,343.977,325.472,18.5053,237,223.005,13.9946,7.40695,1.68159,26.38,0.224842,0.00491454
dish_1558718610,downscale8,downscaled ×8,113.527,123.161,9.63382,107,108.392,1.39151,7.64159,1.84316,35.9058,0.137852,0.00318311
dish_1565894910,downscale8,downscaled ×8,537.113,450.89,86.2226,179,243.898,64.8981,6.86963,2.06963,36.5293,0.131699,0.00305854
dish_1561578865,downscale8,downscaled ×8,417.185,346.333,70.852,246,391.12,145.12,7.01296,2.98968,63.1249,0.0697248,0.00129184
dish_1568401167,downscale8,downscaled ×8,426.36,334.669,91.6914,228,211.682,16.3182,7.4866,1.79633,26.8369,0.192235,0.005245
dish_1564689219,downscale8,downscaled ×8,506.847,415.459,91.3881,474,422.802,51.1976,6.97136,2.72458,49.9505,0.079684,0.00260153
dish_1563984296,downscale8,downscaled ×8,436.337,620.152,183.815,871,611.417,259.583,8.99895,2.29824,39.6255,0.118121,0.00297006
dish_1558110478,downscale8,downscaled ×8,205.439,307.316,101.877,161,254.967,93.9666,5.8305,2.3127,49.4567,0.0820976,0.00356315
dish_1563295016,downscale8,downscaled ×8,127.88,175.255,47.3745,79,143.234,64.2338,6.96505,2.01493,34.2464,0.107534,0.00189895
dish_1557861216,downscale8,downscaled ×8,0,83.8102,83.8102,1,49.452,48.452,8.47082,1.25092,20.12,0.227566,0.00888247
dish_1558376801,downscale8,downscaled ×8,4.2,80.1732,75.9732,15,71.8148,56.8148,6.48036,1.90889,39.898,0.117925,0.00238146
dish_1561739188,downscale8,downscaled ×8,97.09,215.993,118.903,143,217.318,74.318,5.99441,1.82464,31.8508,0.204484,0.000606245
dish_1565020822,downscale8,downscaled ×8,180.565,316.207,135.643,193,286.426,93.4262,7.27101,1.6078,25.1267,0.198197,0.00306711
dish_1561667238,downscale8,downscaled ×8,268.805,396.438,127.633,165,296.564,131.564,6.67016,2.48002,49.5685,0.0919589,0.00209723
dish_1558114209,downscale8,downscaled ×8,30.6,173.005,142.405,90,178.886,88.8861,6.27977,1.89369,37.7946,0.12299,0.00396619
dish_1561654392,downscale8,downscaled ×8,494.065,471.338,22.7271,282,301.306,19.3058,8.01893,2.65072,48.2505,0.104083,0.00246181
dish_1564160043,downscale8,downscaled ×8,245,201.081,43.9193,98,138.595,40.5948,8.80647,1.69234,23.4417,0.166104,0.0032842
dish_1558376364,downscale8,downscaled ×8,48.99,142.219,93.2292,71,102.384,31.3837,6.10218,2.11683,47.1489,0.107884,0.00230559
dish_1566849987,downscale8,downscaled ×8,562.97,526.855,36.1145,540,486.218,53.7824,8.06058,2.40388,38.6645,0.117657,0.00466245
dish_1563898107,downscale8,downscaled ×8,440.693,371.203,69.4905,424,324.731,99.2686,7.14477,2.18298,36.8905,0.104143,0.00388492
dish_1558635489,downscale8,downscaled ×8,78.514,93.0512,14.5372,74,102.988,28.9885,6.38096,1.84004,37.5143,0.146351,0.00305163
dish_1566589933,downscale8,downscaled ×8,89.06,232.217,143.157,122,177.317,55.3172,5.66743,1.71582,32.7836,0.254682,0.00865277
dish_1568401199,downscale8,downscaled ×8,459.643,431.523,28.1199,343,315.4,27.5997,7.43467,1.76197,25.9282,0.197526,0.00565524
dish_1563898084,downscale8,downscaled ×8,419.493,384.101,35.3925,384,321.769,62.2306,6.85387,1.94783,31.2738,0.146054,0.00433678
dish_1565898158,downscale8,downscaled ×8,240.426,233.566,6.85979,194,232.825,38.8254,8.00632,2.06856,39.4545,0.184568,0.00323674
dish_1560368464,downscale8,downscaled ×8,349.45,325.329,24.1205,275,245.354,29.6464,6.9708,1.82608,28.4915,0.215524,0.00552032
dish_1565898230,downscale8,downscaled ×8,780.202,415.106,365.096,500,367.28,132.72,7.38387,2.27266,38.1358,0.128158,0.0029648
dish_1566316757,downscale8,downscaled ×8,448.383,536.588,88.2053,819,559.15,259.85,8.51961,2.04408,34.9578,0.143467,0.0030299
dish_1566849923,downscale8,downscaled ×8,127.97,320.363,192.393,240,298.58,58.5803,7.94627,2.05959,31.0093,0.149894,0.00474441
dish_1562009934,downscale8,downscaled ×8,434.914,498.762,63.848,369,418.566,49.5657,6.18544,2.56291,46.8963,0.103792,0.00320347
dish_1560456370,downscale8,downscaled ×8,258.383,249.727,8.65529,186,220.448,34.4483,8.83007,2.22256,38.8522,0.13073,0.00302105
dish_1561741090,downscale8,downscaled ×8,161.54,213.274,51.7335,221,224.714,3.71447,7.62841,1.95202,31.9622,0.154599,0.00291476
dish_1565811000,downscale8,downscaled ×8,342.85,489.759,146.909,225,423.373,198.373,7.57969,2.20555,38.5391,0.12063,0.00285591
dish_1560444892,downscale8,downscaled ×8,39.54,105.882,66.3415,90,111.887,21.8872,7.84491,1.6179,25.1472,0.268745,0.00446379
dish_1563565508,downscale8,downscaled ×8,403.862,329.185,74.6774,387,374.459,12.5408,6.51335,2.32942,45.9883,0.115683,0.00282741
dish_1556575327,downscale8,downscaled ×8,103.3,199.208,95.9076,152,247.373,95.373,7.07896,2.4949,53.9831,0.077105,0.00733378
dish_1564428102,downscale8,downscaled ×8,133.22,145.269,12.0493,107,207.4,100.4,9.65647,1.65782,28.3694,0.225788,0.00235825
dish_1558376306,downscale8,downscaled ×8,372.168,362.548,9.62012,108,183.485,75.4854,7.13784,2.14401,47.6618,0.100387,0.00212287
dish_1561654374,downscale8,downscaled ×8,326.356,332.944,6.58816,251,316.312,65.3123,7.21483,2.41811,44.3986,0.129196,0.00294269
dish_1566328831,downscale8,downscaled ×8,941.61,689.692,251.918,500,583.88,83.8797,7.96178,2.49456,38.4946,0.0833656,0.0053987
dish_1562168673,downscale8,downscaled ×8,56.3548,81.7648,25.4099,73,138.435,65.4351,6.02981,1.89564,36.0485,0.165696,0.00304026
dish_1558375886,downscale8,downscaled ×8,1050.51,498.267,552.244,277,341.111,64.1113,7.60214,2.80878,57.0312,0.0748159,0.00283248
dish_1564773976,downscale8,downscaled ×8,516.089,426.036,90.0535,463,439.901,23.0993,7.59581,2.17564,38.0845,0.135266,0.00189713
dish_1566851584,downscale8,downscaled ×8,286.295,319.489,33.1945,222,283.209,61.2089,6.88276,1.94423,31.9883,0.187495,0.00627202
dish_1560800988,downscale8,downscaled ×8,314.866,410.541,95.6749,230,359.523,129.523,7.79688,2.49317,43.8933,0.103293,0.00199689
dish_1559849497,downscale8,downscaled ×8,521.433,352.042,169.391,340,237.369,102.631,6.77978,1.84186,30.104,0.160769,0.00421512
dish_1562008979,downscale8,downscaled ×8,382.937,450.047,67.11,290,311.062,21.0619,6.49727,2.25732,41.5745,0.141131,0.00347264
dish_1560445004,downscale8,downscaled ×8,339.598,428.548,88.9498,290,398.611,108.611,7.67963,2.33966,38.6991,0.128941,0.0052832
dish_1561662190,downscale8,downscaled ×8,117.318,198.37,81.0514,104,181.609,77.6092,7.55614,2.00877,34.3896,0.163996,0.00201827
dish_1559844366,downscale8,downscaled ×8,529.22,360.728,168.492,192,258.943,66.9427,7.15374,1.9511,33.0811,0.154257,0.00377197
dish_1563998244,downscale8,downscaled ×8,259.479,184.818,74.6613,170,143.282,26.7175,6.55916,1.59159,26.4863,0.256398,0.00568426
dish_1566838378,downscale8,downscaled ×8,286.21,403.301,117.091,482,455.637,26.3631,6.76463,1.8527,28.4492,0.171035,0.00464589
dish_1566851616,downscale8,downscaled ×8,300.779,352.727,51.9485,248,300.44,52.4404,7.52047,2.03592,32.7794,0.154314,0.00574768
dish_1565034605,downscale8,downscaled ×8,52.4912,116.655,64.1637,52,162.951,110.951,6.38692,1.56142,23.4881,0.198371,0.00441347
dish_1558030435,downscale8,downscaled ×8,246.94,239.109,7.83084,221,212.413,8.58683,8.33123,2.36389,47.4375,0.0842119,0.00412043
dish_1558114284,downscale8,downscaled ×8,162.23,238.624,76.3943,316,315.987,0.0131085,6.57794,2.29575,47.9269,0.0979367,0.00343919
dish_1565638515,downscale8,downscaled ×8,198.971,260.057,61.0857,165,265.546,100.546,8.5181,2.1625,40.3444,0.182787,0.00449767
dish_1558376212,downscale8,downscaled ×8,300.612,284.918,15.6944,52,86.8903,34.8903,7.13435,2.0872,44.2216,0.103529,0.00226532
dish_1560975491,downscale8,downscaled ×8,37.84,171.592,133.752,86,215.587,129.587,6.97673,1.87217,29.6283,0.196768,0.00493461
dish_1565035715,downscale8,downscaled ×8,15.6,230.002,214.402,39,186.448,147.448,8.0879,1.2785,22.0801,0.351499,0.00523532
dish_1558375833,downscale8,downscaled ×8,317.032,274.145,42.8869,92,119.956,27.9563,6.59806,2.10157,46.8346,0.109371,0.00219179
dish_1561574428,downscale8,downscaled ×8,84.0024,268.209,184.207,172,289.682,117.682,7.31057,2.60709,55.4093,0.0926307,0.00158495
dish_1561147997,downscale8,downscaled ×8,185.18,330.219,145.039,133,263.465,130.465,6.53326,2.48759,44.4593,0.124416,0.00343581
dish_1565974375,downscale8,downscaled ×8,459.85,312.214,147.636,85,116.312,31.3117,8.20171,1.60944,26.7114,0.264015,0.00783798
dish_1560801829,downscale8,downscaled ×8,256.896,334.353,77.4576,178,229.658,51.6581,6.93006,2.09305,40.9933,0.148996,0.00121467
dish_1561574848,downscale8,downscaled ×8,182.258,152.735,29.5229,155,204.28,49.2799,6.12088,2.37438,51.9494,0.114965,0.00197685
dish_1558722171,downscale8,downscaled ×8,24.25,77.5673,53.3173,97,133.745,36.7454,7.93038,1.97937,38.7223,0.122072,0.00316343
dish_1559844323,downscale8,downscaled ×8,518.37,286.506,231.864,161,150.824,10.1758,7.43337,1.80974,30.9305,0.169152,0.00382599
dish_1568401302,downscale8,downscaled ×8,716.479,555.279,161.2,561,470.05,90.9498,7.68418,2.12215,27.7596,0.134859,0.00496603
dish_1558461607,downscale8,downscaled ×8,87.63,236.454,148.824,127,198.609,71.609,6.96707,2.1408,47.1366,0.10551,0.00249354
dish_1558031394,downscale8,downscaled ×8,237.41,345.714,108.304,318,405.817,87.8165,7.7063,2.60942,49.8729,0.0804516,0.00401114
dish_1562172600,downscale8,downscaled ×8,263.6,353.589,89.9888,370,359.516,10.4836,9.45747,1.79893,28.9419,0.153015,0.00397758
dish_1562790855,downscale8,downscaled ×8,739.376,507.383,231.994,507,370.335,136.665,7.29539,1.99656,29.8847,0.152042,0.00368639
dish_1560526514,downscale8,downscaled ×8,183.253,341.746,158.493,224,331.207,107.207,7.36558,2.53236,45.4459,0.122665,0.00396645
dish_1558546663,downscale8,downscaled ×8,330.734,290.241,40.4926,197,232.651,35.6512,6.95258,2.43114,48.1587,0.0911524,0.00394048
dish_1560368570,downscale8,downscaled ×8,555.933,457.034,98.8985,452,368.941,83.0593,7.73614,2.37808,42.852,0.12126,0.00335272
dish_1565638550,downscale8,downscaled ×8,277.657,329.282,51.6253,215,351.238,136.238,8.28624,2.33207,42.3226,0.149683,0.00412047
dish_1563897938,downscale8,downscaled ×8,54.1,70.7801,16.6801,10,92.5642,82.5642,9.55586,1.38353,24.9092,0.34186,0.00399709
dish_1558376734,downscale8,downscaled ×8,206.76,218.269,11.5094,60,98.9859,38.9859,6.42669,2.02581,44.0456,0.106418,0.00235598
dish_1567785622,downscale8,downscaled ×8,30.78,81.4519,50.6719,54,95.3057,41.3057,6.28588,1.57778,23.6545,0.17409,0.00301484
dish_1558639526,downscale8,downscaled ×8,31.98,41.8275,9.84752,78,84.2202,6.22017,7.77037,2.02392,40.5154,0.121174,0.00329908
dish_1559849053,downscale8,downscaled ×8,381.528,289.406,92.1221,125,158.734,33.7339,6.55927,1.72371,29.3058,0.176456,0.00417555
dish_1558031237,downscale8,downscaled ×8,31.62,131.74,100.12,93,117.208,24.2079,6.78513,1.93194,38.2263,0.131244,0.00331064
dish_1564773847,downscale8,downscaled ×8,238.028,135.734,102.294,161,163.259,2.25853,6.53585,1.84249,34.6959,0.213134,0.00197613
dish_1566590056,downscale8,downscaled ×8,815.648,412.589,403.059,519,350.343,168.657,6.96478,2.32448,35.7442,0.125092,0.00441094
dish_1564773942,downscale8,downscaled ×8,491.94,411.42,80.5199,442,424.982,17.0177,6.61087,2.13153,36.0892,0.152064,0.00197037
dish_1561393715,downscale8,downscaled ×8,17.15,46.9023,29.7523,49,107.65,58.6502,8.32021,1.74114,31.929,0.25933,0.00355329
dish_1563897981,downscale8,downscaled ×8,243.54,194.363,49.1767,138,132.143,5.85722,7.81788,1.58364,25.6161,0.209528,0.00412624
dish_1558545738,downscale8,downscaled ×8,73.84,80.8205,6.98046,142,154.129,12.129,7.83157,1.93271,39.697,0.137891,0.00311424
dish_1558718649,downscale8,downscaled ×8,25.84,56.3417,30.5017,76,73.6121,2.38795,7.42534,1.97503,38.0781,0.131132,0.00326598
dish_1562690950,downscale8,downscaled ×8,109.062,192.483,83.4212,202,239.222,37.2215,6.43289,1.64204,27.9689,0.220741,0.00757946
dish_1564689108,downscale8,downscaled ×8,203.662,277.829,74.1667,159,259.435,100.435,6.62821,1.92506,36.0734,0.201138,0.00336444
dish_1561578775,downscale8,downscaled ×8,295.149,213.175,81.974,111,117.79,6.7904,5.49625,1.7502,34.5915,0.209816,0.00101041
dish_1558110385,downscale8,downscaled ×8,52.87,14.8176,38.0524,34,25.9235,8.07651,5.39209,1.8579,37.0897,0.122046,0.00399071
dish_1563998513,downscale8,downscaled ×8,757.505,551.138,206.367,599,450.812,148.188,7.28737,2.23005,36.1402,0.102025,0.0040977
dish_1559844458,downscale8,downscaled ×8,55.89,54.061,1.82898,81,59.9388,21.0612,7.24053,1.58653,25.2114,0.202074,0.00419969
dish_1566316681,downscale8,downscaled ×8,116.763,180.288,63.5249,122,132.191,10.1907,6.63366,1.77371,30.2559,0.17342,0.00157826
dish_1566851549,downscale8,downscaled ×8,226.015,268.601,42.5857,85,134.472,49.4724,7.20635,1.56613,25.9934,0.304084,0.00897272
dish_1565034681,downscale8,downscaled ×8,323.553,366.9,43.3464,185,287.643,102.643,7.23183,1.78722,26.8988,0.170481,0.00324718
dish_1558635523,downscale8,downscaled ×8,55.9,79.0324,23.1324,43,71.2161,28.2161,6.58946,1.78575,34.013,0.149853,0.00297485
dish_1559239369,downscale8,downscaled ×8,130.92,254.703,123.783,276,373.121,97.1208,6.84672,2.59228,51.5745,0.0736189,0.00517398
dish_1566849955,downscale8,downscaled ×8,147.17,330.493,183.323,288,283.941,4.05939,8.20761,2.07937,30.6926,0.145704,0.00494654
dish_1559849537,downscale8,downscaled ×8,549.523,374.892,174.631,393,278.357,114.643,6.65405,1.86863,30.4332,0.149083,0.00412146
dish_1562776428,downscale8,downscaled ×8,33.6998,59.6196,25.9198,66,104.423,38.4225,5.72522,1.75002,32.8721,0.184409,0.0037943
dish_1560800918,downscale8,downscaled ×8,70.8256,240.718,169.892,40,195.993,155.993,6.31731,2.23335,42.6723,0.139493,0.00174407
dish_1565898193,downscale8,downscaled ×8,291.914,342.766,50.8524,268,333.911,65.9113,6.64914,2.3152,42.3304,0.141993,0.00223873
dish_1558376874,downscale8,downscaled ×8,335.298,245.828,89.4698,58,52.0349,5.96507,6.45111,2.10429,45.1921,0.0984759,0.00245775
dish_1558630176,downscale8,downscaled ×8,73.84,125.146,51.3061,142,178.346,36.3456,6.80395,1.93416,38.5829,0.128146,0.00313495
dish_1565034635,downscale8,downscaled ×8,124.089,227.741,103.652,110,271.569,161.569,5.35013,1.79998,28.4503,0.173928,0.00352297
dish_1561405356,downscale8,downscaled ×8,206.645,258.198,51.5526,176,168.75,7.25046,7.84314,2.03987,35.9409,0.201647,0.00351306
dish_1557937427,downscale8,downscaled ×8,26.435,87.3997,60.9647,17,83.473,66.473,6.40796,1.42909,22.4102,0.196885,0.00487792
dish_1563551220,downscale8,downscaled ×8,561.704,508.485,53.2186,558,507.036,50.9643,6.01017,2.11031,35.4973,0.127817,0.00246738
dish_1560368506,downscale8,downscaled ×8,462.934,426.001,36.933,378,339.37,38.6296,6.43396,2.08855,36.0404,0.170711,0.00424989
dish_1566589967,downscale8,downscaled ×8,381.662,445.064,63.4021,322,345.75,23.7502,7.46691,2.02146,36.6604,0.196149,0.00611413
dish_1560444948,downscale8,downscaled ×8,171.317,290.235,118.918,231,371.592,140.592,7.3433,2.18528,35.0975,0.153744,0.00418024
dish_1560975572,downscale8,downscaled ×8,96.99,332.994,236.004,159,363.634,204.634,6.33344,2.2392,37.4821,0.141609,0.00465382
dish_1558719994,downscale8,downscaled ×8,768.873,347.098,421.775,133,123.2,9.79973,7.29628,2.38704,51.1672,0.0861773,0.00280181
dish_1563208439,downscale8,downscaled ×8,92.61,103.248,10.638,96,123.982,27.9815,6.97917,1.74652,29.5205,0.202185,0.00514998
dish_1566920304,downscale8,downscaled ×8,296.4,437.496,141.096,570,483.791,86.2088,7.89602,1.99169,26.1581,0.0846366,0.00519469
dish_1561393741,downscale8,downscaled ×8,188.83,183.947,4.883,165,162.171,2.82907,7.51168,2.0415,35.9338,0.189064,0.00297296
dish_1557862738,downscale8,downscaled ×8,319.78,265.127,54.6533,118,124.475,6.47463,8.01456,1.59197,26.2815,0.14723,0.00695399
dish_1559233627,downscale8,downscaled ×8,64.92,11.9855,52.9345,12,-9.63498,21.635,6.88708,1.90253,39.7977,0.14102,0.00355073
dish_1565896745,downscale8,downscaled ×8,368.54,312.621,55.9198,244,299.258,55.2578,6.94016,2.28751,42.3104,0.125055,0.00289897
dish_1562099076,downscale8,downscaled ×8,110.181,119.678,9.49657,61,55.0475,5.95249,7.92502,1.31132,20.0818,0.319241,0.00531449
dish_1562700568,downscale8,downscaled ×8,246.864,427.486,180.621,318,393.32,75.3204,7.50358,2.28742,40.2933,0.153428,0.0034008
dish_1566838286,downscale8,downscaled ×8,72.5,95.2603,22.7603,145,133.748,11.2523,7.47667,1.29888,20.0409,0.34609,0.00704255
dish_1561147967,downscale8,downscaled ×8,177.98,300.47,122.49,85,238.197,153.197,6.4477,2.17029,34.2799,0.173639,0.00395915
dish_1563565415,downscale8,downscaled ×8,303.477,319.746,16.2686,284,351.582,67.5825,6.51907,2.18811,40.521,0.119297,0.00354332
dish_1558722247,downscale8,downscaled ×8,604.616,379.437,225.179,343,282.288,60.7125,8.16439,2.52651,47.7041,0.0788875,0.00334871
dish_1566920365,downscale8,downscaled ×8,490.422,639.773,149.352,871,586.681,284.319,8.14449,2.49277,43.1541,0.0652032,0.0046758
dish_1561574815,downscale8,downscaled ×8,74.853,111.178,36.3253,89,187.072,98.0719,6.02375,2.31387,49.1587,0.133852,0.00174982
dish_1565118782,downscale8,downscaled ×8,557.522,391.843,165.679,353,335.692,17.3081,7.68127,2.29536,40.4002,0.14678,0.00256213
dish_1562168648,downscale8,downscaled ×8,41.5948,122.016,80.4211,32,123.119,91.1186,5.98548,1.8854,37.5979,0.185122,0.00306704
dish_1563996485,downscale8,downscaled ×8,178.039,329.116,151.077,201,363.866,162.866,8.67877,2.25135,42.1427,0.14035,0.00371461
dish_1567785654,downscale8,downscaled ×8,51.78,66.5567,14.7767,96,105.256,9.25567,6.15986,1.67327,24.507,0.159541,0.00295732
dish_1558113941,downscale8,downscaled ×8,296.89,335.002,38.1119,78,193.576,115.576,7.45318,2.43234,52.5634,0.0858579,0.00328421
dish_1557937157,downscale8,downscaled ×8,355.25,437.937,82.687,271,315.671,44.6715,7.69643,2.31596,45.7409,0.0962327,0.00479359
dish_1558719570,downscale8,downscaled ×8,74.36,162.222,87.862,143,179.881,36.8814,7.2402,1.886,37.943,0.132432,0.00265462
dish_1560367904,downscale8,downscaled ×8,76.0231,150.915,74.8919,69,134.014,65.014,8.36131,1.754,33.4814,0.254069,0.000961586
dish_1558375732,downscale8,downscaled ×8,45.54,84.8307,39.2907,66,107.398,41.3978,5.2753,2.05866,45.2302,0.109317,0.0023872
dish_1565711453,downscale8,downscaled ×8,198.32,160.118,38.2018,134,137.453,3.45347,7.83093,1.36321,22.707,0.303255,0.00563904
dish_1557862345,downscale8,downscaled ×8,103.95,176.404,72.454,63,137.427,74.427,8.67657,1.56315,25.2869,0.172395,0.0086336
dish_1566851677,downscale8,downscaled ×8,354.774,476.96,122.186,296,398.592,102.592,7.3802,2.2096,35.3138,0.126273,0.00561157
dish_1560368395,downscale8,downscaled ×8,49.32,50.7648,1.44476,137,120.59,16.4096,7.69005,1.61411,25.6438,0.301955,0.00427536
dish_1562876531,downscale8,downscaled ×8,66.0669,164.153,98.0857,85,190.4,105.4,6.52903,1.62487,23.9395,0.182646,0.00471786
dish_1566920339,downscale8,downscaled ×8,449.532,595.566,146.034,730,609.206,120.794,7.76359,2.19941,30.8595,0.0692135,0.00469974
dish_1558717604,downscale8,downscaled ×8,73.84,98.5585,24.7185,142,149.653,7.65328,7.03221,1.87904,37.9,0.13443,0.0031866
dish_1561574456,downscale8,downscaled ×8,203.657,383.643,179.986,217,352.329,135.329,6.88704,2.75345,57.0407,0.0838051,0.00221443
dish_1563478751,downscale8,downscaled ×8,950.395,515.574,434.821,545,342.857,202.143,8.82058,2.25886,40.5531,0.136381,0.00399631
dish_1558376437,downscale8,downscaled ×8,13.26,11.5589,1.70111,39,73.0976,34.0976,6.88622,1.90434,37.9386,0.128418,0.002612
dish_1561654346,downscale8,downscaled ×8,79.1955,158.423,79.2272,84,157.823,73.8225,7.19859,2.21793,43.2366,0.154006,0.0029178
dish_1559842047,downscale8,downscaled ×8,153.69,147.514,6.1764,285,244.369,40.6311,6.57385,1.64236,24.5182,0.19839,0.00420906
dish_1562009894,downscale8,downscaled ×8,244.807,355.27,110.463,200,308.286,108.286,7.49017,2.19499,39.1973,0.145197,0.00283772
dish_1565118700,downscale8,downscaled ×8,16.66,21.4127,4.7527,49,55.1054,6.1054,6.178,1.59764,33.9394,0.290712,0.00453855
dish_1563221025,downscale8,downscaled ×8,245.446,209.196,36.2501,123,161.562,38.5619,6.63737,1.397,23.0152,0.293366,0.00741381
dish_1558461692,downscale8,downscaled ×8,231.24,221.514,9.72601,40,89.5445,49.5445,6.68097,2.06193,43.697,0.106146,0.00277069
dish_1558031133,downscale8,downscaled ×8,136.51,171.886,35.3758,110,113.384,3.38427,6.75227,2.01673,43.0268,0.11825,0.00346334
dish_1563565323,downscale8,downscaled ×8,229.53,241.66,12.1295,152,224.213,72.2125,6.96776,1.9422,35.2323,0.155919,0.00432181
dish_1562617939,downscale8,downscaled ×8,234.966,200.459,34.5071,133,177.465,44.4647,6.23044,1.73823,28.645,0.206073,0.00294879
dish_1558722207,downscale8,downscaled ×8,83.2,73.7888,9.41125,160,157.787,2.21288,6.5084,1.8682,36.5906,0.135122,0.00311619
dish_1558635546,downscale8,downscaled ×8,60.84,115.23,54.3901,117,176.623,59.6233,7.83908,1.91993,38.4289,0.125692,0.00320326
dish_1558639849,downscale8,downscaled ×8,23.37,46.0152,22.6452,57,62.9502,5.95017,6.77236,1.87629,39.1909,0.138261,0.00299197
dish_1565020895,downscale8,downscaled ×8,348.126,304.834,43.2922,416,306.122,109.878,6.3232,1.73688,26.4304,0.183247,0.00254136
dish_1562963246,downscale8,downscaled ×8,324.398,209.036,115.362,122,114.558,7.44195,5.68623,1.25811,18.2418,0.349338,0.00615083
dish_1563909550,downscale8,downscaled ×8,310.32,270.723,39.5967,273,322.505,49.505,9.15862,2.15121,35.8264,0.131394,0.00429992
dish_1563998323,downscale8,downscaled ×8,634.505,497.045,137.46,574,428.692,145.308,7.43461,2.18571,35.3359,0.121688,0.00446297
dish_1567007783,downscale8,downscaled ×8,50,128.991,78.9908,106,167.674,61.6738,6.60304,1.57699,22.3347,0.182171,0.00520229
dish_1559849020,downscale8,downscaled ×8,46.23,59.0417,12.8117,67,81.8745,14.8745,6.03976,1.50748,23.2227,0.205806,0.00445072
dish_1557936555,downscale8,downscaled ×8,149.28,147.087,2.19308,96,153.22,57.2204,6.53937,1.57758,23.8348,0.164116,0.00540781
dish_1562009006,downscale8,downscaled ×8,470.717,534.792,64.0758,323,409.4,86.4001,6.47446,2.34754,43.2561,0.117437,0.00336352
dish_1559239151,downscale8,downscaled ×8,9.2,207.736,198.536,40,197.252,157.252,5.99097,2.22041,46.869,0.0994358,0.00341175
dish_1560526490,downscale8,downscaled ×8,141.673,220.793,79.1198,170,256.389,86.3886,7.44776,2.34079,41.8153,0.144032,0.00355427
dish_1565811139,downscale8,downscaled ×8,902.2,342.059,560.141,416,339.566,76.4337,6.97437,2.95199,56.8538,0.0902474,0.00287778
dish_1558635400,downscale8,downscaled ×8,25,150.507,125.507,100,119.14,19.1396,7.49187,2.03349,39.0487,0.108749,0.0031522
dish_1558461792,downscale8,downscaled ×8,331,324.383,6.61709,233,304.235,71.2352,7.18686,2.6673,53.2825,0.0771644,0.00259135
dish_1565811025,downscale8,downscaled ×8,361.05,459.919,98.8693,277,379.27,102.27,6.72602,2.96354,64.2069,0.0570228,0.00234841
dish_1560800951,downscale8,downscaled ×8,102.826,354.432,251.606,168,354.503,186.503,7.03691,2.3785,43.2192,0.108014,0.00190378
dish_1559846688,downscale8,downscaled ×8,82.8325,222.42,139.588,73,185.093,112.093,7.22839,1.73408,28.9786,0.186855,0.00443739
dish_1558630207,downscale8,downscaled ×8,670.596,309.37,361.226,116,159.016,43.0161,6.86224,2.28708,47.9619,0.0982944,0.00283488
dish_1559157454,downscale8,downscaled ×8,34.5646,107.184,72.6193,28,120.796,92.7965,5.96516,2.13668,44.3199,0.119583,0.00367
dish_1562876494,downscale8,downscaled ×8,40.1069,116.665,76.5581,26,57.8616,31.8616,6.6099,1.38454,19.6569,0.257888,0.00611274
dish_1561574479,downscale8,downscaled ×8,363.614,463.581,99.9668,293,441.575,148.575,6.95676,2.8135,58.0385,0.0744369,0.00297581
dish_1561654326,downscale8,downscaled ×8,59.7926,126.621,66.8286,46,133.693,87.6927,6.86241,2.00563,36.1627,0.194646,0.00336119
dish_1563996441,downscale8,downscaled ×8,80.2392,301.524,221.284,65,297.882,232.882,8.96538,1.99132,37.1976,0.195549,0.00373543
dish_1560801883,downscale8,downscaled ×8,512.111,519.682,7.57026,315,409.567,94.5666,7.44504,2.41735,46.6556,0.11788,0.00142065
dish_1560801859,downscale8,downscaled ×8,428.704,483.209,54.505,262,303.026,41.0261,7.04716,2.34216,46.0336,0.119019,0.00121149
dish_1562691064,downscale8,downscaled ×8,555.304,520.911,34.3927,501,464.471,36.5288,7.91428,1.97067,28.3836,0.140092,0.006589
dish_1558030383,downscale8,downscaled ×8,140.66,179.636,38.9764,26,68.754,42.754,6.32032,1.92657,40.5502,0.129997,0.00345966
dish_1563389626,downscale8,downscaled ×8,498.62,392.876,105.744,360,284.034,75.9663,9.45324,2.0599,30.0554,0.198402,0.00235795
dish_1565898331,downscale8,downscaled ×8,155.993,203.089,47.0958,100,133.036,33.0358,6.89674,1.54216,31.8122,0.286476,0.00411123
dish_1567007751,downscale8,downscaled ×8,39.93,137.854,97.9238,87,178.386,91.3855,7.4995,1.55997,22.2074,0.199898,0.00553947
dish_1558720097,downscale8,downscaled ×8,30.34,167.759,137.419,74,114.188,40.1883,6.82137,2.11811,44.5485,0.119174,0.00303819
dish_1558110297,downscale8,downscaled ×8,29.07,130.504,101.434,51,129.893,78.8932,6.78071,1.97814,44.3243,0.112545,0.00377565
dish_1561574783,downscale8,downscaled ×8,29.6268,-12.7779,42.4047,24,59.7965,35.7965,8.19795,1.90827,39.3796,0.177471,0.00191591
dish_1563220987,downscale8,downscaled ×8,224.988,230.306,5.31858,110,163.9,53.9001,7.05953,1.27407,21.2253,0.319607,0.00765207
dish_1568305198,downscale8,downscaled ×8,311.354,357.732,46.3784,82,140.33,58.3304,8.85975,1.69074,33.393,0.222811,0.00275374
dish_1561405389,downscale8,downscaled ×8,265.983,387.34,121.357,223,320.628,97.6278,7.41604,2.29817,40.3797,0.153649,0.00289182
dish_1565638599,downscale8,downscaled ×8,368.698,428.56,59.8618,279,406.795,127.795,8.64938,2.53145,44.1729,0.111711,0.00387316
dish_1565986702,downscale8,downscaled ×8,211.344,295.665,84.3207,204,245.266,41.2662,6.37413,1.80538,36.0926,0.203108,0.0096918
dish_1559578599,downscale8,downscaled ×8,229.98,360.574,130.594,193,254.373,61.373,7.95382,2.19712,45.5316,0.0962713,0.00127118
dish_1559233715,downscale8,downscaled ×8,83.6,114.812,31.212,110,122.305,12.3045,7.59492,1.97756,39.9801,0.114986,0.00361519
dish_1559849466,downscale8,downscaled ×8,467.613,329.204,138.409,262,145.766,116.234,6.64618,1.67424,26.4425,0.208245,0.00427371
dish_1558630325,downscale8,downscaled ×8,751.542,335.25,416.292,269,246.904,22.0964,8.07756,2.71753,50.7365,0.0763919,0.00410847
dish_1565035802,downscale8,downscaled ×8,69.2,279.73,210.53,250,362.946,112.946,6.65855,1.80499,30.2903,0.189392,0.0033724
dish_1558641253,downscale8,downscaled ×8,116.71,87.437,29.273,110,74.8122,35.1878,7.69575,1.89413,37.5471,0.137473,0.00292898
dish_1560444967,downscale8,downscaled ×8,197.378,328.337,130.96,252,390.908,138.908,7.25262,2.22807,36.3508,0.150128,0.0041793
dish_1559233570,downscale8,downscaled ×8,16.83,71.5946,54.7646,51,88.4442,37.4442,6.22334,1.93069,42.2984,0.139932,0.00322036
dish_1565034661,downscale8,downscaled ×8,219.813,286.537,66.7234,146,307.556,161.556,7.67171,1.80284,28.3246,0.165262,0.00367619
dish_1561663541,downscale8,downscaled ×8,124.32,130.078,5.75832,112,125.044,13.044,7.58637,1.68328,30.6821,0.23717,0.00676154
dish_1557937715,downscale8,downscaled ×8,20.67,121.641,100.971,39,190.17,151.17,5.73372,1.54405,25.9101,0.193417,0.0049575
dish_1566838407,downscale8,downscaled ×8,358.948,409.96,51.0121,558,463.108,94.8919,6.76833,1.95282,30.4229,0.165107,0.00429738
dish_1562691000,downscale8,downscaled ×8,326.622,426.612,99.9903,349,406.057,57.0571,7.04802,1.97941,31.0115,0.15216,0.00766468
dish_1564427406,downscale8,downscaled ×8,305.37,221.311,84.0591,135,182.288,47.2876,7.68235,2.71308,56.631,0.08561,0.00247258
dish_1561662814,downscale8,downscaled ×8,23.2435,54.6804,31.4369,20,86.4044,66.4044,6.97122,1.72161,36.9374,0.245731,0.00136109
dish_1565638478,downscale8,downscaled ×8,47.6158,96.4205,48.8048,91,138.035,47.0347,8.88739,2.02641,38.8873,0.218596,0.00485573
dish_1562690917,downscale8,downscaled ×8,69.0617,174.75,105.688,122,196.416,74.4157,6.11395,1.53241,27.983,0.284261,0.00724324
dish_1558549806,downscale8,downscaled ×8,781.958,461.367,320.591,203,276.978,73.9784,10.3639,2.84746,51.8489,0.0778068,0.00209593
dish_1561578839,downscale8,downscaled ×8,362.155,317.389,44.7658,214,367.82,153.82,6.99993,2.74167,56.9961,0.0896547,0.000949462
dish_1558376984,downscale8,downscaled ×8,671.678,419.831,251.847,350,360.414,10.4143,7.62798,2.78477,57.695,0.0691856,0.00233004
dish_1563996509,downscale8,downscaled ×8,365.185,386.971,21.7865,316,391.128,75.1282,7.50836,2.39545,45.3846,0.117095,0.00373148
dish_1558110436,downscale8,downscaled ×8,85.629,151.931,66.3024,69,60.9216,8.07838,5.98619,1.99286,41.262,0.112511,0.00393305
dish_1564686966,downscale8,downscaled ×8,153.205,228.316,75.111,65,93.0132,28.0132,7.81369,1.55205,29.8605,0.340417,0.00769251
dish_1562099053,downscale8,downscaled ×8,98.383,153.295,54.9121,37,105.411,68.4114,9.23575,1.27978,19.2559,0.355329,0.00672148
dish_1563208459,downscale8,downscaled ×8,186.486,220.103,33.6175,161,230.28,69.2795,5.86825,1.95444,33.3227,0.157963,0.00461203
dish_1566850031,downscale8,downscaled ×8,616.772,549.051,67.7214,662,491.001,170.999,7.37134,2.58689,42.7099,0.0950567,0.00570129
dish_1565711527,downscale8,downscaled ×8,484.807,438.61,46.1975,302,319.032,17.0316,7.74094,1.90678,29.834,0.155834,0.00416236
dish_1562703382,downscale8,downscaled ×8,203.87,226.718,22.8481,145,238.653,93.6531,5.9739,1.6163,24.6498,0.205385,0.00366373
dish_1566502437,downscale8,downscaled ×8,74.564,187.782,113.218,64,158.886,94.8856,5.9076,1.87787,34.7347,0.164259,0.00277077
dish_1561662842,downscale8,downscaled ×8,263.125,220.611,42.5148,172,191.408,19.4076,6.75656,2.12066,44.0578,0.170426,0.00143259
dish_1562691032,downscale8,downscaled ×8,419.682,453.887,34.2049,415,434.702,19.7023,6.82056,2.09908,34.5139,0.142329,0.00740457
dish_1565974409,downscale8,downscaled ×8,688.65,452.788,235.862,228,234.169,6.16877,7.29643,1.83034,28.7468,0.182135,0.00664208
dish_1558372948,downscale8,downscaled ×8,687.939,276.427,411.512,119,147.454,28.4538,7.50591,2.12826,46.9388,0.104644,0.00272031
dish_1560367980,downscale8,downscaled ×8,421.465,285.829,135.636,254,254.483,0.482591,6.75435,2.96884,61.7351,0.089342,0.0021199
dish_1560444914,downscale8,downscaled ×8,62.34,130.608,68.2682,166,243.058,77.0581,6.66397,1.83887,29.1266,0.211891,0.00425944
dish_1557937335,downscale8,downscaled ×8,47.158,77.6299,30.4719,38,87.5824,49.5824,6.22552,1.66497,29.7922,0.170458,0.00549124
dish_1563221157,downscale8,downscaled ×8,418.152,448.538,30.3855,352,410.516,58.5158,6.27395,2.39989,44.7272,0.121778,0.00501534
dish_1560526447,downscale8,downscaled ×8,88.5928,138.817,50.2244,70,191.705,121.705,7.07692,2.26668,41.1598,0.150824,0.00338809
dish_1562774159,downscale8,downscaled ×8,90.7635,219.551,128.788,129,283.654,154.654,7.0577,1.73291,31.9525,0.202381,0.00353248
dish_1563998210,downscale8,downscaled ×8,148.089,179.287,31.1977,91,140.322,49.3219,7.9001,1.10856,15.003,0.392342,0.00693293
dish_1565711498,downscale8,downscaled ×8,246.827,323.664,76.8364,229,248.62,19.6196,8.05122,1.55936,25.6564,0.239733,0.00471085
dish_1561663606,downscale8,downscaled ×8,474.503,271.131,203.372,347,241.295,105.705,7.13724,2.13536,34.6204,0.14309,0.00537777
dish_1558114086,downscale8,downscaled ×8,74.36,148.833,74.4733,143,160.87,17.8697,6.77769,1.95279,40.1435,0.109776,0.00371857
dish_1558630288,downscale8,downscaled ×8,7.106,96.5468,89.4408,11,72.9974,61.9974,5.94645,2.2091,47.3849,0.112641,0.00280368
dish_1563984167,downscale8,downscaled ×8,291.68,429.657,137.977,608,533.017,74.9828,7.73318,1.90161,28.5079,0.130828,0.0045532
dish_1566416701,downscale8,downscaled ×8,198.537,403.009,204.472,122,283.157,161.157,7.22972,1.83511,31.3138,0.175643,0.00790891
dish_1560801797,downscale8,downscaled ×8,25.6557,126.797,101.142,96,109.705,13.7049,7.31122,1.68849,32.2207,0.237808,0.00114315
dish_1562172643,downscale8,downscaled ×8,734.27,497.292,236.978,457,444.235,12.7647,9.32901,2.09611,36.8252,0.141313,0.00291054
dish_1565117463,downscale8,downscaled ×8,435.313,442.388,7.07509,248,301.263,53.2634,6.92278,2.46568,43.0125,0.111651,0.00557214
dish_1561741063,downscale8,downscaled ×8,132.3,159.639,27.3387,135,196.346,61.3464,8.33875,1.82539,30.6393,0.153381,0.00289131
dish_1568401233,downscale8,downscaled ×8,490.393,460.367,30.0264,418,393.71,24.2899,6.77037,2.00648,27.8163,0.162928,0.00520758
dish_1565898432,downscale8,downscaled ×8,450.225,401.45,48.7751,282,349.171,67.1709,7.81689,2.78011,53.5711,0.0750277,0.00243246
dish_1565035746,noise0p16,heavy noise,43.1,128.555,85.4546,149,199.134,50.1343,9.41292,13893.7,2896.94,0.000514627,0.271892
dish_1558639818,noise0p16,heavy noise,20.06,95.4788,75.4188,59,111.148,52.1476,8.5668,13782.6,2979.98,-0.00223869,0.2254
dish_1558549605,noise0p16,heavy noise,97.5,237.763,140.263,75,191.566,116.566,6.69848,13780.6,2965.02,-0.000790656,0.227175
dish_1561663580,noise0p16,heavy noise,432.063,348.285,83.7788,307,245.362,61.638,7.81332,13556.5,2954.77,0.00851989,0.231989
dish_1565898402,noise0p16,heavy noise,384.799,381.812,2.98705,229,279.212,50.212,7.90955,13268.5,2861.76,-0.00232691,0.187994
dish_1566328724,noise0p16,heavy noise,275.55,292.235,16.685,167,200.978,33.9782,8.21417,13963.9,2977.35,-0.00313991,0.256795
dish_1566838351,noise0p16,heavy noise,190.01,260.293,70.2834,417,349.432,67.5681,7.66997,12986.5,2729.37,0.00789368,0.195116
dish_1567107839,noise0p16,heavy noise,174.284,229.471,55.1864,156,188.159,32.1593,7.2784,13896.5,2988.36,-0.00078392,0.247708
dish_1558639787,noise0p16,heavy noise,24.75,178.121,153.371,99,224.681,125.681,8.12374,13863.9,3014.01,0.000490665,0.234138
dish_1562788601,noise0p16,heavy noise,413.17,481.461,68.2909,287,390.446,103.446,7.02759,13681.9,2864.01,-0.00288677,0.238418
dish_1560456326,noise0p16,heavy noise,206.873,261.83,54.9575,138,232.652,94.6516,8.73518,13310.9,2876.52,-0.00082767,0.163569
dish_1564427430,noise0p16,heavy noise,345.62,361.011,15.3914,170,246.741,76.7411,8.55555,12451.5,2837.23,0.0091387,0.13207
dish_1565896662,noise0p16,heavy noise,19.38,189.23,169.85,57,159.357,102.357,7.10155,12964,2809.52,-0.00926298,0.1709
dish_1566414342,noise0p16,heavy noise,846.367,502.76,343.607,552,400.043,151.957,7.62949,13669.7,2930.81,-0.011457,0.210217
dish_1562617703,noise0p16,heavy noise,179.63,200.153,20.5228,110,181.489,71.4886,7.4802,13903.4,2950.13,-0.00341398,0.23373
dish_1565020926,noise0p16,heavy noise,398.496,372.171,26.3255,489,353.601,135.399,8.48293,12845.1,2705.42,-0.00395006,0.171255
dish_1564689168,noise0p16,heavy noise,352.947,430.595,77.6476,339,428.669,89.6691,7.04735,12769.4,2827.75,-0.000740647,0.139903
dish_1560456348,noise0p16,heavy noise,210.283,236.474,26.191,149,223.319,74.3194,8.75689,13357.3,2933.61,-0.00192583,0.168145
dish_1558641287,noise0p16,heavy noise,11.52,65.7919,54.2719,64,148.624,84.6239,7.29363,13584.5,2948.98,0.00174212,0.207982
dish_1558373008,noise0p16,heavy noise,251.558,250.42,1.13833,73,99.696,26.696,7.0772,13663.7,2990.17,-0.0110192,0.209213
dish_1561577947,noise0p16,heavy noise,623.204,508.182,115.022,424,418.809,5.19133,7.09744,12245.3,2951.63,-0.00248301,0.118402
dish_1558639440,noise0p16,heavy noise,60.32,152.184,91.8639,116,214.32,98.32,8.31797,13740.1,2955.29,-0.00132537,0.215195
dish_1565894889,noise0p16,heavy noise,257.813,259.783,1.9702,74,105.103,31.103,7.64591,13664.4,2840.49,-0.0070858,0.249258
dish_1561147944,noise0p16,heavy noise,42.371,166.794,124.423,34,178.777,144.777,8.34546,13342.5,2861.65,-0.00905257,0.166765
dish_1557937079,noise0p16,heavy noise,146.07,236.839,90.769,27,66.3113,39.3113,7.47557,13909.2,2910.05,0.00258875,0.265208
dish_1558641320,noise0p16,heavy noise,211.59,266.547,54.9568,336,332.858,3.14234,8.10312,13641.6,3010.48,0.00324976,0.224616
dish_1567007848,noise0p16,heavy noise,100.3,279.648,179.348,243,336.492,93.4919,7.56607,13320.3,2808.5,-0.00747532,0.210939
dish_1565810969,noise0p16,heavy noise,4.6,186.615,182.015,20,237.039,217.039,7.51947,11554.2,2602.71,0.00311685,0.0960703
dish_1562168800,noise0p16,heavy noise,237.525,233.607,3.91757,242,316.927,74.9266,7.09109,13569.8,2941.92,0.00154412,0.198326
dish_1564687046,noise0p16,heavy noise,374.794,420.693,45.8987,308,333.372,25.3715,9.31302,13027.5,2863.28,-0.00279129,0.148295
dish_1563221054,noise0p16,heavy noise,298.878,404.101,105.223,170,263.808,93.8075,6.89014,12088,2700.7,0.00900841,0.122842
dish_1565898361,noise0p16,heavy noise,370.671,394.373,23.7014,202,262.966,60.9662,8.20939,13381.2,2862.81,-0.000777245,0.203444
dish_1560367926,noise0p16,heavy noise,408.523,447.507,38.9836,194,214.272,20.2723,8.27754,13162.2,2883,-0.00210673,0.157162
dish_1560444869,noise0p16,heavy noise,14.04,165.697,151.657,39,164.598,125.598,10.3216,13694.6,2891.63,-0.00130439,0.205637
dish_1559850283,noise0p16,heavy noise,271.707,274.381,2.6739,47,80.819,33.819,7.49156,13427.1,2807.94,-0.00346488,0.222469
dish_1566502505,noise0p16,heavy noise,454.517,438.27,16.2472,275,363.423,88.4227,6.75646,13100.5,2841.15,-0.00619787,0.177867
dish_1565811091,noise0p16,heavy noise,504.4,419.875,84.5249,371,408.517,37.5166,8.30733,12207.7,2946.31,0.00522995,0.123218
dish_1561739265,noise0p16,heavy noise,292.04,332.883,40.8434,308,368.167,60.1667,7.24633,13572.1,2957.77,-0.00104207,0.213082
dish_1558373159,noise0p16,heavy noise,1013.34,491.662,521.675,334,336.049,2.04915,7.54917,13230.1,2983.5,-0.0122205,0.1691
dish_1565035830,noise0p16,heavy noise,340.128,533.038,192.91,414,489.715,75.715,7.92404,12460.6,2849.61,0.00645208,0.14441
dish_1562788568,noise0p16,heavy noise,289.203,333.068,43.8643,230,288.753,58.7526,7.24839,13635.7,2855.23,-0.00329626,0.230247
dish_1558376483,noise0p16,heavy noise,735.03,546.819,188.211,270,312.816,42.8161,8.75333,13248.1,3030.31,-0.0102706,0.175802
dish_1561739160,noise0p16,heavy noise,34.77,150.351,115.581,61,209.616,148.616,8.61003,14034.9,2990.88,-0.00159729,0.278053
dish_1558549773,noise0p16,heavy noise,2.3,73.3092,71.0092,10,85.86,75.86,6.78663,13631.5,2956.91,-0.000619948,0.205885
dish_1561574394,noise0p16,heavy noise,61.5024,170.649,109.147,82,214.04,132.04,8.46204,12885.7,2908.91,0.0022707,0.134629
dish_1558461760,noise0p16,heavy noise,10.98,65.9613,54.9813,61,92.9764,31.9764,7.99312,13771.6,2994.16,-0.00517213,0.228129
dish_1563909469,noise0p16,heavy noise,72.4028,138.204,65.8011,64,185.32,121.32,7.29298,12589.8,2756.65,0.00518906,0.14865
dish_1558376938,noise0p16,heavy noise,51.06,171.27,120.21,74,136.957,62.9568,7.07501,13619,2993.46,-0.0105848,0.205497
dish_1565986733,noise0p16,heavy noise,387.929,402.7,14.7703,287,295.261,8.26085,7.30268,13383.9,2907.5,0.0164938,0.18559
dish_1558639555,noise0p16,heavy noise,156.049,332.391,176.342,320,321.379,1.37929,8.40673,12391.8,2823.97,-0.00173962,0.183701
dish_1558546558,noise0p16,heavy noise,254.364,301.936,47.5719,44,78.1482,34.1482,7.46159,13730.9,3011.26,-0.00516361,0.214458
dish_1563984242,noise0p16,heavy noise,402.117,499.595,97.4782,753,563.501,189.499,7.22124,13518.7,2870.11,-0.00201494,0.213172
dish_1559849097,noise0p16,heavy noise,495.928,316.754,179.174,325,300.441,24.5588,6.74348,12949.3,2727.17,6.49691e-05,0.19094
dish_1563566965,noise0p16,heavy noise,370.827,402.626,31.7991,286,383.946,97.9464,7.54956,11926.8,2691.84,-0.0018152,0.107601
dish_1566849895,noise0p16,heavy noise,112.31,249.141,136.831,153,173.932,20.9318,9.78761,12393.3,2710.99,-0.00494212,0.157439
dish_1559157919,noise0p16,heavy noise,37.0946,92.795,55.7005,39,118.271,79.2706,7.72729,13436.2,3034.91,0.018719,0.184074
dish_1558113477,noise0p16,heavy noise,289.05,303.604,14.5535,50,104.568,54.5677,7.59537,13653.4,2981.06,-0.0126546,0.207962
dish_1559238993,noise0p16,heavy noise,61.56,166.693,105.133,108,183.905,75.9046,7.27545,13475.2,2945.39,0.00661981,0.202423
dish_1562788506,noise0p16,heavy noise,114.588,199.874,85.2863,108,208.811,100.811,9.15846,14308.7,2939.61,-0.00267047,0.371211
dish_1562774129,noise0p16,heavy noise,73.0835,162.496,89.4123,77,180.311,103.311,7.23971,13173.2,2813.01,-0.00849265,0.168921
dish_1559578551,noise0p16,heavy noise,124.43,194.544,70.1143,23,43.5761,20.5761,8.71323,13772.8,2956.22,0.00761712,0.235057
dish_1562788536,noise0p16,heavy noise,245.132,286.627,41.4953,190,265.643,75.6435,7.07074,13751.3,2869.5,-0.0021041,0.253198
dish_1559233756,noise0p16,heavy noise,189.85,309.45,119.6,222,279.892,57.8924,7.55323,13700.9,3047.25,0.00230789,0.219196
dish_1564428181,noise0p16,heavy noise,510.051,499.819,10.2317,320,341.614,21.614,8.09611,11976.2,2808.1,0.0113248,0.110102
dish_1565118729,noise0p16,heavy noise,435.493,385.219,50.2743,248,259.383,11.3832,7.17059,13081.7,2813.27,-0.00505972,0.154749
dish_1568305225,noise0p16,heavy noise,428.668,390.901,37.7666,144,285.542,141.542,8.46427,12552,2715.58,-0.00426757,0.158599
dish_1566414291,noise0p16,heavy noise,345.142,412.34,67.1981,244,342.273,98.2728,6.91216,13735.1,2931.78,-0.00929731,0.206574
dish_1561661347,noise0p16,heavy noise,50.67,238.655,187.985,132,232.391,100.391,7.92099,13661.3,3032.62,0.0134341,0.193366
dish_1566501575,noise0p16,heavy noise,251.694,425.534,173.84,54,324.511,270.511,8.35479,11961,2642.87,-0.00712866,0.147244
dish_1563218408,noise0p16,heavy noise,245.34,232.984,12.356,87,201.786,114.786,8.07822,11457,2545.79,-0.00724596,0.091664
dish_1561661377,noise0p16,heavy noise,306.334,458.931,152.597,294,384.906,90.9057,7.25378,13668.5,3013.61,0.0123904,0.198658
dish_1558639876,noise0p16,heavy noise,68.18,333.816,265.636,215,299.595,84.5949,8.98472,12479.5,2917.92,-5.26905e-05,0.18492
dish_1566849862,noise0p16,heavy noise,77.05,125.377,48.3271,67,91.7043,24.7043,9.59091,12454.1,2703.93,-0.00490814,0.140764
dish_1566502573,noise0p16,heavy noise,821.51,602.809,218.701,487,496.744,9.74413,7.1405,12809.3,2811.57,-0.00613517,0.166578
dish_1562009810,noise0p16,heavy noise,119.88,201.52,81.6402,108,186.514,78.514,8.69198,13192.4,2870.61,0.00793052,0.214738
dish_1564675411,noise0p16,heavy noise,235.531,444.937,209.406,308,334.855,26.8549,7.64069,13636.6,2938.18,-0.00403756,0.203812
dish_1560203424,noise0p16,heavy noise,451.754,330.362,121.392,138,128.767,9.23252,7.78077,13614.5,2921.12,-0.00220132,0.201369
dish_1562790824,noise0p16,heavy noise,437.072,388.478,48.5934,368,281.454,86.5457,7.10902,12585.6,2700.45,-0.00777,0.154684
dish_1558030289,noise0p16,heavy noise,38.52,14.1916,24.3284,107,128.173,21.1732,7.30553,13798.2,2970.32,-0.0106052,0.223683
dish_1560444985,noise0p16,heavy noise,198.938,340.866,141.928,264,308.186,44.1858,7.93771,13414.1,2908.12,-0.000251353,0.188927
dish_1563984140,noise0p16,heavy noise,245.44,253.539,8.0989,472,268.32,203.68,7.82089,14084.8,2939.96,-0.00375038,0.289536
dish_1561662160,noise0p16,heavy noise,41.8383,145.409,103.571,36,122.595,86.5953,8.13064,13544,2931.01,-0.00416869,0.195755
dish_1558641164,noise0p16,heavy noise,80.08,141.227,61.147,154,217.078,63.0778,7.59104,13786.6,2976.75,0.00197005,0.223443
dish_1558110335,noise0p16,heavy noise,37.87,171.996,134.126,7,68.5324,61.5324,6.66517,13668,2950.03,-0.0114931,0.220236
dish_1565811061,noise0p16,heavy noise,380.32,373.168,7.15229,324,406.803,82.8026,8.97716,11807.8,2772.7,0.00391269,0.110198
dish_1559844490,noise0p16,heavy noise,108.36,175.756,67.3955,180,265.098,85.0981,7.08226,13115.2,2755.48,0.00240386,0.21436
dish_1562786103,noise0p16,heavy noise,93.081,188.775,95.6939,57,164.939,107.939,7.79407,13521.4,2828.93,-0.00856167,0.21102
dish_1563897087,noise0p16,heavy noise,102.44,219.769,117.329,231,225.031,5.96852,7.81719,13455.2,2831.2,-0.00960511,0.206977
dish_1566590007,noise0p16,heavy noise,740.762,430.458,310.304,457,376.1,80.9001,7.93596,13145.6,2875.95,0.0133198,0.16016
dish_1560975517,noise0p16,heavy noise,42.39,275.631,233.241,99,257.163,158.163,7.4721,14039,3024.44,0.00162876,0.239633
dish_1557936645,noise0p16,heavy noise,11.88,107.275,95.3948,36,114.802,78.8023,7.30715,13892.8,2898.05,0.00434005,0.265458
dish_1565020796,noise0p16,heavy noise,90.6,259.468,168.868,99,209.903,110.903,7.125,14210.5,2964.02,0.000248194,0.306018
dish_1559578579,noise0p16,heavy noise,142.58,226.84,84.26,78,117.864,39.8636,8.82398,13662.5,3003.64,0.00445604,0.217189
dish_1557862783,noise0p16,heavy noise,442.98,426.328,16.6523,258,286.268,28.2683,8.84156,13890.5,2996.94,0.00281739,0.252388
dish_1560975601,noise0p16,heavy noise,233.936,525.582,291.646,253,428.028,175.028,7.16891,13510,3000.6,-0.000548542,0.186984
dish_1560367952,noise0p16,heavy noise,414.733,300.708,114.025,221,242.874,21.8742,8.04722,12808.4,2886.82,0.0043875,0.131003
dish_1563565454,noise0p16,heavy noise,350.789,251.881,98.9075,322,304.306,17.6941,7.71726,13001.2,2848.39,-0.00572264,0.147053
dish_1562703408,noise0p16,heavy noise,311.209,305.545,5.66417,196,248.692,52.6916,7.4868,13056.2,2739.72,-0.00736868,0.178397
dish_1564689138,noise0p16,heavy noise,268.267,320.374,52.1074,223,329.271,106.271,7.13139,12900.9,2824.82,0.00285041,0.143023
dish_1563221086,noise0p16,heavy noise,328.278,483.074,154.797,254,368.914,114.914,6.96593,12289.4,2744.05,0.0174537,0.118075
dish_1567007814,noise0p16,heavy noise,73,214.786,141.786,152,295.079,143.079,6.54326,13664.5,2868.86,-0.00504225,0.240404
dish_1565896701,noise0p16,heavy noise,294.473,302.923,8.4496,184,238.259,54.2591,7.36895,13365.3,2800.61,-0.00562018,0.227232
dish_1557937615,noise0p16,heavy noise,6.93,64.4476,57.5176,21,121.984,100.984,8.01744,13953.7,2903.55,0.00155342,0.275957
dish_1564427455,noise0p16,heavy noise,354.26,307.557,46.7032,218,263.321,45.321,7.85853,12194.8,2768.72,0.00538623,0.12945
dish_1564588859,noise0p16,heavy noise,183.586,247.957,64.3709,257,207.396,49.6037,8.73148,14312.3,2974.9,-0.00491047,0.318532
dish_1561577848,noise0p16,heavy noise,413.348,365.1,48.2481,254,239.727,14.2725,7.46322,12956.4,2863.78,-0.00136173,0.144752
dish_1563389600,noise0p16,heavy noise,451.428,315.511,135.917,264,314.61,50.6097,9.01677,12140.7,2657.92,-0.00558507,0.124506
dish_1566316726,noise0p16,heavy noise,409.523,473.47,63.9474,685,474.3,210.7,6.94724,13800.9,2904.86,-0.00722933,0.238506
dish_1562776465,noise0p16,heavy noise,173.432,309.715,136.282,212,257.65,45.6496,7.31035,13452.1,2882.52,0.00145471,0.182682
dish_1568401261,noise0p16,heavy noise,530.393,452.218,78.1753,443,368.585,74.4151,8.01661,13692.9,2934.37,0.00277758,0.229068
dish_1559841950,noise0p16,heavy noise,11.2,107.279,96.0791,32,120.271,88.2713,7.50916,13513.1,2809.74,-0.00338423,0.228827
dish_1558375667,noise0p16,heavy noise,687.939,422.14,265.799,119,147.695,28.6949,7.69859,13623.6,3013.29,-0.0123765,0.197125
dish_1558639482,noise0p16,heavy noise,30.769,160.352,129.583,29,174.526,145.526,7.79881,13774.2,2944.09,-0.00170189,0.227082
dish_1566328805,noise0p16,heavy noise,927.81,692.411,235.399,488,470.783,17.2166,7.82414,13344.5,2910.58,-0.0011099,0.207093
dish_1558114145,noise0p16,heavy noise,57.27,237.929,180.659,83,207.583,124.583,6.63444,13595.3,2982.41,-0.0118641,0.209255
dish_1562700593,noise0p16,heavy noise,385.774,547.594,161.82,384,373.359,10.6413,7.33058,12907.3,2871.4,0.00583684,0.142536
dish_1557937574,noise0p16,heavy noise,5.59,132.149,126.559,13,146.786,133.786,7.48745,13898.1,2888.48,0.00279343,0.270431
dish_1561661324,noise0p16,heavy noise,33,199.53,166.53,75,190.071,115.071,7.09912,13938.2,3040.77,0.0157954,0.250297
dish_1564588820,noise0p16,heavy noise,81.12,184.829,103.709,156,184.083,28.083,8.0364,14447.1,2974.38,-0.00296855,0.391889
dish_1566414225,noise0p16,heavy noise,125.182,260.923,135.741,88,217.243,129.243,7.07126,13993.9,2960.49,-0.00847757,0.254568
dish_1568305257,noise0p16,heavy noise,837.148,539.172,297.976,420,393.967,26.0331,6.87634,12807.1,2784.63,-0.00410885,0.170605
dish_1564773826,noise0p16,heavy noise,10.08,61.1834,51.1034,56,81.4037,25.4037,8.4901,13927.8,2958.01,-0.00107557,0.252018
dish_1562700496,noise0p16,heavy noise,31,147.124,116.124,124,185.596,61.5961,9.2785,13216.1,2830.55,0.00723732,0.218685
dish_1566850099,noise0p16,heavy noise,113.058,216.551,103.493,112,205.551,93.5515,7.925,13365.9,2856.27,-0.00152493,0.165864
dish_1560975628,noise0p16,heavy noise,348.273,551.352,203.079,296,439.542,143.542,7.29972,13600.9,3026.61,-0.00392616,0.194737
dish_1558461431,noise0p16,heavy noise,1.15,98.3726,97.2226,5,93.8682,88.8682,7.45655,13801.5,3034.97,-0.00340009,0.215669
dish_1558635618,noise0p16,heavy noise,220.254,358.598,138.344,334,373.915,39.915,9.29251,12450.4,2976.84,-0.0101269,0.176348
dish_1561148021,noise0p16,heavy noise,361.765,529.793,168.027,216,351.634,135.634,6.55745,13213.1,2955.44,-0.00627142,0.160198
dish_1566328745,noise0p16,heavy noise,282.03,342.531,60.5008,203,314.386,111.386,7.70831,13672.3,2967.12,-0.00215846,0.215469
dish_1558373074,noise0p16,heavy noise,73.84,122.02,48.18,142,169.512,27.5116,7.89336,13844.1,2993.8,-0.0118711,0.235617
dish_1561662869,noise0p16,heavy noise,284.346,359.816,75.47,192,247.335,55.3355,7.7249,13521.1,2988.98,0.00646758,0.191913
dish_1558544663,noise0p16,heavy noise,141.44,304.556,163.116,208,224.65,16.6496,8.192,13909.2,3024.61,-0.00719869,0.242297
dish_1564588919,noise0p16,heavy noise,335.944,352.19,16.2455,452,376.558,75.4418,7.61971,13515.6,2831.77,-0.00411201,0.213842
dish_1563909580,noise0p16,heavy noise,544.312,395.055,149.257,361,388.273,27.2728,7.9455,12582.5,2785.94,0.0015521,0.131529
dish_1565894858,noise0p16,heavy noise,132.84,223.567,90.7271,27,163.459,136.459,8.77696,13847.7,2872.4,-0.00720114,0.258828
dish_1564689078,noise0p16,heavy noise,72.3608,108.076,35.7154,55,180.796,125.796,10.0459,13412.4,2868.51,0.00132072,0.187733
dish_1566414412,noise0p16,heavy noise,920.12,436.147,483.973,658,396.39,261.61,7.45757,12492.8,2714.06,-0.0111302,0.143753
dish_1566502537,noise0p16,heavy noise,517.644,536.049,18.4052,315,396.869,81.8694,6.72162,13120.1,2859.11,-0.00735712,0.172657
dish_1558718587,noise0p16,heavy noise,10.25,147.664,137.414,41,175.344,134.344,7.9289,13780.8,2956.56,-0.00914139,0.2284
dish_1563551164,noise0p16,heavy noise,339.756,399.477,59.7209,270,288.07,18.0697,8.8122,13860.9,2922.74,-0.00517941,0.266818
dish_1558720236,noise0p16,heavy noise,887.823,592.844,294.979,407,461.463,54.4634,8.48968,13451.9,3009.72,-0.00667387,0.208586
dish_1562776497,noise0p16,heavy noise,291.832,374.308,82.4755,292,318.9,26.9003,7.69321,13430.9,2927.24,0.00140929,0.180077
dish_1563565289,noise0p16,heavy noise,93.368,178.619,85.2507,88,195.576,107.576,8.68003,13372.7,2869.98,-0.00253022,0.211862
dish_1559849412,noise0p16,heavy noise,352.641,323.516,29.1254,61,116.866,55.8659,7.58424,13327.6,2784.75,-0.00420952,0.20769
dish_1559934477,noise0p16,heavy noise,25.08,141.316,116.236,57,139.929,82.9294,8.19294,12576.7,2707.51,-0.00130528,0.129176
dish_1557936599,noise0p16,heavy noise,22.05,129.9,107.85,63,157.054,94.054,7.32873,13883,2917.57,0.00312912,0.254157
dish_1563565354,noise0p16,heavy noise,272.315,308.812,36.4968,193,311.55,118.55,7.99504,13512.7,2933.63,-0.00521386,0.203849
dish_1561405411,noise0p16,heavy noise,332.063,427.326,95.2624,282,365.319,83.3187,8.5387,13372.7,2982.13,-0.0043323,0.167262
dish_1566502472,noise0p16,heavy noise,132.919,243.471,110.552,119,260.931,141.931,8.1361,13325.3,2865.19,-0.00462234,0.181038
dish_1566838317,noise0p16,heavy noise,114.2,235.123,120.923,284,279.427,4.57257,8.17735,13600.6,2846.34,0.00840008,0.259794
dish_1565123881,noise0p16,heavy noise,406.822,530.442,123.621,515,415.923,99.0767,7.78755,12460.5,2823.05,0.00543296,0.146588
dish_1563551134,noise0p16,heavy noise,246.92,306.196,59.2757,173,219.562,46.5622,9.31262,14265.9,3000.45,-0.003555,0.34349
dish_1558718906,noise0p16,heavy noise,282.58,465.596,183.016,247,311.799,64.7994,9.30817,12385.4,2894.16,-0.00996262,0.182431
dish_1562963289,noise0p16,heavy noise,349.918,355.436,5.51825,180,278.668,98.668,7.02525,13814.4,2898.97,-0.0100942,0.239886
dish_1562790775,noise0p16,heavy noise,75.6863,167.233,91.5468,40,195.833,155.833,9.09968,13265.7,2804.01,-0.000983596,0.190808
dish_1560801041,noise0p16,heavy noise,432.244,460.611,28.3664,292,387.257,95.2571,7.54754,12966.2,2933.99,-0.00673908,0.144962
dish_1565123816,noise0p16,heavy noise,250.917,206.547,44.3694,110,175.574,65.5739,8.57956,14078.3,2911.59,0.000337601,0.290127
dish_1558031351,noise0p16,heavy noise,12.3,58.9281,46.6281,41,99.0619,58.0619,6.3956,13681.3,2955.56,-0.00805658,0.216132
dish_1559841979,noise0p16,heavy noise,39.29,109.431,70.1408,85,146.404,61.4037,7.40462,13429.6,2790.74,-0.00280762,0.226356
dish_1560203400,noise0p16,heavy noise,293.28,263.381,29.8986,104,78.404,25.596,7.88046,13650.6,2904.2,-0.00150633,0.203353
dish_1563294987,noise0p16,heavy noise,97.38,221.718,124.338,18,121.939,103.939,6.50042,13088.7,2813.29,-0.00856233,0.165779
dish_1563208412,noise0p16,heavy noise,62.4,137.409,75.0087,39,122.619,83.6188,8.20117,13763,2918.8,0.00695169,0.215717
dish_1557862696,noise0p16,heavy noise,19.25,124.914,105.664,77,143.357,66.3566,9.95993,14332.5,3051.15,-0.000159204,0.32972
dish_1561739212,noise0p16,heavy noise,134.01,275.71,141.7,214,311.569,97.5694,7.79538,13825,2979.01,-0.00328052,0.238277
dish_1564675380,noise0p16,heavy noise,87.331,199.094,111.763,23,102.71,79.7099,7.71078,13664.5,2897.51,-0.0052579,0.208696
dish_1564773903,noise0p16,heavy noise,316.828,326.83,10.0023,336,331.589,4.41093,7.45582,13408.8,2867.89,-0.00312841,0.185807
dish_1558376768,noise0p16,heavy noise,74.36,153.119,78.7594,143,199.547,56.5468,7.96115,13792.4,2981.22,-0.0103957,0.22392
dish_1563897047,noise0p16,heavy noise,66.04,303.068,237.028,127,252.856,125.856,7.22937,13908.8,2907.84,-0.00564629,0.264227
dish_1562172561,noise0p16,heavy noise,150.8,242.076,91.2761,290,265.272,24.728,8.45144,14098.6,2958.43,-0.0036146,0.288224
dish_1563551194,noise0p16,heavy noise,471.644,466.33,5.31368,400,319.114,80.8859,8.42528,13839,2946.58,-0.00559545,0.250062
dish_1558113430,noise0p16,heavy noise,7.84,149.635,141.795,28,125.315,97.3152,6.34656,13618.1,3017.59,-0.0147729,0.194872
dish_1565035774,noise0p16,heavy noise,57.5,215.91,158.41,185,269.834,84.8342,8.83532,13811.3,2900.52,-0.00143635,0.241728
dish_1563551105,noise0p16,heavy noise,194.4,212.487,18.0868,72,159.844,87.8441,9.3473,14186.9,2959.94,-0.00341952,0.344566
dish_1566850142,noise0p16,heavy noise,464.951,508.797,43.8454,284,382.035,98.0348,6.78726,13209.3,2841.21,-0.00256205,0.165647
dish_1561574368,noise0p16,heavy noise,22,143.566,121.566,50,182.1,132.1,8.35836,13004.6,2834.63,0.00412309,0.143453
dish_1562085672,noise0p16,heavy noise,122.084,280.154,158.07,46,222.21,176.21,9.11587,14141.9,3037.42,-0.00266773,0.27647
dish_1560526472,noise0p16,heavy noise,113.673,179.463,65.7901,114,216.551,102.551,7.67824,13176.6,2882.58,-0.0102341,0.161488
dish_1566328776,noise0p16,heavy noise,901.81,627.314,274.496,436,390.223,45.7769,7.59925,13356.4,2911.72,-0.001872,0.214301
dish_1566501594,noise0p16,heavy noise,508.049,389.848,118.201,109,328.271,219.271,7.79585,11556.3,2555.05,-0.00723445,0.137803
dish_1560368019,noise0p16,heavy noise,436.966,440.929,3.96306,301,313.213,12.2125,6.24583,12837.8,2989.76,0.00150335,0.142023
dish_1561393764,noise0p16,heavy noise,280.8,349.587,68.7868,182,251.253,69.2527,6.78389,13265.6,2909.57,0.00654519,0.1602
dish_1558641200,noise0p16,heavy noise,3.28,109.037,105.757,8,107.679,99.679,7.44764,13673.2,2944.13,0.00304854,0.212207
dish_1558639412,noise0p16,heavy noise,32.98,99.7125,66.7325,97,96.6924,0.307645,7.60195,13759.2,2955.16,-0.00406671,0.23316
dish_1565123783,noise0p16,heavy noise,93.065,244.201,151.136,35,174.155,139.155,8.60154,14341.1,2959.13,0.000705719,0.348356
dish_1559157777,noise0p16,heavy noise,2.53,98.3466,95.8166,11,81.7671,70.7671,7.71467,13450.1,2979.49,0.015897,0.185126
dish_1567785739,noise0p16,heavy noise,168.576,283.209,114.632,177,267.224,90.2236,7.79642,13246.1,2813.71,-0.00390226,0.192312
dish_1564588889,noise0p16,heavy noise,234.494,285.573,51.0787,346,291.17,54.8296,7.8741,13627.4,2844.11,-0.00469577,0.230573
dish_1561667207,noise0p16,heavy noise,249.445,366.096,116.651,121,259.384,138.384,7.86895,13829.2,2961.54,-0.00265074,0.225617
dish_1559850314,noise0p16,heavy noise,296.617,287.636,8.98141,100,133.631,33.6306,6.98286,13354.7,2789.59,-0.00283098,0.216024
dish_1559233445,noise0p16,heavy noise,24.5,94.9139,70.4139,49,135.772,86.7719,7.5761,13741.9,2939.74,0.000998378,0.227766
dish_1558030182,noise0p16,heavy noise,67.76,130.775,63.0151,88,117.491,29.4906,7.33448,13785.7,2973.52,-0.00932336,0.22204
dish_1567007719,noise0p16,heavy noise,14.28,63.0013,48.7213,42,95.286,53.286,7.36584,14040.2,2926.57,-0.00394017,0.278598
dish_1567785709,noise0p16,heavy noise,131.251,236.862,105.612,138,207.584,69.5837,7.03087,13278.8,2807.51,-0.00475693,0.200762
dish_1558546434,noise0p16,heavy noise,2.53,87.9804,85.4504,11,96.7402,85.7402,7.18642,13605,2985.44,-0.00822681,0.20023
dish_1560801773,noise0p16,heavy noise,13.5,78.7857,65.2857,54,97.912,43.912,9.19259,12971.1,2731.89,-0.00034529,0.146929
dish_1561662926,noise0p16,heavy noise,288.336,395.316,106.98,213,290.398,77.3984,6.71725,13567.1,3000.37,0.00424719,0.184616
dish_1565035858,noise0p16,heavy noise,375.228,445.68,70.4519,531,493.059,37.9407,7.39355,12980.5,2850.53,0.00161862,0.159397
dish_1565030391,noise0p16,heavy noise,609.334,343.224,266.11,313,286.087,26.9127,7.29571,12260.3,2757.34,0.00809956,0.116611
dish_1562774099,noise0p16,heavy noise,51.9935,89.3191,37.3256,40,132.705,92.705,7.18056,13386.6,2858.47,-0.00891316,0.179921
dish_1560801020,noise0p16,heavy noise,346.34,367.864,21.5243,250,341.426,91.4265,7.62955,13062.5,2963.72,-0.00657642,0.147905
dish_1562690886,noise0p16,heavy noise,20.6117,122.634,102.022,37,164.466,127.466,8.48486,13857.2,2922.88,-0.000393152,0.256516
dish_1564428144,noise0p16,heavy noise,205.213,282.264,77.051,171,243.491,72.4911,8.65812,13125.6,2809.16,0.00718188,0.176473
dish_1560456305,noise0p16,heavy noise,26.3916,272.61,246.218,21,261.878,240.878,9.53091,13422,2864.91,-0.00344253,0.170342
dish_1565117429,noise0p16,heavy noise,390.873,358.592,32.2811,147,187.536,40.5361,8.1605,13851.8,2996.02,-0.00265485,0.234894
dish_1564773876,noise0p16,heavy noise,258.328,240.732,17.5953,219,230.411,11.4108,7.50928,13477.9,2882.15,-0.00110167,0.192789
dish_1560526552,noise0p16,heavy noise,359.241,393.929,34.688,319,369.439,50.4386,7.02656,13170.2,2931.56,-0.00757408,0.163981
dish_1560526408,noise0p16,heavy noise,67.0982,158.539,91.4409,51,134.685,83.6848,7.48899,13338.2,2867.51,-0.0109588,0.172297
dish_1562963325,noise0p16,heavy noise,760.162,447.109,313.053,379,352.886,26.114,7.27308,13453.3,2829.52,-0.00997353,0.214565
dish_1557937037,noise0p16,heavy noise,25.97,157.555,131.585,49,199.263,150.263,7.10442,13746.9,2873.99,0.00289452,0.255434
dish_1561662216,noise0p16,heavy noise,300.794,349.107,48.3131,193,232.245,39.2449,7.24189,13129.7,2910.43,-0.00526357,0.158715
dish_1562099134,noise0p16,heavy noise,271.641,254.179,17.4628,188,235.929,47.9294,7.48658,13205.2,2785.06,-0.00436962,0.183869
dish_1562008936,noise0p16,heavy noise,57.64,206.713,149.073,131,196.712,65.7118,7.72366,14158.4,3068.38,-0.00334537,0.266179
dish_1565020867,noise0p16,heavy noise,255.805,330.621,74.8165,325,298.795,26.2049,7.30611,13191,2748.92,-0.0041669,0.199188
dish_1558720133,noise0p16,heavy noise,14.25,94.4338,80.1838,57,101.853,44.8528,8.06946,13817.2,2983.99,-0.00761867,0.224439
dish_1561739238,noise0p16,heavy noise,274.19,316.891,42.7013,257,355.6,98.6,7.64387,13838.4,2996.37,0.000238061,0.2407
dish_1565711570,noise0p16,heavy noise,603.827,573.043,30.7847,324,387.869,63.8691,7.3375,13129.8,2827.61,-0.00108075,0.185446
dish_1562774206,noise0p16,heavy noise,298.764,497.619,198.855,272,446.287,174.287,6.88627,13139.6,2817.29,-0.00582397,0.175541
dish_1561148042,noise0p16,heavy noise,370.755,529.944,159.189,245,388.036,143.036,7.28193,13339.7,3070.83,-0.00742787,0.168854
dish_1560444931,noise0p16,heavy noise,112.66,196.488,83.8276,200,229.176,29.1759,7.95917,13607.5,2911.43,0.000907302,0.204243
dish_1558031302,noise0p16,heavy noise,56.98,128.919,71.9393,74,104.373,30.3726,7.1753,13791.4,2975.28,-0.0125704,0.22317
dish_1563566939,noise0p16,heavy noise,286.027,374.741,88.7134,238,376.855,138.855,7.7785,12235.6,2746.82,-0.00422484,0.123544
dish_1566587102,noise0p16,heavy noise,213.599,201.612,11.9877,146,156.112,10.1115,8.23459,13680.9,2912.27,0.0105718,0.213726
dish_1561405332,noise0p16,heavy noise,18.55,-11.6947,30.2447,53,37.9921,15.0079,7.83772,13660.2,2903.7,-0.00540227,0.202994
dish_1564687013,noise0p16,heavy noise,330.841,354.505,23.6639,224,222.235,1.76485,7.63656,13430.8,2876.58,-0.0030821,0.189672
dish_1563996464,noise0p16,heavy noise,100.489,232.815,132.326,146,271.615,125.615,8.5827,13314.2,2923.02,-0.00349194,0.166046
dish_1563998279,noise0p16,heavy noise,565.005,366.217,198.788,296,259.574,36.4265,7.25803,13031.6,2806.62,-0.00280231,0.176118
dish_1565020755,noise0p16,heavy noise,43.28,98.2294,54.9494,8,93.0866,85.0866,7.24533,14351.3,2965.73,-0.00556552,0.343446
dish_1557937758,noise0p16,heavy noise,106.783,230.214,123.431,128,288.133,160.133,7.78914,13609.2,2873.33,0.00250328,0.249427
dish_1559850338,noise0p16,heavy noise,307.117,323.774,16.6573,130,178.395,48.3951,7.60911,13280.7,2790.19,-0.00176138,0.211871
dish_1563305513,noise0p16,heavy noise,606.252,315.699,290.553,228,212.668,15.3318,7.99045,13870.6,2894.65,-0.0049054,0.241055
dish_1563389548,noise0p16,heavy noise,438.828,380.304,58.5238,194,233.249,39.2492,8.86414,12803,2784.62,-0.0049004,0.142065
dish_1565898128,noise0p16,heavy noise,209.031,202.503,6.52817,134,178.307,44.3069,7.53506,14101.2,2984.38,-0.00342745,0.275783
dish_1558549413,noise0p16,heavy noise,682.158,464.844,217.314,118,186.071,68.0707,8.09823,13556.7,3032.5,-0.00051111,0.193578
dish_1562703345,noise0p16,heavy noise,154.28,284.418,130.138,58,267.271,209.271,7.77961,13832,2882.22,-0.00726426,0.238328
dish_1565030350,noise0p16,heavy noise,62.5857,209.297,146.711,62,209.62,147.62,8.86116,13290.2,2801.47,0.00798476,0.200079
dish_1562774180,noise0p16,heavy noise,164.084,252.656,88.572,181,326.036,145.036,7.12404,13175.2,2803.88,-0.009821,0.173533
dish_1559239256,noise0p16,heavy noise,60.16,115.95,55.7902,128,163.577,35.5771,7.60927,13756.8,2956.32,0.00549757,0.229859
dish_1563566909,noise0p16,heavy noise,222.53,381.957,159.427,187,340.769,153.769,7.92911,13555.1,2840.8,-0.00457859,0.23629
dish_1563984199,noise0p16,heavy noise,322.68,358.344,35.6638,670,483.323,186.677,7.50743,13925.4,2921.68,-0.00518388,0.268499
dish_1558722125,noise0p16,heavy noise,497.166,384.297,112.869,86,134.848,48.8481,8.18009,13541.4,2991.76,-0.00570256,0.202466
dish_1565123845,noise0p16,heavy noise,268.662,218.928,49.7338,201,200.877,0.122979,9.16913,13754.2,2852.69,0.000180125,0.249899
dish_1562168696,noise0p16,heavy noise,95.1148,169.204,74.0896,141,252.587,111.587,6.36744,13673,2958.59,-0.00750893,0.20779
dish_1567785778,noise0p16,heavy noise,303.508,377.121,73.6138,310,314.459,4.45871,8.36825,13190.9,2782.73,-0.00438273,0.199789
dish_1564687090,noise0p16,heavy noise,498.019,507.97,9.95158,416,404.127,11.8734,9.2309,12772.8,2829.97,-0.00535315,0.138105
dish_1563909507,noise0p16,heavy noise,117.926,158.491,40.5658,151,240.099,89.0993,9.61314,11938.8,2672.21,0.00904453,0.11605
dish_1560526530,noise0p16,heavy noise,245.281,333.606,88.3248,242,334.296,92.296,7.97368,13239.1,2922.05,-0.0100121,0.165145
dish_1563295044,noise0p16,heavy noise,241.975,364.483,122.508,158,255.756,97.756,6.38959,13413.3,2909.55,-0.00901949,0.188837
dish_1559844272,noise0p16,heavy noise,462.48,332.599,129.881,80,133.533,53.5332,7.23584,13285.3,2779.2,-0.00434625,0.212177
dish_1561578800,noise0p16,heavy noise,338.355,326.435,11.9201,146,189.196,43.1962,7.6919,12676.1,2822.39,0.00320661,0.129614
dish_1562099157,noise0p16,heavy noise,277.531,219.095,58.4364,207,200.851,6.14877,7.69778,12925.4,2753.38,-0.00439042,0.160649
dish_1562703447,noise0p16,heavy noise,384.426,199.837,184.589,259,253.438,5.56176,7.37967,12539.8,2651.29,-0.00955409,0.140521
dish_1566587143,noise0p16,heavy noise,354.399,246.327,108.072,234,206.458,27.5423,7.52174,13523.3,2899.83,0.00993073,0.187924
dish_1562618000,noise0p16,heavy noise,685.994,312.884,373.11,448,292.444,155.556,7.63277,11906.1,2852.8,-0.00662762,0.111649
dish_1566851704,noise0p16,heavy noise,461.16,532.347,71.187,348,396.982,48.9816,7.31453,13448,2959.67,0.00734162,0.178238
dish_1566587182,noise0p16,heavy noise,531.261,358.08,173.181,377,437.183,60.1832,8.10998,12641.6,2755.38,0.0112118,0.135619
dish_1558718680,noise0p16,heavy noise,132.963,253.275,120.312,23,16.9447,6.0553,7.80663,13669.7,2978.55,-0.0102355,0.207165
dish_1563898019,noise0p16,heavy noise,343.977,307.497,36.4809,237,211.795,25.205,7.58979,13954.4,2941.88,-0.010003,0.279808
dish_1558718610,noise0p16,heavy noise,113.527,237.539,124.012,107,211.657,104.657,8.63841,13828.8,2972.95,-0.00933868,0.231539
dish_1565894910,noise0p16,heavy noise,537.113,408.021,129.092,179,179.981,0.981411,8.55912,13435.5,2888.4,-0.00878048,0.185748
dish_1561578865,noise0p16,heavy noise,417.185,398.561,18.6241,246,303.936,57.9362,7.58608,12416.3,2891.22,0.00121367,0.122229
dish_1568401167,noise0p16,heavy noise,426.36,279.582,146.778,228,185.418,42.5819,7.8898,14107,2990.3,0.00273037,0.290528
dish_1564689219,noise0p16,heavy noise,506.847,440.917,65.9297,474,428.065,45.9349,7.42588,12544.8,2797.04,-0.00019145,0.149919
dish_1563984296,noise0p16,heavy noise,436.337,633.225,196.887,871,641.419,229.581,7.77767,12942.7,2779.76,-0.00677961,0.173223
dish_1558110478,noise0p16,heavy noise,205.439,342.961,137.522,161,301.822,140.822,7.14503,13368,2942.59,-0.0135685,0.192882
dish_1563295016,noise0p16,heavy noise,127.88,250.028,122.148,79,168.654,89.6538,6.73878,13617.4,2919.7,-0.00831956,0.210238
dish_1557861216,noise0p16,heavy noise,0,116.993,116.993,1,85.8947,84.8947,9.00841,14148.4,2948.58,0.000736475,0.316293
dish_1558376801,noise0p16,heavy noise,4.2,85.203,81.003,15,65.5895,50.5895,6.77649,13749,2980.49,-0.00977707,0.217316
dish_1561739188,noise0p16,heavy noise,97.09,175.217,78.1275,143,230.857,87.857,7.30176,13845.5,2968.91,-0.00383133,0.244807
dish_1565020822,noise0p16,heavy noise,180.565,342.173,161.608,193,256.857,63.8572,7.53012,13871.4,2906.27,-0.00476325,0.239697
dish_1561667238,noise0p16,heavy noise,268.805,504.609,235.804,165,337.238,172.238,7.80023,12033.4,2784.75,-0.00443095,0.162102
dish_1558114209,noise0p16,heavy noise,30.6,150.717,120.117,90,120.755,30.7546,7.38007,13773.6,2969.23,-0.0105916,0.235344
dish_1561654392,noise0p16,heavy noise,494.065,502.707,8.64125,282,305.323,23.3232,8.32758,13141,2922.67,-0.00819933,0.163532
dish_1564160043,noise0p16,heavy noise,245,246.147,1.14665,98,185.159,87.1588,7.90877,13850.8,2909.55,0.000184536,0.263737
dish_1558376364,noise0p16,heavy noise,48.99,121.308,72.3181,71,111.553,40.5534,6.66201,13667.5,3003.41,-0.0112231,0.205251
dish_1566849987,noise0p16,heavy noise,562.97,530.782,32.1876,540,454.344,85.6565,8.79596,12740.5,2865.24,-0.00392848,0.172157
dish_1563898107,noise0p16,heavy noise,440.693,511.704,71.011,424,352.591,71.4094,7.19265,13574.8,2902.26,-0.00970125,0.234583
dish_1558635489,noise0p16,heavy noise,78.514,198.621,120.107,74,195.002,121.002,8.29312,13807.6,2977.76,-0.00968331,0.22446
dish_1566589933,noise0p16,heavy noise,89.06,283.059,193.999,122,208.782,86.7822,7.42426,13724.2,2948.77,0.0110754,0.232092
dish_1568401199,noise0p16,heavy noise,459.643,451.954,7.68895,343,328.268,14.7319,8.41316,14019.2,2978.05,0.00183952,0.248478
dish_1563898084,noise0p16,heavy noise,419.493,495.101,75.6071,384,318.592,65.4077,6.9751,13719.7,2916.14,-0.00950497,0.241997
dish_1565898158,noise0p16,heavy noise,240.426,264.715,24.2897,194,271.994,77.9943,8.6577,13516.6,2941.11,-0.00222868,0.187696
dish_1560368464,noise0p16,heavy noise,349.45,298.405,51.0451,275,189.63,85.37,8.15257,14000.7,2960.29,-0.00156003,0.247914
dish_1565898230,noise0p16,heavy noise,780.202,497.821,282.381,500,392.696,107.304,7.59609,12568.7,2749,-0.00736773,0.13173
dish_1566316757,noise0p16,heavy noise,448.383,470.733,22.3503,819,434.913,384.087,7.49753,13337.8,2841.58,-0.00795585,0.196501
dish_1566849923,noise0p16,heavy noise,127.97,300.099,172.129,240,257.042,17.0423,8.39227,12046,2630.44,-0.00615817,0.14609
dish_1562009934,noise0p16,heavy noise,434.914,457.099,22.1843,369,349.995,19.0051,7.01473,12534,2831.31,-0.00774515,0.131703
dish_1560456370,noise0p16,heavy noise,258.383,260.057,1.67393,186,230.167,44.1674,8.61878,13377.2,2952.06,0.00141287,0.167199
dish_1561741090,noise0p16,heavy noise,161.54,222.794,61.2537,221,212.474,8.52642,7.56115,14192.8,3063.05,0.0114865,0.30068
dish_1565811000,noise0p16,heavy noise,342.85,565.346,222.496,225,478.051,253.051,8.13686,12975.9,2805.21,0.00418913,0.175328
dish_1560444892,noise0p16,heavy noise,39.54,168.583,129.043,90,149.337,59.3373,8.87697,13823.7,2924.36,-0.00164676,0.217343
dish_1563565508,noise0p16,heavy noise,403.862,371.262,32.5997,387,380.811,6.18902,7.61264,12884.9,2855.07,-0.00585878,0.139269
dish_1556575327,noise0p16,heavy noise,103.3,230.061,126.761,152,186.234,34.2338,8.57565,13400.5,2990.73,-0.000686109,0.195694
dish_1564428102,noise0p16,heavy noise,133.22,183.045,49.8253,107,210.53,103.53,8.9161,13248.1,2814.47,0.00634933,0.189525
dish_1558376306,noise0p16,heavy noise,372.168,318.866,53.302,108,158.804,50.8043,7.92515,13551.1,2995.63,-0.00989348,0.191234
dish_1561654374,noise0p16,heavy noise,326.356,371.51,45.1545,251,311.164,60.1645,7.31504,13316,2932.04,-0.00942063,0.170364
dish_1566328831,noise0p16,heavy noise,941.61,703.951,237.659,500,474.972,25.0277,7.52478,13349.6,2904.36,-0.00256908,0.21207
dish_1562168673,noise0p16,heavy noise,56.3548,114.876,58.5213,73,173.217,100.217,7.58938,13870.6,2985.66,-0.00544697,0.226223
dish_1558375886,noise0p16,heavy noise,1050.51,530.132,520.379,277,303.228,26.2277,7.95096,13192.1,3022.05,-0.0140364,0.170314
dish_1564773976,noise0p16,heavy noise,516.089,516.667,0.577881,463,411.436,51.5636,7.82201,13234.5,2856.51,-0.0022096,0.182069
dish_1566851584,noise0p16,heavy noise,286.295,363.674,77.3785,222,266.53,44.5299,7.05784,13645.5,2952.07,0.00648189,0.213501
dish_1560800988,noise0p16,heavy noise,314.866,348.368,33.5028,230,311.306,81.306,7.50057,13070.8,2947.57,-0.00653261,0.148377
dish_1559849497,noise0p16,heavy noise,521.433,413.714,107.719,340,283.806,56.1943,7.11894,13006.2,2747.63,-0.00349653,0.191656
dish_1562008979,noise0p16,heavy noise,382.937,332.045,50.8913,290,241.615,48.3845,7.78102,13603.3,3024.58,-0.00620997,0.18892
dish_1560445004,noise0p16,heavy noise,339.598,427.494,87.8964,290,381.664,91.6641,7.64447,13502.9,2954.16,-0.00140744,0.206727
dish_1561662190,noise0p16,heavy noise,117.318,238.734,121.416,104,182.535,78.5352,7.96669,13435,2913.56,-0.000586867,0.192004
dish_1559844366,noise0p16,heavy noise,529.22,502.777,26.4434,192,286.111,94.1109,7.26056,12901.7,2741.06,-0.00189251,0.187913
dish_1563998244,noise0p16,heavy noise,259.479,224.382,35.0974,170,210.308,40.3077,8.98687,13284.2,2829.71,-0.00271672,0.232589
dish_1566838378,noise0p16,heavy noise,286.21,368.804,82.5942,482,380.357,101.643,8.04777,13005.3,2753.25,0.00733638,0.193805
dish_1566851616,noise0p16,heavy noise,300.779,358.508,57.7296,248,260.985,12.9848,7.16266,13685.7,2963.18,0.0075171,0.204914
dish_1565034605,noise0p16,heavy noise,52.4912,167.87,115.378,52,223.766,171.766,7.47729,13475.7,2823.72,0.00532365,0.213885
dish_1558030435,noise0p16,heavy noise,246.94,299.028,52.0879,221,240.527,19.5266,9.21994,13740.7,3032.04,-0.0096857,0.220623
dish_1558114284,noise0p16,heavy noise,162.23,203.382,41.1518,316,306.052,9.94842,7.40284,13424,2946.89,-0.0175723,0.196617
dish_1565638515,noise0p16,heavy noise,198.971,308.672,109.701,165,267.578,102.578,7.6835,13326.1,2887.11,0.00273681,0.168799
dish_1558376212,noise0p16,heavy noise,300.612,363.333,62.7211,52,94.6093,42.6093,7.75109,13691,2994.78,-0.00975227,0.208338
dish_1560975491,noise0p16,heavy noise,37.84,207.418,169.578,86,227.675,141.675,7.72069,13743.3,2945.87,0.00316107,0.214275
dish_1565035715,noise0p16,heavy noise,15.6,172.963,157.363,39,168.895,129.895,9.77008,13914.5,2897.13,-0.00213438,0.282033
dish_1558375833,noise0p16,heavy noise,317.032,262.085,54.9475,92,141.876,49.876,7.59614,13604.7,2984.43,-0.0113707,0.198451
dish_1561574428,noise0p16,heavy noise,84.0024,207.989,123.987,172,251.531,79.5314,7.76159,12714,2956.82,-0.00110865,0.124336
dish_1561147997,noise0p16,heavy noise,185.18,330.331,145.151,133,241.267,108.267,7.28641,13046.8,2889.13,-0.00828004,0.146248
dish_1565974375,noise0p16,heavy noise,459.85,275.437,184.413,85,120.98,35.9797,7.4533,13543.3,2862.25,0.0154582,0.22791
dish_1560801829,noise0p16,heavy noise,256.896,318.385,61.4895,178,180.007,2.00673,6.7567,12862.6,2799.53,-0.000517249,0.137011
dish_1561574848,noise0p16,heavy noise,182.258,241.389,59.1309,155,243.41,88.41,6.84408,12806.7,2911.79,-0.00226921,0.132162
dish_1558722171,noise0p16,heavy noise,24.25,74.9293,50.6793,97,133.041,36.0411,8.96241,13840.4,2985.02,-0.00241107,0.230898
dish_1559844323,noise0p16,heavy noise,518.37,393.583,124.787,161,202.013,41.0131,6.57339,12985.4,2744.21,-0.00195348,0.189965
dish_1568401302,noise0p16,heavy noise,716.479,541.326,175.153,561,424.513,136.487,8.0808,13481.3,2889.34,0.0129954,0.224707
dish_1558461607,noise0p16,heavy noise,87.63,245.068,157.438,127,205.353,78.3531,7.04922,13559.5,2986.27,-0.00518656,0.200131
dish_1558031394,noise0p16,heavy noise,237.41,371.967,134.557,318,337.137,19.1365,8.70119,13644.4,3034.24,-0.00301945,0.216851
dish_1562172600,noise0p16,heavy noise,263.6,312.709,49.1091,370,354.378,15.6218,7.85495,13603.9,2896.07,-0.00498992,0.206454
dish_1562790855,noise0p16,heavy noise,739.376,502.437,236.94,507,354.031,152.969,6.69741,12666.4,2723.84,-0.00288612,0.156993
dish_1560526514,noise0p16,heavy noise,183.253,301.641,118.389,224,325.65,101.65,7.96374,13208.9,2915.21,-0.00990176,0.163201
dish_1558546663,noise0p16,heavy noise,330.734,311.667,19.0668,197,220.07,23.07,7.69695,13606,3010.16,-0.00495356,0.205071
dish_1560368570,noise0p16,heavy noise,555.933,490.591,65.3419,452,385.058,66.9422,7.57174,13524.7,2966.29,-0.0037998,0.180675
dish_1565638550,noise0p16,heavy noise,277.657,335.682,58.0254,215,308.008,93.0076,8.17083,13254.4,2882.08,0.00301886,0.162591
dish_1563897938,noise0p16,heavy noise,54.1,122.33,68.2302,10,119.204,109.204,9.64321,14092,2943.79,-0.00800204,0.314921
dish_1558376734,noise0p16,heavy noise,206.76,223.668,16.9084,60,108.552,48.5518,6.88646,13682.6,2988.41,-0.0092231,0.207689
dish_1567785622,noise0p16,heavy noise,30.78,156.3,125.52,54,118.592,64.5916,6.69946,13574.8,2826.21,-0.00377238,0.233972
dish_1558639526,noise0p16,heavy noise,31.98,145.782,113.802,78,145.37,67.3698,8.5412,13665.5,2955.73,-0.00649285,0.221609
dish_1559849053,noise0p16,heavy noise,381.528,263.531,117.997,125,198.32,73.3204,6.80349,13112,2761.31,-0.00286537,0.19639
dish_1558031237,noise0p16,heavy noise,31.62,108.025,76.4054,93,122.904,29.9043,7.62655,13765.7,2968.68,-0.00997192,0.222211
dish_1564773847,noise0p16,heavy noise,238.028,176.205,61.823,161,125.267,35.7332,6.67286,13851.9,2952.05,-0.00117862,0.238779
dish_1566590056,noise0p16,heavy noise,815.648,417.206,398.442,519,400.343,118.657,7.44977,12501.7,2750.84,0.0101396,0.130604
dish_1564773942,noise0p16,heavy noise,491.94,533.641,41.7013,442,423.28,18.7195,7.71938,13352.7,2869.8,-0.00289518,0.196206
dish_1561393715,noise0p16,heavy noise,17.15,55.7036,38.5536,49,111.682,62.682,8.11993,13711.4,2930.15,0.00313437,0.202047
dish_1563897981,noise0p16,heavy noise,243.54,254.633,11.0931,138,176.707,38.7073,8.32385,13965.8,2916.4,-0.00888866,0.328829
dish_1558545738,noise0p16,heavy noise,73.84,142.936,69.0958,142,211.294,69.2938,8.8175,13822.8,2999.48,-0.00593168,0.228293
dish_1558718649,noise0p16,heavy noise,25.84,127.625,101.785,76,88.2114,12.2114,8.21066,13796.5,2960.97,-0.0102574,0.23332
dish_1562690950,noise0p16,heavy noise,109.062,217.335,108.273,202,312.914,110.914,7.02486,13726.8,2899.09,-0.00156164,0.225449
dish_1564689108,noise0p16,heavy noise,203.662,282.316,78.6534,159,295.657,136.657,7.21306,13251,2869.17,-0.00102174,0.165217
dish_1561578775,noise0p16,heavy noise,295.149,253.425,41.7239,111,146.533,35.5328,8.10155,12858.4,2769.2,0.00258636,0.14256
dish_1558110385,noise0p16,heavy noise,52.87,81.6531,28.7831,34,81.8006,47.8006,7.61745,13739.5,2960.21,-0.0111855,0.226319
dish_1563998513,noise0p16,heavy noise,757.505,472.614,284.891,599,400.215,198.785,7.13936,13015,2830.13,-0.00443614,0.161644
dish_1559844458,noise0p16,heavy noise,55.89,113.681,57.7911,81,97.272,16.272,6.99385,13339.3,2791.09,0.00305903,0.224229
dish_1566316681,noise0p16,heavy noise,116.763,208.791,92.0278,122,156.893,34.8935,7.50186,14018.6,2947.12,-0.00995892,0.272423
dish_1566851549,noise0p16,heavy noise,226.015,284.521,58.5057,85,153.907,68.9073,8.04921,13753.4,2919.04,0.00641453,0.274471
dish_1565034681,noise0p16,heavy noise,323.553,360.438,36.8843,185,280.934,95.934,7.66314,13120.8,2773.92,0.00859463,0.189922
dish_1558635523,noise0p16,heavy noise,55.9,185.308,129.408,43,161.483,118.483,6.72852,13768,2946.89,-0.00979155,0.230474
dish_1559239369,noise0p16,heavy noise,130.92,249.977,119.057,276,306.519,30.519,7.91185,13460,3017.53,0.00722671,0.21172
dish_1566849955,noise0p16,heavy noise,147.17,246.077,98.9068,288,200.874,87.1258,8.92043,12018.3,2625.47,-0.00242049,0.139993
dish_1559849537,noise0p16,heavy noise,549.523,403.498,146.025,393,279.074,113.926,7.00324,12942.1,2736.31,-0.00323802,0.181754
dish_1562776428,noise0p16,heavy noise,33.6998,198.721,165.021,66,190.445,124.445,6.9328,13469.8,2886.6,0.00133145,0.186911
dish_1560800918,noise0p16,heavy noise,70.8256,153.246,82.4206,40,137.673,97.6727,6.43208,12949.3,2864.72,-0.00656468,0.138625
dish_1565898193,noise0p16,heavy noise,291.914,300.495,8.58119,268,295.759,27.7591,7.94088,12971,2858.7,-0.0016889,0.145547
dish_1558376874,noise0p16,heavy noise,335.298,361.135,25.8368,58,124.985,66.9852,7.20956,13676.8,2996.2,-0.0108842,0.205517
dish_1558630176,noise0p16,heavy noise,73.84,122.212,48.3718,142,200.161,58.1613,8.07046,13762.8,2964.4,-0.00665206,0.227845
dish_1565034635,noise0p16,heavy noise,124.089,179.749,55.6594,110,238.638,128.638,6.80019,12977.1,2755.11,0.00604725,0.167683
dish_1561405356,noise0p16,heavy noise,206.645,304.685,98.0394,176,183.887,7.88737,7.89023,13760,2982.35,-0.00569671,0.208665
dish_1557937427,noise0p16,heavy noise,26.435,124.943,98.5075,17,104.623,87.6227,7.25602,13971.7,2904.11,0.000993609,0.273733
dish_1563551220,noise0p16,heavy noise,561.704,548.623,13.0809,558,462.625,95.3754,8.02985,13054.8,2792.76,-0.00739521,0.196428
dish_1560368506,noise0p16,heavy noise,462.934,441.549,21.3851,378,313.029,64.9714,7.90453,13872.8,2977.78,-0.00192511,0.223418
dish_1566589967,noise0p16,heavy noise,381.662,476.517,94.8547,322,338.989,16.989,7.02098,13318.6,2894.21,0.0122328,0.172518
dish_1560444948,noise0p16,heavy noise,171.317,293.477,122.16,231,315.803,84.8028,8.18812,13542.6,2939.07,-0.00019592,0.199357
dish_1560975572,noise0p16,heavy noise,96.99,379.66,282.67,159,326.484,167.484,7.11431,13752.8,3015.01,0.00209498,0.205072
dish_1558719994,noise0p16,heavy noise,768.873,449.937,318.936,133,204.077,71.077,8.08119,13470.3,2981.81,-0.00828755,0.191515
dish_1563208439,noise0p16,heavy noise,92.61,172.826,80.2155,96,182.966,86.9657,7.84197,13486.4,2875.73,0.00482774,0.189314
dish_1566920304,noise0p16,heavy noise,296.4,283.604,12.7961,570,389.419,180.581,9.89463,14242.9,2983.34,-0.00800502,0.331454
dish_1561393741,noise0p16,heavy noise,188.83,199.025,10.1953,165,166.171,1.17118,7.50112,13698.4,2958.69,0.00448489,0.192895
dish_1557862738,noise0p16,heavy noise,319.78,195.032,124.748,118,91.6155,26.3845,10.2124,14066.6,3001.55,0.00430453,0.27788
dish_1559233627,noise0p16,heavy noise,64.92,166.578,101.658,12,38.6349,26.6349,7.78874,13714.3,2953.51,0.000708699,0.2213
dish_1565896745,noise0p16,heavy noise,368.54,313.503,55.037,244,277.143,33.1433,7.43131,12399.4,2763.93,-0.00505084,0.118517
dish_1562099076,noise0p16,heavy noise,110.181,172.808,62.6267,61,157.05,96.0501,9.46636,14103.5,2938.88,-0.00352222,0.281037
dish_1562700568,noise0p16,heavy noise,246.864,450.465,203.6,318,370.688,52.6884,7.17472,13008.6,2874.04,0.0111939,0.14923
dish_1566838286,noise0p16,heavy noise,72.5,124.199,51.6991,145,88.3447,56.6553,8.723,14088.5,2929.48,0.00751293,0.319478
dish_1561147967,noise0p16,heavy noise,177.98,284.899,106.919,85,188.876,103.876,7.21554,13292.4,2886.26,-0.00746739,0.163089
dish_1563565415,noise0p16,heavy noise,303.477,271.357,32.1203,284,294.044,10.0437,7.21983,13259.7,2903.74,-0.00507027,0.168294
dish_1558722247,noise0p16,heavy noise,604.616,561.885,42.7311,343,336.506,6.49443,9.26467,13579.5,2999.16,-0.000710189,0.21029
dish_1566920365,noise0p16,heavy noise,490.422,623.356,132.934,871,569.88,301.12,7.63498,13576.6,2931.22,-0.00997955,0.221243
dish_1561574815,noise0p16,heavy noise,74.853,176.582,101.729,89,220.599,131.599,7.3787,12694.6,2884.37,-0.00267237,0.124553
dish_1565118782,noise0p16,heavy noise,557.522,415.979,141.542,353,310.586,42.4145,7.49706,12515.7,2765.93,-0.00165182,0.127276
dish_1562168648,noise0p16,heavy noise,41.5948,163.983,122.388,32,204.369,172.369,7.80126,13870,2998.85,-0.00183415,0.219541
dish_1563996485,noise0p16,heavy noise,178.039,333.072,155.033,201,336.833,135.833,7.88498,13196.9,2913.71,-0.00675118,0.155713
dish_1567785654,noise0p16,heavy noise,51.78,156.29,104.51,96,163.908,67.9076,6.82582,13572.8,2830.96,-0.00422215,0.227517
dish_1558113941,noise0p16,heavy noise,296.89,365.928,69.0378,78,194.864,116.864,7.78083,13533.3,3051.92,-0.0171773,0.183313
dish_1557937157,noise0p16,heavy noise,355.25,444.96,89.7102,271,358.687,87.6871,7.17724,13195.4,2864.83,0.00442684,0.199148
dish_1558719570,noise0p16,heavy noise,74.36,152.545,78.1852,143,218.139,75.139,7.65217,13771.9,2966.48,-0.00836146,0.22493
dish_1560367904,noise0p16,heavy noise,76.0231,220.303,144.28,69,160.889,91.8894,8.21338,13634.6,2896.99,-0.00189936,0.202237
dish_1558375732,noise0p16,heavy noise,45.54,118.518,72.9778,66,116.874,50.874,6.50089,13674.6,2992.58,-0.0104345,0.208401
dish_1565711453,noise0p16,heavy noise,198.32,192.077,6.24318,134,143.475,9.47521,7.77769,13993,2922.69,-0.00282288,0.290239
dish_1557862345,noise0p16,heavy noise,103.95,141.549,37.5986,63,124.122,61.122,10.9938,14289.5,3042.34,0.000519395,0.320281
dish_1566851677,noise0p16,heavy noise,354.774,419.523,64.7489,296,317.438,21.4376,7.16025,13581.3,2972.55,0.00680029,0.193564
dish_1560368395,noise0p16,heavy noise,49.32,135.151,85.8305,137,158.451,21.4513,9.08762,14030.7,2934.5,-0.00193399,0.256304
dish_1562876531,noise0p16,heavy noise,66.0669,226.703,160.636,85,232.415,147.415,7.126,13473.1,2836.16,0.000815392,0.1952
dish_1566920339,noise0p16,heavy noise,449.532,416.342,33.1894,730,450.069,279.931,8.22837,13923.5,2940.7,-0.00980532,0.28106
dish_1558717604,noise0p16,heavy noise,73.84,202.799,128.959,142,179.933,37.9335,5.94391,13822.2,2978.02,-0.0113672,0.22508
dish_1561574456,noise0p16,heavy noise,203.657,323.667,120.01,217,267.169,50.1694,7.59031,12924.1,3013.76,-0.00101727,0.13736
dish_1563478751,noise0p16,heavy noise,950.395,559.285,391.11,545,376.853,168.147,8.99438,12526.5,2746.46,0.00654626,0.128029
dish_1558376437,noise0p16,heavy noise,13.26,95.0004,81.7404,39,64.6501,25.6501,7.18831,13759.3,2969.52,-0.00977129,0.218769
dish_1561654346,noise0p16,heavy noise,79.1955,139.76,60.5648,84,196.406,112.406,7.16715,13248.5,2879.65,-0.00901866,0.16687
dish_1559842047,noise0p16,heavy noise,153.69,157.766,4.07626,285,228.789,56.2113,7.39916,13338.2,2781.15,-0.00275576,0.215443
dish_1562009894,noise0p16,heavy noise,244.807,288.514,43.7063,200,244.834,44.834,7.39028,13406.9,2947.4,0.00501418,0.173848
dish_1565118700,noise0p16,heavy noise,16.66,132.603,115.943,49,149.693,100.693,7.70849,13433.3,2877.31,-0.000535905,0.196461
dish_1563221025,noise0p16,heavy noise,245.446,237.276,8.17014,123,183.143,60.1435,7.69174,13684,2859.16,0.00118244,0.238024
dish_1558461692,noise0p16,heavy noise,231.24,317.807,86.5665,40,93.7099,53.7099,7.36204,13776.4,3015.3,-0.00580734,0.220115
dish_1558031133,noise0p16,heavy noise,136.51,208.304,71.7941,110,131.275,21.2753,8.37365,13625.3,2969,-0.00835371,0.208818
dish_1563565323,noise0p16,heavy noise,229.53,291.034,61.5033,152,295.101,143.101,8.83693,13470,2917.39,-0.00392473,0.203581
dish_1562617939,noise0p16,heavy noise,234.966,266.963,31.9971,133,277.307,144.307,7.94631,12978,2755.21,-0.00636542,0.163612
dish_1558722207,noise0p16,heavy noise,83.2,73.1578,10.0422,160,179.994,19.9937,8.0709,13785.9,2958.34,-0.00145572,0.229207
dish_1558635546,noise0p16,heavy noise,60.84,141.682,80.8421,117,210.679,93.6793,8.33036,13793.1,2969.89,-0.010667,0.22629
dish_1558639849,noise0p16,heavy noise,23.37,119.943,96.5734,57,95.6627,38.6627,8.2827,13682.8,2946.32,-0.0024277,0.219128
dish_1565020895,noise0p16,heavy noise,348.126,380.116,31.9903,416,348.925,67.0749,7.70074,13192.7,2782.66,-0.00481135,0.184348
dish_1562963246,noise0p16,heavy noise,324.398,258.044,66.3539,122,212.079,90.0786,8.92328,13883.2,2876.97,-0.00852937,0.265398
dish_1563909550,noise0p16,heavy noise,310.32,315.968,5.648,273,354.088,81.0885,8.51013,12870.6,2791.38,0.00290728,0.148783
dish_1563998323,noise0p16,heavy noise,634.505,479.503,155.002,574,387.848,186.152,7.01972,13045.6,2834.07,-0.00481099,0.172408
dish_1567007783,noise0p16,heavy noise,50,212.291,162.291,106,256.528,150.528,6.42369,13671.6,2861.98,-0.00474566,0.249317
dish_1559849020,noise0p16,heavy noise,46.23,156.129,109.899,67,145.558,78.5581,7.28443,13327.5,2777.65,-0.0031566,0.22526
dish_1557936555,noise0p16,heavy noise,149.28,167.965,18.6853,96,134.539,38.5388,7.85824,13998.1,2917.03,0.00239265,0.288324
dish_1562009006,noise0p16,heavy noise,470.717,429.221,41.4957,323,312.202,10.7977,7.97359,13491.2,3005.08,-0.0035187,0.181151
dish_1559239151,noise0p16,heavy noise,9.2,125.246,116.046,40,185.943,145.943,7.05993,13587,2989.8,0.00497985,0.198566
dish_1560526490,noise0p16,heavy noise,141.673,195.506,53.8333,170,244.458,74.4578,7.83132,13305.6,2911.08,-0.00948101,0.168751
dish_1565811139,noise0p16,heavy noise,902.2,422.498,479.702,416,404.9,11.1002,8.29534,12598.5,2958.79,0.00485742,0.130171
dish_1558635400,noise0p16,heavy noise,25,194.968,169.968,100,214.098,114.098,8.06953,13814.7,2985.39,-0.0108696,0.228377
dish_1558461792,noise0p16,heavy noise,331,428.873,97.8728,233,285.398,52.3984,7.50379,13263.9,2989.18,-0.00608045,0.180779
dish_1565811025,noise0p16,heavy noise,361.05,498.708,137.658,277,453.879,176.879,7.4816,12016.2,2831.65,0.00653815,0.115018
dish_1560800951,noise0p16,heavy noise,102.826,235.089,132.263,168,255.654,87.6543,6.7427,13031,2895.46,-0.00797677,0.145057
dish_1559846688,noise0p16,heavy noise,82.8325,161.26,78.428,73,108.165,35.165,8.02962,13316,2802.57,-0.00156528,0.211731
dish_1558630207,noise0p16,heavy noise,670.596,461.853,208.743,116,179.382,63.3815,8.00813,13488.4,2963.93,-0.00810939,0.197396
dish_1559157454,noise0p16,heavy noise,34.5646,129.458,94.8938,28,147.453,119.453,7.51201,13515.5,2960.56,0.0160022,0.201393
dish_1562876494,noise0p16,heavy noise,40.1069,153.165,113.058,26,130.757,104.757,6.93493,13900.8,2895.39,0.000473261,0.255953
dish_1561574479,noise0p16,heavy noise,363.614,479.682,116.069,293,371.602,78.6019,7.22195,13059.7,3059.31,-0.0021534,0.147389
dish_1561654326,noise0p16,heavy noise,59.7926,92.7003,32.9077,46,145.599,99.5991,7.81542,13375.5,2870.07,-0.00861377,0.179598
dish_1563996441,noise0p16,heavy noise,80.2392,225.455,145.216,65,242.052,177.052,9.17878,13295.6,2911.72,-0.00560331,0.164181
dish_1560801883,noise0p16,heavy noise,512.111,520.1,7.98834,315,349.018,34.0177,7.47452,12970,2873.06,-0.00332975,0.149484
dish_1560801859,noise0p16,heavy noise,428.704,471.227,42.5229,262,305.449,43.4489,7.71027,12813.5,2824.6,-0.00138646,0.134463
dish_1562691064,noise0p16,heavy noise,555.304,524.848,30.4558,501,476.305,24.6953,6.78261,13309.9,2825.75,-0.00889909,0.211157
dish_1558030383,noise0p16,heavy noise,140.66,220.535,79.8747,26,80.5216,54.5216,7.06762,13652.1,2965.9,-0.00901526,0.211589
dish_1563389626,noise0p16,heavy noise,498.62,288.109,210.511,360,260.428,99.5724,9.78619,11413.8,2489.08,-0.00491142,0.120879
dish_1565898331,noise0p16,heavy noise,155.993,226.746,70.7532,100,212.34,112.34,8.15644,13798.3,2946.62,-0.00409579,0.228811
dish_1567007751,noise0p16,heavy noise,39.93,169.491,129.561,87,222.972,135.972,6.98527,13837,2895.49,-0.00356394,0.265224
dish_1558720097,noise0p16,heavy noise,30.34,202.404,172.064,74,147.1,73.1,7.73832,13671,2976.77,-0.00934923,0.212831
dish_1558110297,noise0p16,heavy noise,29.07,181.704,152.634,51,154.373,103.373,6.56151,13534.7,2951.73,-0.0121954,0.208609
dish_1561574783,noise0p16,heavy noise,29.6268,14.2111,15.4156,24,117.58,93.5796,8.73977,12978.4,2853,-0.00441927,0.137825
dish_1563220987,noise0p16,heavy noise,224.988,220.345,4.64214,110,184.207,74.2067,8.06726,13736.8,2862.44,0.00264287,0.254862
dish_1568305198,noise0p16,heavy noise,311.354,330.581,19.2266,82,192.861,110.861,8.50192,13429.7,2843.35,-0.00482702,0.216879
dish_1561405389,noise0p16,heavy noise,265.983,400.738,134.754,223,304.923,81.9232,7.76481,13419.1,2964.8,-0.00584829,0.17381
dish_1565638599,noise0p16,heavy noise,368.698,381.512,12.8138,279,344.85,65.85,8.02216,13164,2892.31,0.00270057,0.155882
dish_1565986702,noise0p16,heavy noise,211.344,328.621,117.277,204,241.569,37.5691,7.23035,13158.6,2874.83,0.0167332,0.178857
dish_1559578599,noise0p16,heavy noise,229.98,353.284,123.304,193,270.449,77.4486,7.4449,13669.7,3013.87,0.00842512,0.218858
dish_1559233715,noise0p16,heavy noise,83.6,169.679,86.0794,110,131.159,21.1586,8.22132,13655,2940.72,0.0050348,0.22734
dish_1559849466,noise0p16,heavy noise,467.613,380.443,87.1697,262,205.858,56.1417,7.36444,13337.3,2794.48,-0.00387686,0.206173
dish_1558630325,noise0p16,heavy noise,751.542,464.481,287.061,269,262.642,6.35763,8.40777,13367.8,2999.18,-0.00538617,0.198865
dish_1565035802,noise0p16,heavy noise,69.2,261.662,192.462,250,326.864,76.8637,7.4081,13549.3,2870.47,-0.00442958,0.211295
dish_1558641253,noise0p16,heavy noise,116.71,178.79,62.0799,110,127.858,17.8578,8.94191,13815.3,2972.69,0.00199676,0.226625
dish_1560444967,noise0p16,heavy noise,197.378,313.543,116.165,252,315.637,63.6374,8.03211,13434.9,2920.57,0.000302434,0.189413
dish_1559233570,noise0p16,heavy noise,16.83,166.845,150.015,51,136.277,85.2769,7.73371,13555.9,2932.64,0.000640869,0.207686
dish_1565034661,noise0p16,heavy noise,219.813,266.747,46.9333,146,243.647,97.6471,7.26332,13066.4,2768.81,0.00750184,0.174203
dish_1561663541,noise0p16,heavy noise,124.32,214.634,90.3141,112,125.537,13.5365,6.63693,13757.9,2959.83,0.00988913,0.268033
dish_1557937715,noise0p16,heavy noise,20.67,195.814,175.144,39,182.524,143.524,8.14761,13818.8,2882.63,0.00426865,0.266676
dish_1566838407,noise0p16,heavy noise,358.948,400.835,41.8869,558,417.622,140.378,7.75369,12964.7,2761.84,0.00750184,0.183808
dish_1562691000,noise0p16,heavy noise,326.622,400.136,73.5147,349,407.444,58.4436,7.41502,13690.1,2930.19,-0.00541353,0.222017
dish_1564427406,noise0p16,heavy noise,305.37,316.514,11.1444,135,189.74,54.7397,9.03694,12708.8,2924.26,0.0118443,0.138245
dish_1561662814,noise0p16,heavy noise,23.2435,138.536,115.293,20,123.647,103.647,8.15204,13822.2,3001.23,0.00381505,0.225576
dish_1565638478,noise0p16,heavy noise,47.6158,130.544,82.9285,91,155.177,64.1768,9.2328,13515.8,2912.31,0.00142431,0.19226
dish_1562690917,noise0p16,heavy noise,69.0617,175.842,106.781,122,264.439,142.439,7.3319,13642.8,2890.49,-0.000550449,0.214126
dish_1558549806,noise0p16,heavy noise,781.958,572.797,209.161,203,259.046,56.0463,10.2135,12227.4,2854.84,-0.00509775,0.162903
dish_1561578839,noise0p16,heavy noise,362.155,371.135,8.98069,214,265.07,51.0698,7.21696,12387,2855.39,0.00160837,0.117712
dish_1558376984,noise0p16,heavy noise,671.678,418.258,253.42,350,329.916,20.0843,7.93925,13160.8,3000.37,-0.0125753,0.167633
dish_1563996509,noise0p16,heavy noise,365.185,418.968,53.7831,316,388.167,72.1668,7.82279,13274.5,2950.13,-0.00323975,0.16083
dish_1558110436,noise0p16,heavy noise,85.629,142.066,56.437,69,74.7088,5.70877,6.8189,13728.7,2986.87,-0.0128247,0.226574
dish_1564686966,noise0p16,heavy noise,153.205,248.408,95.2034,65,156.944,91.9443,8.24067,13727.7,2917.53,-0.00465029,0.258962
dish_1562099053,noise0p16,heavy noise,98.383,171.704,73.3214,37,140.141,103.141,8.80751,14222.8,2960.58,-0.00379735,0.29869
dish_1563208459,noise0p16,heavy noise,186.486,249.366,62.8804,161,279.947,118.947,7.36173,13220.6,2835.73,0.00673521,0.167345
dish_1566850031,noise0p16,heavy noise,616.772,535.943,80.8293,662,441.334,220.666,8.46525,13025.6,2912.61,-0.000603914,0.193993
dish_1565711527,noise0p16,heavy noise,484.807,533.886,49.0786,302,368.544,66.5439,7.36744,13461.7,2866.65,-0.000675142,0.215905
dish_1562703382,noise0p16,heavy noise,203.87,283.27,79.4001,145,279.408,134.408,7.85098,13287,2779.97,-0.00488484,0.19694
dish_1566502437,noise0p16,heavy noise,74.564,154.028,79.4642,64,232.953,168.953,9.12362,13307.3,2846.93,-0.00567895,0.175967
dish_1561662842,noise0p16,heavy noise,263.125,329.376,66.2506,172,234.667,62.6672,7.91184,13393.5,2969.81,0.00615084,0.186251
dish_1562691032,noise0p16,heavy noise,419.682,455.188,35.5065,415,437.195,22.1948,7.0812,13600.2,2930.54,-0.00737286,0.207394
dish_1565974409,noise0p16,heavy noise,688.65,353.424,335.226,228,224.566,3.43374,7.46504,13247.4,2809.29,0.0148641,0.20524
dish_1558372948,noise0p16,heavy noise,687.939,362.364,325.575,119,137.745,18.7445,7.62034,13629.1,2997.82,-0.0119094,0.198833
dish_1560367980,noise0p16,heavy noise,421.465,297.125,124.34,254,262.718,8.71793,7.6022,12845.3,2927.51,0.00205112,0.13433
dish_1560444914,noise0p16,heavy noise,62.34,128.458,66.1183,166,157.167,8.8335,8.40531,13615.4,2905.95,0.000789881,0.206163
dish_1557937335,noise0p16,heavy noise,47.158,52.2423,5.08425,38,59.3702,21.3702,7.91806,13885.6,2908.59,0.00386429,0.255674
dish_1563221157,noise0p16,heavy noise,418.152,546.777,128.625,352,433.493,81.4934,6.76082,12519.4,2789.81,0.00883842,0.123558
dish_1560526447,noise0p16,heavy noise,88.5928,143.819,55.2258,70,161.142,91.1419,8.128,13163.2,2872.81,-0.010832,0.15783
dish_1562774159,noise0p16,heavy noise,90.7635,210.679,119.915,129,233.056,104.056,7.28964,13136.2,2797.24,-0.00655681,0.170493
dish_1563998210,noise0p16,heavy noise,148.089,251.095,103.005,91,227.995,136.995,9.42355,14401.2,2970.59,-0.0029906,0.361487
dish_1565711498,noise0p16,heavy noise,246.827,349.318,102.49,229,263.115,34.115,7.72348,13741.1,2888.69,-0.00236934,0.251382
dish_1561663606,noise0p16,heavy noise,474.503,456.817,17.686,347,348.368,1.36828,7.8905,13639.7,2975.37,0.00750577,0.2331
dish_1558114086,noise0p16,heavy noise,74.36,129.917,55.5572,143,174.159,31.1587,7.17096,13795.5,2995.97,-0.00872493,0.225763
dish_1558630288,noise0p16,heavy noise,7.106,75.0902,67.9842,11,60.1136,49.1136,7.57047,13569.5,2969.3,-0.00410134,0.201019
dish_1563984167,noise0p16,heavy noise,291.68,304.652,12.9723,608,399.495,208.505,8.52298,13968.2,2932.73,-0.00500983,0.272355
dish_1566416701,noise0p16,heavy noise,198.537,275.127,76.5894,122,240.391,118.391,7.87325,13935.7,2991.94,-0.00643569,0.235755
dish_1560801797,noise0p16,heavy noise,25.6557,105.795,80.1393,96,114.241,18.2414,8.22218,12985.7,2767.56,-0.000610948,0.145009
dish_1562172643,noise0p16,heavy noise,734.27,494.832,239.438,457,354.065,102.935,8.73101,12743.4,2773.54,-0.0064497,0.146816
dish_1565117463,noise0p16,heavy noise,435.313,526.62,91.3068,248,345.407,97.4073,8.25047,13928.9,3083.92,0.00019455,0.229744
dish_1561741063,noise0p16,heavy noise,132.3,141.472,9.17157,135,151.456,16.4559,7.63647,14248,3069.51,0.0127484,0.302726
dish_1568401233,noise0p16,heavy noise,490.393,456.664,33.7297,418,372.621,45.3788,8.02474,13688.3,2930.07,0.00535595,0.228321
dish_1565898432,noise0p16,heavy noise,450.225,434.568,15.657,282,372.268,90.2682,7.72378,12765.2,2891.99,-0.000682652,0.148186
dish_1565035746,phone,phone imitation,43.1,105.343,62.2428,149,221.32,72.3205,7.70951,5.84749,48.9891,0.189533,0.00449894
dish_1558639818,phone,phone imitation,20.06,30.1387,10.0787,59,102.589,43.5891,7.36456,6.94656,66.2735,-0.041653,0.00745395
dish_1558549605,phone,phone imitation,97.5,130.988,33.4877,75,101.46,26.4599,8.03646,7.8498,70.0014,-0.0383429,0.00864372
dish_1561663580,phone,phone imitation,432.063,416.568,15.4951,307,268.806,38.1938,7.51555,10.9861,87.1017,-0.0201224,0.00419229
dish_1565898402,phone,phone imitation,384.799,366.503,18.2958,229,249.772,20.7721,7.13005,9.363,90.6519,-0.0204464,0.00436881
dish_1566328724,phone,phone imitation,275.55,315.508,39.958,167,194.144,27.1437,7.47809,9.46183,87.4439,0.00803351,0.00839552
dish_1566838351,phone,phone imitation,190.01,220.25,30.24,417,381.808,35.1917,7.97734,6.92435,63.7418,-0.0554692,0.00283099
dish_1567107839,phone,phone imitation,174.284,261.07,86.7853,156,171.303,15.303,7.39643,8.17309,75.9613,0.155134,0.00329219
dish_1558639787,phone,phone imitation,24.75,159.949,135.199,99,165.775,66.7753,7.16865,8.53607,79.6634,-0.00494009,0.0070178
dish_1562788601,phone,phone imitation,413.17,503.561,90.3913,287,393.921,106.921,7.73316,7.37976,61.7701,0.184339,0.003383
dish_1560456326,phone,phone imitation,206.873,222.514,15.6414,138,174.822,36.8217,9.3132,9.24119,87.5146,0.0572735,0.00270436
dish_1564427430,phone,phone imitation,345.62,293.673,51.9467,170,249.46,79.4602,8.86202,16.3302,147.61,0.0322835,0.00652847
dish_1565896662,phone,phone imitation,19.38,35.5583,16.1783,57,66.6093,9.60934,6.73426,8.52944,83.7882,-0.130676,0.00294472
dish_1566414342,phone,phone imitation,846.367,560.018,286.349,552,488.791,63.209,7.02262,11.5654,97.5329,0.028674,0.00303822
dish_1562617703,phone,phone imitation,179.63,108.329,71.301,110,54.6938,55.3062,8.13184,6.88254,59.8906,0.109127,0.00384678
dish_1565020926,phone,phone imitation,398.496,411.367,12.8713,489,461.006,27.9939,7.81356,8.80331,77.5226,0.108634,0.00215088
dish_1564689168,phone,phone imitation,352.947,417.01,64.0633,339,372.987,33.9869,7.09513,13.6387,131.083,0.0255566,0.00309736
dish_1560456348,phone,phone imitation,210.283,186.621,23.6621,149,200.1,51.1003,9.36691,11.8413,113.759,0.0241036,0.00334892
dish_1558641287,phone,phone imitation,11.52,-1.80129,13.3213,64,67.24,3.23999,7.27196,8.06844,79.1833,-0.0549852,0.00678325
dish_1558373008,phone,phone imitation,251.558,246.429,5.12886,73,37.8125,35.1875,7.40691,9.39641,91.6612,-0.0860563,0.00668612
dish_1561577947,phone,phone imitation,623.204,455.086,168.118,424,359.075,64.9249,7.35694,25.8188,266.431,0.063423,0.00446091
dish_1558639440,phone,phone imitation,60.32,86.7245,26.4045,116,159.55,43.5497,7.54205,7.26346,69.3333,-0.0136284,0.00567403
dish_1565894889,phone,phone imitation,257.813,241.52,16.2934,74,55.5731,18.4269,6.93952,5.74823,55.1097,-0.077404,0.00424392
dish_1561147944,phone,phone imitation,42.371,82.4499,40.0789,34,85.3559,51.3559,7.21605,9.37345,83.8161,-0.0306407,0.00321908
dish_1557937079,phone,phone imitation,146.07,221.615,75.5446,27,25.7141,1.28589,9.26964,8.21451,70.0693,0.0638769,0.00423609
dish_1558641320,phone,phone imitation,211.59,217.454,5.86389,336,366.404,30.4044,8.41397,10.227,90.8755,0.000774384,0.00610717
dish_1567007848,phone,phone imitation,100.3,203.118,102.818,243,333.161,90.161,7.3605,6.86939,58.3086,0.114446,0.00299425
dish_1565810969,phone,phone imitation,4.6,180.096,175.496,20,213.626,193.626,9.85225,12.9582,125.475,0.0330703,0.00218945
dish_1562168800,phone,phone imitation,237.525,250.474,12.9496,242,334.397,92.3972,6.89025,10.1029,94.8874,0.0937126,0.00243415
dish_1564687046,phone,phone imitation,374.794,359.321,15.4729,308,280.218,27.7824,10.4541,12.1776,115.279,0.0044651,0.00199438
dish_1563221054,phone,phone imitation,298.878,328.547,29.6699,170,186.827,16.8273,6.61482,13.4709,124.49,-0.0389853,0.00262762
dish_1565898361,phone,phone imitation,370.671,441.551,70.8798,202,249.637,47.6372,6.65236,7.91791,75.0695,-0.0171544,0.00476422
dish_1560367926,phone,phone imitation,408.523,437.824,29.301,194,240.264,46.264,6.32378,10.5757,107.253,0.0353241,0.00327152
dish_1560444869,phone,phone imitation,14.04,88.1298,74.0898,39,108.878,69.8775,10.6447,6.38809,54.8985,0.118392,0.00932665
dish_1559850283,phone,phone imitation,271.707,219.632,52.0746,47,49.5462,2.54622,7.62877,6.0856,59.5939,-0.0429597,0.00340165
dish_1566502505,phone,phone imitation,454.517,521.223,66.7053,275,335.003,60.0029,7.49354,10.8169,101.285,0.162914,0.00263351
dish_1565811091,phone,phone imitation,504.4,442.955,61.4453,371,466.591,95.5913,8.76662,25.9196,239.109,0.0450273,0.00463376
dish_1561739265,phone,phone imitation,292.04,360.487,68.4468,308,400.115,92.1149,6.92581,10.8337,103.254,-0.00261122,0.00184862
dish_1558373159,phone,phone imitation,1013.34,575.075,438.262,334,314.705,19.2952,8.29987,13.0106,129.526,-0.0722948,0.00587292
dish_1565035830,phone,phone imitation,340.128,520.153,180.025,414,508.266,94.2662,7.85285,15.7702,150.337,0.127236,0.00289487
dish_1562788568,phone,phone imitation,289.203,412.869,123.666,230,325.355,95.3548,6.82937,7.23447,61.3954,0.193353,0.00323933
dish_1558376483,phone,phone imitation,735.03,581.746,153.284,270,308.65,38.65,8.13084,14.9621,144.064,-0.0373095,0.00444506
dish_1561739160,phone,phone imitation,34.77,22.3457,12.4243,61,63.559,2.55895,7.74815,6.71159,63.1997,0.0348816,0.00225847
dish_1558549773,phone,phone imitation,2.3,-31.0554,33.3554,10,-20.9604,30.9604,5.86093,7.75165,76.8242,-0.0646096,0.0058411
dish_1561574394,phone,phone imitation,61.5024,153.388,91.8858,82,157.285,75.2853,7.06804,14.7538,140.847,0.0189782,0.00414233
dish_1558461760,phone,phone imitation,10.98,-6.18326,17.1633,61,56.9856,4.01442,7.8218,8.5349,79.2544,-0.0549576,0.00707891
dish_1563909469,phone,phone imitation,72.4028,34.3218,38.0811,64,48.5947,15.4053,5.85941,9.784,89.089,0.0656867,0.00221061
dish_1558376938,phone,phone imitation,51.06,83.399,32.339,74,77.2576,3.25764,6.95206,10.277,101.233,-0.0746595,0.00658231
dish_1565986733,phone,phone imitation,387.929,458.28,70.3505,287,289.961,2.96149,6.23372,10.4451,95.704,-0.0606943,0.00283594
dish_1558639555,phone,phone imitation,156.049,207.972,51.9228,320,318.714,1.28573,8.17065,16.3251,160.969,0.0345702,0.00703523
dish_1558546558,phone,phone imitation,254.364,275.384,21.0203,44,29.9347,14.0653,7.77262,8.42592,87.4161,-0.040522,0.00618568
dish_1563984242,phone,phone imitation,402.117,504.529,102.412,753,684.503,68.4973,9.18932,9.04349,79.3483,0.158269,0.0041916
dish_1559849097,phone,phone imitation,495.928,289.595,206.333,325,324.379,0.620504,7.02855,7.82599,76.8609,-0.0438725,0.00435626
dish_1563566965,phone,phone imitation,370.827,418.388,47.5606,286,422.045,136.045,7.85183,14.9338,136.272,0.111891,0.00203035
dish_1566849895,phone,phone imitation,112.31,209.727,97.4168,153,184.491,31.4907,10.7963,10.7588,92.5309,-0.00863743,0.00478872
dish_1559157919,phone,phone imitation,37.0946,108.86,71.7658,39,88.9134,49.9134,7.88809,12.937,119.051,-0.00836879,0.00490615
dish_1558113477,phone,phone imitation,289.05,315.708,26.6581,50,74.3084,24.3084,7.63159,9.02719,87.5496,-0.142585,0.00699155
dish_1559238993,phone,phone imitation,61.56,67.6488,6.08877,108,141.046,33.0459,7.57646,8.93711,87.1623,-0.044302,0.00622094
dish_1562788506,phone,phone imitation,114.588,117.014,2.42634,108,113.222,5.2219,7.22554,3.86963,32.4388,0.325125,0.00592259
dish_1562774129,phone,phone imitation,73.0835,113.513,40.4292,77,132.931,55.9315,6.51489,8.24578,74.3553,0.163658,0.00273108
dish_1559578551,phone,phone imitation,124.43,218.038,93.6076,23,49.9579,26.9579,8.59572,8.00181,71.6147,-0.0526767,0.0037974
dish_1562788536,phone,phone imitation,245.132,323.721,78.5893,190,249.256,59.2561,7.07156,6.73507,56.4407,0.184494,0.00340661
dish_1559233756,phone,phone imitation,189.85,307.611,117.761,222,226.885,4.88531,8.01543,11.3426,105.391,-0.0376143,0.00690698
dish_1564428181,phone,phone imitation,510.051,473.995,36.0554,320,326.417,6.41739,6.78314,20.0845,190.634,-0.0374509,0.00428112
dish_1565118729,phone,phone imitation,435.493,434.478,1.0157,248,209.991,38.0094,8.41895,8.43939,76.572,0.219109,0.00205012
dish_1568305225,phone,phone imitation,428.668,456.487,27.8193,144,230.594,86.5938,8.96666,10.3321,94.514,0.0286517,0.00295687
dish_1566414291,phone,phone imitation,345.142,424.483,79.3408,244,379.319,135.319,7.79053,10.1016,87.7625,-0.0404402,0.00229242
dish_1561661347,phone,phone imitation,50.67,228.99,178.32,132,239.182,107.182,8.53666,12.3527,106.555,-0.00109392,0.00304442
dish_1566501575,phone,phone imitation,251.694,464.947,213.253,54,386.257,332.257,7.90789,13.504,120.746,0.0838298,0.00682705
dish_1563218408,phone,phone imitation,245.34,301.323,55.9835,87,183.988,96.9882,9.20012,14.0557,126.957,0.00795257,0.00324642
dish_1561661377,phone,phone imitation,306.334,442.995,136.661,294,398.944,104.944,7.18231,12.7465,106.799,-0.0173016,0.00286505
dish_1558639876,phone,phone imitation,68.18,267.456,199.276,215,293.698,78.6982,10.4249,20.4039,210.039,0.00701892,0.00740017
dish_1566849862,phone,phone imitation,77.05,154.881,77.8314,67,64.604,2.39605,9.98467,8.88018,84.7043,0.0143278,0.0037589
dish_1566502573,phone,phone imitation,821.51,575.297,246.214,487,524.083,37.0827,7.05069,13.29,123.027,0.160577,0.00349366
dish_1562009810,phone,phone imitation,119.88,130.685,10.8051,108,59.6136,48.3864,9.30454,8.83714,70.3695,0.121222,0.00569451
dish_1564675411,phone,phone imitation,235.531,448.046,212.515,308,464.236,156.236,7.50138,9.63646,94.8478,0.00767624,0.00380296
dish_1560203424,phone,phone imitation,451.754,346.11,105.644,138,166.359,28.3593,9.01184,10.3383,93.0491,0.0976539,0.00495704
dish_1562790824,phone,phone imitation,437.072,502.506,65.4339,368,368.408,0.408203,8.09488,10.5051,91.734,0.171751,0.00368442
dish_1558030289,phone,phone imitation,38.52,6.82721,31.6928,107,181.885,74.8849,7.81746,7.05818,69.081,-0.154349,0.00913496
dish_1560444985,phone,phone imitation,198.938,335.935,136.998,264,418.288,154.288,7.46422,11.0833,99.7254,0.0836736,0.00562039
dish_1563984140,phone,phone imitation,245.44,308.449,63.009,472,314.447,157.553,8.08199,6.56331,54.4399,0.218562,0.00406786
dish_1561662160,phone,phone imitation,41.8383,72.0919,30.2535,36,62.9747,26.9747,7.6993,7.98332,74.2652,0.0224072,0.00236074
dish_1558641164,phone,phone imitation,80.08,86.0418,5.96184,154,151.182,2.81813,7.07659,7.27128,68.5569,-0.0671791,0.00788598
dish_1558110335,phone,phone imitation,37.87,94.3144,56.4444,7,39.4057,32.4057,6.58848,8.12558,80.2765,-0.150932,0.00804927
dish_1565811061,phone,phone imitation,380.32,388.157,7.83679,324,427.007,103.007,10.3773,20.0845,179.406,0.0260996,0.0031979
dish_1559844490,phone,phone imitation,108.36,183.125,74.7651,180,247.281,67.281,7.30605,7.30888,67.8585,-0.0608096,0.0041918
dish_1562786103,phone,phone imitation,93.081,167.991,74.91,57,84.4427,27.4427,8.541,5.61142,49.3814,0.242455,0.00294417
dish_1563897087,phone,phone imitation,102.44,241.146,138.706,231,222.314,8.68613,7.90303,6.66668,58.0898,0.18312,0.00273928
dish_1566590007,phone,phone imitation,740.762,607.831,132.931,457,446.508,10.4923,7.70387,11.6377,102.098,-0.0575723,0.00217663
dish_1560975517,phone,phone imitation,42.39,240.027,197.637,99,202.614,103.614,7.28932,11.2238,93.1025,0.00100768,0.00633203
dish_1557936645,phone,phone imitation,11.88,8.51529,3.36471,36,78.9457,42.9457,6.9629,7.51543,66.2682,0.0636921,0.00385104
dish_1565020796,phone,phone imitation,90.6,225.127,134.527,99,148.218,49.2184,9.19189,6.87889,61.2156,0.136368,0.00366813
dish_1559578579,phone,phone imitation,142.58,268.349,125.769,78,144.287,66.2875,8.58113,10.6035,97.8725,-0.0306349,0.00334181
dish_1557862783,phone,phone imitation,442.98,591.67,148.69,258,413.725,155.725,8.44758,12.334,93.1079,0.0423967,0.0040539
dish_1560975601,phone,phone imitation,233.936,539.425,305.49,253,458.069,205.069,6.64577,16.3722,144.14,0.0346836,0.00411665
dish_1560367952,phone,phone imitation,414.733,355.253,59.4803,221,320.95,99.9498,8.0912,14.2093,137.008,0.0581957,0.00264809
dish_1563565454,phone,phone imitation,350.789,436.117,85.3286,322,396.193,74.1925,6.91583,10.7365,98.0304,0.161677,0.00268053
dish_1562703408,phone,phone imitation,311.209,398.592,87.3831,196,278.422,82.4219,7.30591,7.13611,62.2231,0.100593,0.00218747
dish_1564689138,phone,phone imitation,268.267,252.256,16.0111,223,212.196,10.8036,6.6748,11.598,110.818,0.0190938,0.0030474
dish_1563221086,phone,phone imitation,328.278,475.307,147.029,254,333.676,79.6759,6.57692,14.1288,127.258,-0.0329168,0.00246582
dish_1567007814,phone,phone imitation,73,164.783,91.7831,152,286.372,134.372,7.27859,6.57392,56.0434,0.0926241,0.00354739
dish_1565896701,phone,phone imitation,294.473,371.928,77.4547,184,236.331,52.3315,7.58208,6.6536,59.5064,-0.0673272,0.00248745
dish_1557937615,phone,phone imitation,6.93,-48.0294,54.9594,21,83.1101,62.1101,6.70367,7.10325,62.3263,0.0821264,0.00453735
dish_1564427455,phone,phone imitation,354.26,283.267,70.9932,218,320.693,102.693,8.21073,15.3523,146.033,0.00783229,0.00594822
dish_1564588859,phone,phone imitation,183.586,277.152,93.566,257,250.833,6.16664,7.43057,7.46252,56.1228,0.134579,0.00487484
dish_1561577848,phone,phone imitation,413.348,480.52,67.1718,254,306.855,52.8546,7.59773,12.3483,124.449,-0.0196529,0.00366292
dish_1563389600,phone,phone imitation,451.428,331.317,120.111,264,306.676,42.6765,8.57355,11.4726,109.792,0.0475262,0.00465945
dish_1566316726,phone,phone imitation,409.523,440.817,31.2938,685,519.536,165.464,8.86371,8.23697,73.7871,-0.0130519,0.00368474
dish_1562776465,phone,phone imitation,173.432,291.304,117.872,212,262.423,50.4225,7.95776,8.20458,75.4522,0.178642,0.00283559
dish_1568401261,phone,phone imitation,530.393,532.576,2.18299,443,466.016,23.0155,8.41849,11.8566,97.3339,0.0724094,0.00454838
dish_1559841950,phone,phone imitation,11.2,119.166,107.966,32,125.025,93.0252,7.47848,5.48665,50.6588,-0.0415441,0.00424583
dish_1558375667,phone,phone imitation,687.939,404.142,283.797,119,97.9838,21.0162,7.81031,10.997,105.77,-0.0756587,0.00639588
dish_1558639482,phone,phone imitation,30.769,105.127,74.3584,29,91.3968,62.3968,8.66021,6.7521,63.4265,-0.00841361,0.00628574
dish_1566328805,phone,phone imitation,927.81,601.873,325.937,488,468.641,19.3589,7.96656,13.4456,133.579,0.0288712,0.00638127
dish_1558114145,phone,phone imitation,57.27,190.594,133.324,83,168.094,85.094,8.64324,9.39837,96.2862,-0.13858,0.00695308
dish_1562700593,phone,phone imitation,385.774,533.596,147.822,384,440.743,56.7435,8.08394,13.8225,126.916,0.0983499,0.00413815
dish_1557937574,phone,phone imitation,5.59,-6.61514,12.2051,13,84.5541,71.5541,6.42718,6.96271,61.8618,0.0492834,0.0044273
dish_1561661324,phone,phone imitation,33,201.983,168.983,75,164.046,89.0463,7.91971,9.18453,74.2791,-0.0362026,0.00532012
dish_1564588820,phone,phone imitation,81.12,102.556,21.4359,156,180.369,24.3688,8.29399,5.51916,41.9833,0.169271,0.00588924
dish_1566414225,phone,phone imitation,125.182,250.276,125.094,88,191.601,103.601,6.24917,7.82891,72.023,-0.0242344,0.00266676
dish_1568305257,phone,phone imitation,837.148,559.534,277.613,420,410.23,9.76972,6.96308,12.0941,107.677,0.0538357,0.00439684
dish_1564773826,phone,phone imitation,10.08,11.5089,1.42893,56,45.276,10.724,8.17885,6.12696,60.541,0.0197657,0.00465629
dish_1562700496,phone,phone imitation,31,47.0597,16.0597,124,92.3225,31.6775,8.58347,6.16191,54.833,0.172747,0.0115094
dish_1566850099,phone,phone imitation,113.058,131.913,18.8546,112,148.466,36.4656,6.67375,7.60949,66.1261,0.0333084,0.00265397
dish_1560975628,phone,phone imitation,348.273,575.041,226.769,296,432.988,136.988,7.12898,16.5993,145.599,-4.57168e-05,0.00427254
dish_1558461431,phone,phone imitation,1.15,-71.7075,72.8575,5,-47.5546,52.5546,7.02683,10.3289,96.0591,-0.0577024,0.00638651
dish_1558635618,phone,phone imitation,220.254,338.541,118.287,334,391.207,57.2068,9.64175,23.6506,224.643,-0.0174628,0.00705332
dish_1561148021,phone,phone imitation,361.765,537.239,175.473,216,322.877,106.877,6.63439,16.041,148.753,-0.00870168,0.00342883
dish_1566328745,phone,phone imitation,282.03,312.013,29.9826,203,266.517,63.5175,7.82643,11.5578,112.298,0.00876236,0.00749678
dish_1558373074,phone,phone imitation,73.84,59.9175,13.9225,142,130.55,11.45,8.55851,8.41126,73.0197,-0.0960093,0.00809948
dish_1561662869,phone,phone imitation,284.346,395.421,111.076,192,250.223,58.2232,7.63193,10.3594,94.7906,0.0787618,0.00478773
dish_1558544663,phone,phone imitation,141.44,262.778,121.338,208,182.59,25.4096,9.59326,8.80445,80.9929,-0.0459737,0.00824577
dish_1564588919,phone,phone imitation,335.944,367.284,31.3394,452,425.069,26.9312,7.75515,8.45328,68.1835,0.135629,0.00300183
dish_1563909580,phone,phone imitation,544.312,371.864,172.448,361,362.545,1.54484,9.21168,13.5877,118.989,0.0462295,0.0032457
dish_1565894858,phone,phone imitation,132.84,132.835,0.00473051,27,39.4095,12.4095,7.11486,4.98375,46.6727,-0.120047,0.00487208
dish_1564689078,phone,phone imitation,72.3608,25.5979,46.7628,55,40.2786,14.7214,8.28025,7.09653,69.3347,0.0214534,0.00341127
dish_1566414412,phone,phone imitation,920.12,566.75,353.371,658,491.666,166.334,6.50922,12.6189,110.502,0.00803471,0.00438072
dish_1566502537,phone,phone imitation,517.644,554.403,36.7591,315,399.35,84.3498,6.85159,11.8716,109.558,0.161709,0.00291875
dish_1558718587,phone,phone imitation,10.25,47.1596,36.9096,41,67.723,26.723,6.97885,7.37174,68.6745,-0.0426857,0.0082637
dish_1563551164,phone,phone imitation,339.756,415.593,75.8374,270,387.894,117.894,9.63111,7.27723,60.9693,0.215382,0.00303665
dish_1558720236,phone,phone imitation,887.823,483.971,403.853,407,362.503,44.4967,7.91977,13.3437,124.862,-0.0149155,0.00479029
dish_1562776497,phone,phone imitation,291.832,443.58,151.747,292,380.767,88.7665,7.42137,10.7807,104.52,0.140134,0.00345982
dish_1563565289,phone,phone imitation,93.368,217.256,123.888,88,191.553,103.553,7.88411,6.69025,58.2973,0.245914,0.00640196
dish_1559849412,phone,phone imitation,352.641,307.966,44.6752,61,66.2477,5.24775,8.00572,6.4083,63.4944,-0.0231826,0.00483448
dish_1559934477,phone,phone imitation,25.08,104.422,79.3423,57,126.291,69.2907,7.50749,10.85,93.1192,-0.0428121,0.00138797
dish_1557936599,phone,phone imitation,22.05,76.213,54.163,63,105.044,42.0438,7.1146,8.90541,77.6519,0.0538944,0.00396646
dish_1563565354,phone,phone imitation,272.315,448.63,176.315,193,316.068,123.068,7.20845,9.27888,79.5668,0.181467,0.0053714
dish_1561405411,phone,phone imitation,332.063,488.398,156.334,282,387.186,105.186,9.02297,15.3843,135.518,0.0714675,0.00304658
dish_1566502472,phone,phone imitation,132.919,201.628,68.7093,119,205.264,86.2637,6.83053,9.1466,84.1493,0.177536,0.00239338
dish_1566838317,phone,phone imitation,114.2,186.558,72.3577,284,317.804,33.8039,9.77472,6.70016,61.1378,-0.042145,0.00526744
dish_1565123881,phone,phone imitation,406.822,484.583,77.7614,515,417.221,97.7793,8.01877,18.2622,159.289,0.122912,0.00628098
dish_1563551134,phone,phone imitation,246.92,296.41,49.4903,173,255.708,82.7077,10.6726,6.68256,51.825,0.22506,0.00527576
dish_1558718906,phone,phone imitation,282.58,390.313,107.733,247,313.913,66.9127,9.0641,19.9616,196.094,-0.0276132,0.00721378
dish_1562963289,phone,phone imitation,349.918,382.459,32.5409,180,235.19,55.1902,6.31275,7.62631,66.5485,0.0512881,0.00408304
dish_1562790775,phone,phone imitation,75.6863,111.527,35.8407,40,112.892,72.8921,7.72995,8.05019,71.0026,0.14464,0.00454587
dish_1560801041,phone,phone imitation,432.244,528.618,96.3733,292,465.938,173.938,7.87299,18.4157,167.8,0.0326661,0.00355802
dish_1565123816,phone,phone imitation,250.917,91.7684,159.148,110,63.8462,46.1538,8.28712,5.10139,43.9261,0.196543,0.00779225
dish_1558031351,phone,phone imitation,12.3,-18.9509,31.2509,41,47.6748,6.67485,6.2415,7.51247,73.6737,-0.137742,0.00950674
dish_1559841979,phone,phone imitation,39.29,58.6433,19.3533,85,127.793,42.7931,6.74587,5.58686,50.7702,-0.0422992,0.0040489
dish_1560203400,phone,phone imitation,293.28,282.293,10.9867,104,116.965,12.965,8.58251,8.98413,79.5906,0.103263,0.00474046
dish_1563294987,phone,phone imitation,97.38,178.272,80.8922,18,73.996,55.996,6.4202,7.22726,65.6999,0.0306528,0.00511554
dish_1563208412,phone,phone imitation,62.4,156.954,94.5536,39,57.7793,18.7793,8.60408,6.50811,58.5688,-0.0906075,0.00588434
dish_1557862696,phone,phone imitation,19.25,160.088,140.838,77,179.516,102.516,10.7358,10.3051,63.7259,0.0619843,0.00549596
dish_1561739212,phone,phone imitation,134.01,275.305,141.295,214,338.367,124.367,7.24783,8.9484,86.5287,0.0265112,0.00186252
dish_1564675380,phone,phone imitation,87.331,197.315,109.984,23,79.2577,56.2577,7.81825,6.33781,60.5353,-0.0515124,0.00355027
dish_1564773903,phone,phone imitation,316.828,293.149,23.6789,336,340.268,4.26769,7.62519,8.21923,75.6899,0.0317086,0.00316486
dish_1558376768,phone,phone imitation,74.36,77.1698,2.80984,143,128.112,14.8878,7.82804,7.80924,72.0256,-0.0868309,0.00803895
dish_1563897047,phone,phone imitation,66.04,256.822,190.782,127,235.552,108.552,7.62133,6.21805,50.1063,0.104024,0.00478626
dish_1562172561,phone,phone imitation,150.8,197.576,46.7759,290,278.251,11.7493,9.26242,6.94935,56.0778,0.134714,0.00894297
dish_1563551194,phone,phone imitation,471.644,486.541,14.8973,400,455.043,55.0428,9.16571,8.71271,73.8529,0.201509,0.00303306
dish_1558113430,phone,phone imitation,7.84,128.727,120.887,28,102.089,74.0887,7.15328,10.9832,104.506,-0.134995,0.00609418
dish_1565035774,phone,phone imitation,57.5,133.491,75.9913,185,214.631,29.6312,6.81949,6.69029,57.7672,0.176169,0.00335343
dish_1563551105,phone,phone imitation,194.4,250.282,55.882,72,162.987,90.9868,9.57814,5.45472,42.886,0.274979,0.0056048
dish_1566850142,phone,phone imitation,464.951,562.807,97.8557,284,412.152,128.152,6.77515,9.89563,81.1865,0.025647,0.00257602
dish_1561574368,phone,phone imitation,22,84.0357,62.0357,50,88.7959,38.7959,7.4497,9.3964,86.3542,0.0385702,0.0040095
dish_1562085672,phone,phone imitation,122.084,253.742,131.658,46,179.991,133.991,9.66573,8.54927,67.7973,0.147421,0.00625787
dish_1560526472,phone,phone imitation,113.673,330.251,216.578,114,283.176,169.176,6.44958,11.823,107.6,0.0924673,0.00236738
dish_1566328776,phone,phone imitation,901.81,568.636,333.174,436,394.584,41.4156,7.65813,13.0673,129.14,0.031428,0.00648482
dish_1566501594,phone,phone imitation,508.049,482.963,25.0861,109,391.967,282.967,7.90391,12.4838,112.094,0.0785911,0.0064753
dish_1560368019,phone,phone imitation,436.966,467.832,30.8659,301,359.121,58.1213,7.15265,19.6316,196.906,0.0696502,0.00361104
dish_1561393764,phone,phone imitation,280.8,376.927,96.1267,182,204.967,22.9665,8.76658,12.2681,115.129,0.0211604,0.00242834
dish_1558641200,phone,phone imitation,3.28,-25.6198,28.8998,8,15.4403,7.44035,7.6376,7.12722,69.9268,-0.0259874,0.0072826
dish_1558639412,phone,phone imitation,32.98,23.6571,9.32288,97,54.7527,42.2473,7.12195,7.39319,70.2328,-0.0591931,0.00995461
dish_1565123783,phone,phone imitation,93.065,110.087,17.0224,35,48.5431,13.5431,9.05082,4.64244,40.3614,0.235444,0.0072338
dish_1559157777,phone,phone imitation,2.53,7.20839,4.67839,11,3.13344,7.86656,7.94434,10.1933,100.036,-0.032371,0.00530169
dish_1567785739,phone,phone imitation,168.576,345.059,176.483,177,294.695,117.695,8.32498,8.96376,80.8359,-0.0472304,0.00257232
dish_1564588889,phone,phone imitation,234.494,284.497,50.0021,346,351.801,5.80148,8.14716,7.74727,63.2672,0.126938,0.00302637
dish_1561667207,phone,phone imitation,249.445,343.749,94.3037,121,256.828,135.828,6.7812,8.05069,69.3926,0.0908428,0.00505898
dish_1559850314,phone,phone imitation,296.617,221.881,74.7364,100,77.5041,22.4959,6.94789,6.11916,59.1333,0.0128031,0.00329568
dish_1559233445,phone,phone imitation,24.5,5.05067,19.4493,49,65.1962,16.1962,6.38271,6.3631,58.0162,-0.060858,0.00813353
dish_1558030182,phone,phone imitation,67.76,99.8934,32.1335,88,95.76,7.75995,7.28917,7.4341,72.1583,-0.154118,0.00917631
dish_1567007719,phone,phone imitation,14.28,30.5298,16.2498,42,34.6337,7.36633,7.04352,5.27548,44.1266,0.068262,0.00601058
dish_1567785709,phone,phone imitation,131.251,204.929,73.6781,138,227.106,89.1059,7.71168,8.50709,76.9839,-0.0440192,0.00263294
dish_1558546434,phone,phone imitation,2.53,-58.6064,61.1364,11,-23.9386,34.9386,6.02401,8.69609,88.1689,-0.0537817,0.00529865
dish_1560801773,phone,phone imitation,13.5,93.0404,79.5404,54,88.904,34.904,8.29368,5.33911,44.3231,0.0599462,0.00477563
dish_1561662926,phone,phone imitation,288.336,402.585,114.25,213,314.816,101.816,7.29339,11.1735,103.483,0.070405,0.00346644
dish_1565035858,phone,phone imitation,375.228,591.908,216.68,531,608.447,77.4475,7.78697,12.7885,116.268,0.117618,0.00328701
dish_1565030391,phone,phone imitation,609.334,431.439,177.895,313,363.968,50.9676,6.95989,15.6328,133.541,0.0665815,0.00321139
dish_1562774099,phone,phone imitation,51.9935,47.7808,4.21269,40,49.4405,9.44054,6.74454,8.17837,73.3057,0.157949,0.00307257
dish_1560801020,phone,phone imitation,346.34,444.561,98.2211,250,398.738,148.738,6.5783,18.4757,168.323,0.0368081,0.00353658
dish_1562690886,phone,phone imitation,20.6117,40.6591,20.0474,37,29.2564,7.74358,6.53388,6.72662,61.9011,0.176263,0.00303866
dish_1564428144,phone,phone imitation,205.213,247.424,42.2112,171,161.696,9.30384,7.0555,9.15006,87.2286,-0.0667838,0.00475202
dish_1560456305,phone,phone imitation,26.3916,178.019,151.627,21,191.936,170.936,9.30955,6.95623,64.3856,0.0612346,0.00240204
dish_1565117429,phone,phone imitation,390.873,350.118,40.7546,147,162.255,15.2551,7.88291,9.73574,90.7928,0.161204,0.00433791
dish_1564773876,phone,phone imitation,258.328,152.255,106.072,219,171.44,47.5602,6.95184,8.06393,75.8767,0.0417246,0.00324245
dish_1560526552,phone,phone imitation,359.241,535.483,176.242,319,437.781,118.781,6.91107,14.5644,139.025,0.0851741,0.00299677
dish_1560526408,phone,phone imitation,67.0982,206.375,139.277,51,130.707,79.7067,7.61576,9.16929,83.0367,0.132276,0.00257323
dish_1562963325,phone,phone imitation,760.162,614.671,145.491,379,463.272,84.2716,6.59927,8.9874,75.9491,0.0542538,0.00364509
dish_1557937037,phone,phone imitation,25.97,77.1107,51.1407,49,122.736,73.7361,5.76433,7.87322,69.2172,0.0588893,0.00383035
dish_1561662216,phone,phone imitation,300.794,333.732,32.9379,193,246.66,53.6602,6.53359,10.8012,101.18,0.0439035,0.00195005
dish_1562099134,phone,phone imitation,271.641,215.846,55.795,188,161.693,26.3069,7.15585,6.93977,60.2705,0.0944899,0.00398664
dish_1562008936,phone,phone imitation,57.64,167.921,110.281,131,132.991,1.99136,6.79806,10.2334,85.7907,0.092424,0.00435252
dish_1565020867,phone,phone imitation,255.805,314.477,58.6721,325,359.317,34.3169,8.3888,7.30781,64.0366,0.134593,0.00172374
dish_1558720133,phone,phone imitation,14.25,8.31931,5.93069,57,56.3269,0.67305,7.99609,7.33387,70.3246,-0.0637087,0.00818436
dish_1561739238,phone,phone imitation,274.19,379.919,105.729,257,397.613,140.613,7.60484,9.92145,94.1397,0.00193095,0.00196324
dish_1565711570,phone,phone imitation,603.827,700.936,97.1084,324,416.537,92.5373,8.31101,11.6539,100.341,0.101716,0.00337582
dish_1562774206,phone,phone imitation,298.764,438.805,140.042,272,441.13,169.13,6.45143,10.0971,89.2482,0.114294,0.00311091
dish_1561148042,phone,phone imitation,370.755,500.113,129.358,245,347.035,102.035,7.2256,19.935,189.285,-0.0146105,0.00390561
dish_1560444931,phone,phone imitation,112.66,260.043,147.383,200,322.504,122.504,7.7204,8.93182,76.8802,0.0951753,0.00650112
dish_1558031302,phone,phone imitation,56.98,42.2748,14.7052,74,59.4687,14.5313,7.03767,7.66376,73.6165,-0.156309,0.011208
dish_1563566939,phone,phone imitation,286.027,379.243,93.2162,238,384.568,146.568,7.59303,14.1081,130.637,0.114787,0.00230727
dish_1566587102,phone,phone imitation,213.599,234.828,21.2287,146,122.34,23.6602,7.59067,6.59641,60.6788,-0.145974,0.00218262
dish_1561405332,phone,phone imitation,18.55,-7.20189,25.7519,53,11.6581,41.3419,7.51708,6.91174,66.5425,0.0956759,0.00349514
dish_1564687013,phone,phone imitation,330.841,387.221,56.3803,224,193.953,30.0468,7.82515,7.34626,66.6243,0.0147437,0.00214157
dish_1563996464,phone,phone imitation,100.489,192.15,91.6606,146,236.653,90.6534,8.45615,12.1109,102.099,0.122703,0.00277429
dish_1563998279,phone,phone imitation,565.005,465.043,99.9624,296,218.479,77.5211,8.47133,9.92024,82.7309,0.0981902,0.00360595
dish_1565020755,phone,phone imitation,43.28,118.937,75.6567,8,-5.73646,13.7365,7.7046,5.1727,44.3899,0.179256,0.00398331
dish_1557937758,phone,phone imitation,106.783,236.348,129.565,128,309.25,181.25,7.27391,8.51823,82.9986,0.0741206,0.00301733
dish_1559850338,phone,phone imitation,307.117,271.58,35.5369,130,166.39,36.3903,6.93171,7.09651,66.7701,-0.0018326,0.00328664
dish_1563305513,phone,phone imitation,606.252,386.093,220.159,228,190.164,37.8362,7.65306,6.84833,60.5285,0.0206951,0.00609564
dish_1563389548,phone,phone imitation,438.828,274.742,164.086,194,219.468,25.4681,9.74584,10.5785,105.213,0.0775936,0.00528322
dish_1565898128,phone,phone imitation,209.031,267.943,58.9126,134,209.3,75.2998,5.67874,6.36285,54.3374,-0.0846655,0.00478862
dish_1558549413,phone,phone imitation,682.158,440.811,241.347,118,119.658,1.65847,8.966,12.3274,123.111,-0.0349435,0.00617254
dish_1562703345,phone,phone imitation,154.28,319.676,165.396,58,173.078,115.078,6.29469,5.68826,49.4602,0.0944018,0.00369526
dish_1565030350,phone,phone imitation,62.5857,104.149,41.5631,62,122.649,60.6487,8.04926,8.00022,66.1765,0.0971972,0.00383792
dish_1562774180,phone,phone imitation,164.084,229.083,64.9996,181,293.037,112.037,6.78342,8.20118,72.842,0.171834,0.00282695
dish_1559239256,phone,phone imitation,60.16,59.552,0.608048,128,134.714,6.71415,8.62299,6.80321,59.2371,-0.033898,0.00790545
dish_1563566909,phone,phone imitation,222.53,321.032,98.5024,187,335.973,148.973,7.592,7.08239,63.3123,0.139905,0.00304869
dish_1563984199,phone,phone imitation,322.68,429.287,106.607,670,528.053,141.947,8.87974,7.68178,63.4435,0.16881,0.00408491
dish_1558722125,phone,phone imitation,497.166,421.633,75.5334,86,113.401,27.4008,9.07005,10.6816,113.585,-0.0463905,0.00627372
dish_1565123845,phone,phone imitation,268.662,67.9508,200.711,201,77.9647,123.035,7.77306,5.75331,49.8806,0.196764,0.00714557
dish_1562168696,phone,phone imitation,95.1148,125.34,30.2252,141,235.162,94.1624,7.52235,9.21016,84.8586,0.0811024,0.00261234
dish_1567785778,phone,phone imitation,303.508,373.054,69.5465,310,375.753,65.7527,7.95154,8.30382,73.267,-0.0134841,0.00275293
dish_1564687090,phone,phone imitation,498.019,452.558,45.4603,416,356.512,59.4885,10.6652,13.9276,132.9,0.00888407,0.00221494
dish_1563909507,phone,phone imitation,117.926,74.603,43.3226,151,162.549,11.5489,8.70473,12.3216,112.335,0.0748909,0.00222815
dish_1560526530,phone,phone imitation,245.281,410.776,165.495,242,390.932,148.932,7.37804,13.584,128.101,0.0704829,0.00265693
dish_1563295044,phone,phone imitation,241.975,377.104,135.129,158,262.844,104.844,6.57772,8.92931,85.22,0.0413505,0.0022653
dish_1559844272,phone,phone imitation,462.48,322.309,140.171,80,108.986,28.9857,7.91184,6.37246,60.878,-0.0320812,0.00334347
dish_1561578800,phone,phone imitation,338.355,320.169,18.1858,146,179.122,33.1224,7.26833,11.8792,116.747,0.0646968,0.0040172
dish_1562099157,phone,phone imitation,277.531,166.969,110.562,207,201.775,5.22493,7.04888,8.34855,77.2627,0.0862054,0.00356843
dish_1562703447,phone,phone imitation,384.426,212.58,171.846,259,142.548,116.452,7.11053,8.13894,67.8469,0.0796195,0.00351181
dish_1566587143,phone,phone imitation,354.399,377.527,23.1276,234,254.475,20.4748,8.33175,8.16516,76.9451,-0.10635,0.00178155
dish_1562618000,phone,phone imitation,685.994,400.393,285.601,448,379.395,68.6045,6.72477,21.1868,186.641,0.0506265,0.00354891
dish_1566851704,phone,phone imitation,461.16,563.73,102.569,348,445.771,97.7714,6.88113,14.6045,127.618,-0.0675715,0.0044127
dish_1566587182,phone,phone imitation,531.261,522.406,8.85487,377,429.156,52.1561,7.98023,11.0797,104.156,-0.0613899,0.00184284
dish_1558718680,phone,phone imitation,132.963,306.828,173.865,23,27.3304,4.33039,7.81396,8.74472,88.6686,-0.0373296,0.00594605
dish_1563898019,phone,phone imitation,343.977,423.708,79.7302,237,227.624,9.37625,8.41428,7.69011,58.5865,0.170062,0.00462289
dish_1558718610,phone,phone imitation,113.527,132.228,18.7013,107,103.929,3.07109,8.45281,7.47555,66.9912,-0.0801429,0.0098233
dish_1565894910,phone,phone imitation,537.113,459.269,77.8442,179,180.549,1.54947,9.2489,9.85908,99.3363,-0.0502344,0.00332779
dish_1561578865,phone,phone imitation,417.185,414.675,2.51056,246,294.106,48.1057,6.96969,18.2741,181.547,0.0413667,0.00543709
dish_1568401167,phone,phone imitation,426.36,433.754,7.39369,228,281.964,53.9644,8.16698,9.1785,76.7181,0.0679337,0.00618239
dish_1564689219,phone,phone imitation,506.847,474.629,32.218,474,466.782,7.21802,7.23791,14.6007,145.756,0.00867474,0.00262973
dish_1563984296,phone,phone imitation,436.337,630.871,194.534,871,733.924,137.076,9.69202,10.2512,97.9877,0.133447,0.00352398
dish_1558110478,phone,phone imitation,205.439,281.531,76.0919,161,241.543,80.543,7.06291,10.4966,108.84,-0.0960132,0.00672864
dish_1563295016,phone,phone imitation,127.88,231.749,103.869,79,135.772,56.7725,7.05042,7.53037,69.693,0.0448835,0.00285054
dish_1557861216,phone,phone imitation,0,45.7371,45.7371,1,26.2744,25.2744,8.24369,6.43177,43.6065,0.0487708,0.00362868
dish_1558376801,phone,phone imitation,4.2,-59.9532,64.1532,15,-63.1529,78.1529,6.9959,8.72998,81.8461,-0.0743986,0.00764731
dish_1561739188,phone,phone imitation,97.09,80.656,16.434,143,136.691,6.30909,7.87465,7.86026,75.6236,0.0447284,0.00184692
dish_1565020822,phone,phone imitation,180.565,352.146,171.581,193,250.302,57.3016,8.73111,7.74429,72.742,0.127093,0.00232074
dish_1561667238,phone,phone imitation,268.805,529.593,260.788,165,377.801,212.801,5.87024,13.7511,118.882,0.0539132,0.00441849
dish_1558114209,phone,phone imitation,30.6,86.2873,55.6873,90,125.033,35.0326,7.32747,7.43397,68.6973,-0.139293,0.00902897
dish_1561654392,phone,phone imitation,494.065,528.241,34.1751,282,312.093,30.0932,8.03189,13.1854,117.425,0.0716823,0.00280594
dish_1564160043,phone,phone imitation,245,299.397,54.3968,98,157.971,59.9713,8.59385,6.99536,53.4733,0.107207,0.00442288
dish_1558376364,phone,phone imitation,48.99,98.2437,49.2537,71,81.6185,10.6185,8.21602,10.1273,100.405,-0.0715568,0.00707084
dish_1566849987,phone,phone imitation,562.97,502.452,60.5182,540,400.396,139.604,8.62347,15.2499,139.828,0.00487697,0.00589789
dish_1563898107,phone,phone imitation,440.693,461.775,21.0818,424,373.61,50.3903,8.12973,9.45179,77.2112,0.120269,0.00270203
dish_1558635489,phone,phone imitation,78.514,110.319,31.8054,74,89.3933,15.3933,8.05831,7.59203,70.3012,-0.0575,0.00931852
dish_1566589933,phone,phone imitation,89.06,326.57,237.51,122,193.952,71.9521,6.90355,7.9408,71.8119,-0.112685,0.00326721
dish_1568401199,phone,phone imitation,459.643,465.479,5.83593,343,362.899,19.8993,8.35305,9.93444,81.7122,0.0936629,0.0029496
dish_1563898084,phone,phone imitation,419.493,468.941,49.4479,384,367.432,16.5679,7.49612,9.19361,74.3594,0.133117,0.00355714
dish_1565898158,phone,phone imitation,240.426,269.452,29.026,194,256.874,62.874,9.01829,10.4169,96.6891,-0.0431458,0.00314107
dish_1560368464,phone,phone imitation,349.45,325.011,24.4389,275,285.125,10.1247,7.53407,7.35159,65.4336,0.120168,0.00576365
dish_1565898230,phone,phone imitation,780.202,451.555,328.647,500,360.538,139.462,7.55356,12.322,106.602,-0.0234584,0.003036
dish_1566316757,phone,phone imitation,448.383,578.5,130.117,819,608.653,210.347,8.42154,9.63799,92.2805,-0.0176258,0.00373652
dish_1566849923,phone,phone imitation,127.97,267.715,139.745,240,251.6,11.5998,9.04773,10.0582,89.3559,0.0166011,0.00506699
dish_1562009934,phone,phone imitation,434.914,458.784,23.8693,369,382.797,13.7965,6.34048,15.2713,134.182,0.104452,0.00355308
dish_1560456370,phone,phone imitation,258.383,276.983,18.6,186,237.334,51.3336,9.48519,13.3269,123.812,0.0505475,0.00365118
dish_1561741090,phone,phone imitation,161.54,197.937,36.3969,221,207.191,13.8095,8.70097,8.27911,73.6306,-0.00891966,0.00284677
dish_1565811000,phone,phone imitation,342.85,618.089,275.239,225,487.554,262.554,8.9682,12.7262,123.074,0.044189,0.0039433
dish_1560444892,phone,phone imitation,39.54,94.5852,55.0452,90,90.7646,0.764624,9.18133,6.713,55.7619,0.179425,0.0091088
dish_1563565508,phone,phone imitation,403.862,408.199,4.33735,387,447.658,60.6581,7.1972,12.8066,116.334,0.157951,0.00295054
dish_1556575327,phone,phone imitation,103.3,191.343,88.0433,152,191.424,39.4239,8.72798,12.3315,115.406,0.0224328,0.00373151
dish_1564428102,phone,phone imitation,133.22,151.279,18.0588,107,135.729,28.7288,7.64456,8.0749,76.7799,-0.0650315,0.00489348
dish_1558376306,phone,phone imitation,372.168,344.8,27.3684,108,129.285,21.2849,8.15,10.6697,102.658,-0.0888901,0.00578791
dish_1561654374,phone,phone imitation,326.356,364.806,38.4507,251,299.286,48.2856,8.05491,12.0282,106.704,0.0716984,0.00276545
dish_1566328831,phone,phone imitation,941.61,642.788,298.822,500,508.942,8.94216,8.47583,12.8515,126.972,0.027595,0.0049675
dish_1562168673,phone,phone imitation,56.3548,105.897,49.5419,73,148.11,75.1102,6.59614,8.43807,76.5571,0.0880519,0.00296997
dish_1558375886,phone,phone imitation,1050.51,623.64,426.872,277,335.46,58.4605,8.21872,14.9988,145.625,-0.0532091,0.00490234
dish_1564773976,phone,phone imitation,516.089,574.078,57.989,463,510.38,47.3798,8.13546,10.2394,93.0312,0.0330013,0.00303859
dish_1566851584,phone,phone imitation,286.295,261.37,24.9253,222,233.911,11.9106,6.88037,11.175,97.1419,-0.0841387,0.0049024
dish_1560800988,phone,phone imitation,314.866,447.23,132.364,230,395.883,165.883,6.86133,17.8784,161.411,0.0431155,0.00363918
dish_1559849497,phone,phone imitation,521.433,395.499,125.934,340,247.922,92.0776,7.24094,8.11049,78.0597,-0.0365298,0.00442847
dish_1562008979,phone,phone imitation,382.937,375.618,7.31831,290,272.383,17.6174,7.34014,14.6315,127.662,0.101102,0.00355751
dish_1560445004,phone,phone imitation,339.598,491.904,152.306,290,474.46,184.46,8.19939,12.0994,110.434,0.0637848,0.00447243
dish_1561662190,phone,phone imitation,117.318,239.24,121.922,104,206.282,102.282,8.09736,8.91899,79.6101,0.0232041,0.00195542
dish_1559844366,phone,phone imitation,529.22,416.865,112.355,192,292.992,100.992,6.73892,8.50228,80.617,-0.019608,0.0030443
dish_1563998244,phone,phone imitation,259.479,216.55,42.929,170,103.862,66.1375,7.54684,7.47582,61.8976,0.15211,0.00551019
dish_1566838378,phone,phone imitation,286.21,310.917,24.707,482,433.613,48.387,7.52188,8.43275,78.1925,-0.0218483,0.00316452
dish_1566851616,phone,phone imitation,300.779,344.989,44.21,248,274.692,26.6917,7.53947,11.6416,101.155,-0.0837891,0.00447208
dish_1565034605,phone,phone imitation,52.4912,60.1204,7.62918,52,80.5916,28.5916,5.62273,6.39627,54.8396,0.130969,0.00340057
dish_1558030435,phone,phone imitation,246.94,279.895,32.9554,221,297.894,76.8939,9.55964,10.4921,96.9509,-0.102188,0.00844907
dish_1558114284,phone,phone imitation,162.23,183.259,21.029,316,335.346,19.3458,7.65891,9.69269,98.5284,-0.109851,0.00705092
dish_1565638515,phone,phone imitation,198.971,276.588,77.6175,165,246.616,81.6163,7.69564,9.86673,95.0993,0.0803443,0.00206898
dish_1558376212,phone,phone imitation,300.612,337.043,36.4312,52,60.2563,8.25631,7.41909,9.69922,94.7441,-0.0851014,0.00689335
dish_1560975491,phone,phone imitation,37.84,203.862,166.022,86,185.196,99.1957,7.68717,10.3026,86.608,0.0306481,0.00737936
dish_1565035715,phone,phone imitation,15.6,162.276,146.676,39,136.486,97.486,10.0171,5.34082,48.0476,0.259406,0.00485789
dish_1558375833,phone,phone imitation,317.032,227.069,89.9626,92,56.2593,35.7407,7.13617,9.66746,96.6851,-0.0842507,0.00616753
dish_1561574428,phone,phone imitation,84.0024,206.366,122.364,172,261.534,89.5336,7.21195,18.7207,176.072,0.0388438,0.0049532
dish_1561147997,phone,phone imitation,185.18,310.321,125.141,133,189.925,56.9254,6.31414,13.3103,128.163,-0.0203596,0.00299073
dish_1565974375,phone,phone imitation,459.85,305.95,153.9,85,55.5401,29.4599,7.88018,7.5751,70.1781,-0.116655,0.00203777
dish_1560801829,phone,phone imitation,256.896,303.535,46.6396,178,189.148,11.1477,6.65589,10.1401,93.7848,0.0433308,0.00502158
dish_1561574848,phone,phone imitation,182.258,219.072,36.8141,155,213.224,58.2241,7.38148,16.0398,163.823,0.00720859,0.00373795
dish_1558722171,phone,phone imitation,24.25,54.4243,30.1743,97,70.1945,26.8055,7.59091,7.73641,71.7326,-0.0247919,0.00793083
dish_1559844323,phone,phone imitation,518.37,395.681,122.689,161,238.773,77.7726,6.77668,7.96526,77.6551,-0.0138826,0.00312159
dish_1568401302,phone,phone imitation,716.479,622.154,94.3256,561,523.66,37.3401,7.78404,12.4191,101.076,0.0438267,0.00453335
dish_1558461607,phone,phone imitation,87.63,174.476,86.8456,127,174.454,47.4536,8.33825,10.2875,98.8533,-0.0361409,0.00516009
dish_1558031394,phone,phone imitation,237.41,280.133,42.7232,318,403.037,85.0369,8.55695,11.2078,102.908,-0.0775685,0.00579882
dish_1562172600,phone,phone imitation,263.6,287.677,24.0767,370,385.383,15.3833,8.26118,8.61799,74.5274,0.107006,0.00401946
dish_1562790855,phone,phone imitation,739.376,624.562,114.814,507,439.351,67.6485,7.61369,11.2134,96.7305,0.124645,0.00397922
dish_1560526514,phone,phone imitation,183.253,387.22,203.968,224,375.615,151.615,7.39353,13.3096,124.681,0.0838234,0.00251638
dish_1558546663,phone,phone imitation,330.734,372.133,41.3991,197,252.743,55.7434,8.46695,10.7264,101.704,-0.0296305,0.00460605
dish_1560368570,phone,phone imitation,555.933,528.736,27.1969,452,405.502,46.4976,8.3822,12.7827,111.172,0.120734,0.00396426
dish_1565638550,phone,phone imitation,277.657,352.703,75.0463,215,304.901,89.9014,7.69116,10.6489,101.568,0.0825132,0.00204315
dish_1563897938,phone,phone imitation,54.1,45.2953,8.80467,10,3.86174,6.13826,7.98989,4.77467,40.3727,0.235969,0.00480362
dish_1558376734,phone,phone imitation,206.76,190.866,15.8943,60,23.862,36.138,7.8269,9.29394,90.0258,-0.0891595,0.00673117
dish_1567785622,phone,phone imitation,30.78,115.073,84.2927,54,138.651,84.6508,7.09427,6.27091,57.1156,-0.0526619,0.00355675
dish_1558639526,phone,phone imitation,31.98,85.7124,53.7324,78,103.983,25.9832,7.73573,7.58678,72.8355,-0.0511766,0.0064518
dish_1559849053,phone,phone imitation,381.528,238.992,142.536,125,140.468,15.468,6.52264,7.44678,73.3415,-0.0219397,0.0041957
dish_1558031237,phone,phone imitation,31.62,39.2408,7.62077,93,118.291,25.2907,7.70805,7.35444,71.75,-0.151526,0.00960703
dish_1564773847,phone,phone imitation,238.028,125.275,112.753,161,132.19,28.8101,7.70866,7.08241,66.2168,-0.0110754,0.00439973
dish_1566590056,phone,phone imitation,815.648,633.05,182.598,519,505.003,13.9965,6.9039,12.5556,108.553,-0.0561355,0.0055132
dish_1564773942,phone,phone imitation,491.94,553.45,61.5105,442,464.302,22.3023,8.02893,9.56354,86.7127,0.0302857,0.00343039
dish_1561393715,phone,phone imitation,17.15,11.0256,6.12436,49,31.241,17.759,7.51921,8.5564,79.0285,0.0357698,0.00284919
dish_1563897981,phone,phone imitation,243.54,344.086,100.546,138,174.287,36.2872,8.58254,5.80994,45.9564,0.201431,0.0054245
dish_1558545738,phone,phone imitation,73.84,118.226,44.3858,142,213.552,71.5516,8.05907,6.83532,66.3956,-0.0607815,0.00710839
dish_1558718649,phone,phone imitation,25.84,26.4805,0.640451,76,61.5599,14.4401,7.76163,7.20285,67.8099,-0.0363855,0.00905666
dish_1562690950,phone,phone imitation,109.062,147.974,38.9124,202,249.788,47.7876,6.63664,7.79781,72.1851,0.11716,0.00291725
dish_1564689108,phone,phone imitation,203.662,144.402,59.2605,159,123.467,35.5327,7.27013,9.66826,94.3527,0.0209982,0.00298945
dish_1561578775,phone,phone imitation,295.149,265.696,29.4526,111,81.2654,29.7346,6.97157,7.00632,71.1888,0.0717025,0.00430489
dish_1558110385,phone,phone imitation,52.87,57.4663,4.5963,34,61.5835,27.5835,7.17762,7.63623,68.2339,-0.152497,0.00885268
dish_1563998513,phone,phone imitation,757.505,639.962,117.543,599,479.564,119.436,8.18821,11.7042,100.748,0.1051,0.0043415
dish_1559844458,phone,phone imitation,55.89,76.4166,20.5266,81,86.7392,5.7392,7.38769,6.59389,60.8301,-0.0955274,0.00443874
dish_1566316681,phone,phone imitation,116.763,186.594,69.8312,122,141.312,19.3123,6.94961,6.45077,57.7898,-0.0271336,0.00315748
dish_1566851549,phone,phone imitation,226.015,220.66,5.35474,85,81.306,3.694,7.06849,7.2369,66.8815,-0.0810754,0.00640409
dish_1565034681,phone,phone imitation,323.553,319.73,3.82361,185,262.754,77.7535,7.56308,7.66014,64.1584,0.118683,0.00230511
dish_1558635523,phone,phone imitation,55.9,137.628,81.7282,43,83.4172,40.4172,8.68497,7.17503,64.0975,-0.0660999,0.0106084
dish_1559239369,phone,phone imitation,130.92,210.801,79.8814,276,313.344,37.3441,8.29602,12.7232,114.069,-0.0446064,0.00624982
dish_1566849955,phone,phone imitation,147.17,250.866,103.696,288,251.607,36.3932,8.32179,10.5342,94.872,0.0191004,0.0052485
dish_1559849537,phone,phone imitation,549.523,416.603,132.92,393,300.31,92.6904,7.52852,8.34557,79.6579,-0.0481834,0.00434394
dish_1562776428,phone,phone imitation,33.6998,98.0534,64.3536,66,127.182,61.1819,7.35736,7.44402,70.1839,0.194159,0.00323206
dish_1560800918,phone,phone imitation,70.8256,202.241,131.416,40,169.169,129.169,6.27364,13.5082,131.111,0.0417351,0.00277599
dish_1565898193,phone,phone imitation,291.914,312.714,20.7996,268,317.131,49.1315,7.14142,12.9408,118.419,-0.0349342,0.00277861
dish_1558376874,phone,phone imitation,335.298,299.053,36.2452,58,54.2084,3.79163,7.69675,9.39791,92.1503,-0.0902122,0.00654391
dish_1558630176,phone,phone imitation,73.84,122.875,49.0354,142,183.596,41.5961,7.5726,7.05951,66.7016,-0.071587,0.00793592
dish_1565034635,phone,phone imitation,124.089,161.651,37.5621,110,199.723,89.7229,6.44998,8.22264,72.1606,0.118929,0.00250034
dish_1561405356,phone,phone imitation,206.645,352.57,145.925,176,207.611,31.6108,7.69635,10.7098,100.289,0.0770919,0.00379098
dish_1557937427,phone,phone imitation,26.435,63.3738,36.9388,17,69.237,52.237,6.06542,6.99507,60.4916,0.0533322,0.00526825
dish_1563551220,phone,phone imitation,561.704,505.708,55.9957,558,552.465,5.53532,8.33379,9.5597,85.4768,0.160899,0.00224708
dish_1560368506,phone,phone imitation,462.934,513.889,50.9553,378,406.95,28.9504,7.91881,9.74115,88.4197,0.102209,0.00491169
dish_1566589967,phone,phone imitation,381.662,580.997,199.335,322,380.369,58.3689,6.94758,10.3409,91.1212,-0.0728971,0.00223163
dish_1560444948,phone,phone imitation,171.317,342.444,171.128,231,367.938,136.938,6.68102,11.4704,102.119,0.0879101,0.00579061
dish_1560975572,phone,phone imitation,96.99,364.543,267.553,159,339.62,180.62,7.09294,14.3177,124.299,0.0348806,0.00487279
dish_1558719994,phone,phone imitation,768.873,461.915,306.958,133,120.553,12.4474,9.07418,10.8792,112.609,-0.0289328,0.00587856
dish_1563208439,phone,phone imitation,92.61,183.617,91.0065,96,162.312,66.312,7.74357,7.32516,65.2661,-0.0637357,0.00384785
dish_1566920304,phone,phone imitation,296.4,279.078,17.3224,570,413.346,156.654,10.4708,7.26728,60.7987,-0.0447231,0.00485401
dish_1561393741,phone,phone imitation,188.83,179.662,9.16765,165,121.103,43.897,8.086,10.4248,95.2988,0.0169876,0.00258725
dish_1557862738,phone,phone imitation,319.78,324.128,4.34813,118,163.369,45.3695,9.41325,11.2273,73.995,0.0643094,0.00369395
dish_1559233627,phone,phone imitation,64.92,90.5219,25.6019,12,-13.4051,25.4051,7.29012,7.32104,70.6421,-0.0543094,0.00745365
dish_1565896745,phone,phone imitation,368.54,339.897,28.6435,244,276.467,32.4668,6.40237,15.0214,131.841,-0.030385,0.00247327
dish_1562099076,phone,phone imitation,110.181,136.445,26.264,61,71.8839,10.8839,9.21895,5.09711,44.8467,0.146962,0.00548443
dish_1562700568,phone,phone imitation,246.864,461.215,214.35,318,408.006,90.0056,7.15656,12.7597,113.468,0.0648892,0.00395027
dish_1566838286,phone,phone imitation,72.5,80.8558,8.35577,145,84.179,60.821,8.63103,5.24113,48.5044,-0.0923003,0.00891063
dish_1561147967,phone,phone imitation,177.98,303.186,125.206,85,141.349,56.3492,6.60143,11.5179,105.913,-0.0167363,0.00331141
dish_1563565415,phone,phone imitation,303.477,434.108,130.631,284,364.24,80.2399,7.52052,10.5549,94.448,0.154056,0.0035504
dish_1558722247,phone,phone imitation,604.616,468.352,136.264,343,329.982,13.0177,9.27376,12.7936,121.495,-3.75509e-05,0.00449751
dish_1566920365,phone,phone imitation,490.422,671.262,180.841,871,706.783,164.217,9.84776,11.6409,116.567,-0.0339342,0.00271385
dish_1561574815,phone,phone imitation,74.853,113.185,38.3317,89,135.303,46.3034,6.68532,15.888,156.655,-0.00510955,0.00348986
dish_1565118782,phone,phone imitation,557.522,530.277,27.2445,353,381.167,28.1667,7.32255,13.9342,117.915,0.132452,0.00352707
dish_1562168648,phone,phone imitation,41.5948,94.1989,52.6041,32,77.5969,45.5969,6.09878,8.48471,77.7793,0.0595318,0.00306149
dish_1563996485,phone,phone imitation,178.039,321.604,143.565,201,370.886,169.886,8.45318,12.8864,112.118,0.13192,0.00263816
dish_1567785654,phone,phone imitation,51.78,163.752,111.972,96,202.387,106.387,7.3247,6.66,59.0521,-0.0363092,0.00352438
dish_1558113941,phone,phone imitation,296.89,349.813,52.9229,78,111.942,33.9421,8.0897,13.176,126.593,-0.128058,0.00650809
dish_1557937157,phone,phone imitation,355.25,483.714,128.464,271,373.958,102.958,7.83521,11.7734,109.123,0.00514126,0.0026731
dish_1558719570,phone,phone imitation,74.36,98.4562,24.0962,143,165.577,22.5769,7.12952,7.0774,68.2128,-0.0770628,0.00846729
dish_1560367904,phone,phone imitation,76.0231,135.485,59.4621,69,86.0781,17.0781,6.56092,6.58741,58.6842,0.0392535,0.0045261
dish_1558375732,phone,phone imitation,45.54,58.7614,13.2214,66,84.5208,18.5208,7.14859,9.65499,93.7829,-0.0699908,0.00721754
dish_1565711453,phone,phone imitation,198.32,193.104,5.21598,134,153.036,19.0361,8.47864,6.21027,52.9517,0.182337,0.00784221
dish_1557862345,phone,phone imitation,103.95,211.95,108,63,114.33,51.3305,10.4368,10.8562,72.7721,0.081784,0.00495379
dish_1566851677,phone,phone imitation,354.774,499.915,145.142,296,397.186,101.186,6.49483,13.5606,117.384,-0.0780178,0.00452388
dish_1560368395,phone,phone imitation,49.32,46.3328,2.98722,137,162.095,25.0949,7.71623,5.46464,50.2357,0.136579,0.00594414
dish_1562876531,phone,phone imitation,66.0669,156.453,90.3862,85,171.872,86.8721,7.31482,7.30079,60.9982,-0.00646096,0.00363314
dish_1566920339,phone,phone imitation,449.532,503.681,54.1496,730,634.992,95.0083,9.31979,8.79033,78.6886,-0.0408582,0.00301443
dish_1558717604,phone,phone imitation,73.84,93.115,19.275,142,145.899,3.89944,6.25448,7.03369,65.6274,-0.0594301,0.00876547
dish_1561574456,phone,phone imitation,203.657,403.506,199.848,217,324.662,107.662,7.31036,20.0139,188.224,0.0274427,0.00501397
dish_1563478751,phone,phone imitation,950.395,539.459,410.936,545,338.068,206.932,9.6038,11.3138,103.204,0.131911,0.00224982
dish_1558376437,phone,phone imitation,13.26,-30.2648,43.5248,39,14.3695,24.6305,6.97426,7.63603,68.6489,-0.0915542,0.00828695
dish_1561654346,phone,phone imitation,79.1955,169.914,90.7189,84,126.14,42.1399,7.70368,9.57487,90.5328,0.0989211,0.00176137
dish_1559842047,phone,phone imitation,153.69,143.025,10.6648,285,240.851,44.1486,6.85249,6.12767,55.767,-0.0181486,0.00410077
dish_1562009894,phone,phone imitation,244.807,274.703,29.8955,200,250.386,50.3859,7.05654,12.5541,103.551,0.0732925,0.00271355
dish_1565118700,phone,phone imitation,16.66,12.7813,3.87869,49,36.7913,12.2087,6.43537,7.21828,66.766,0.201101,0.0028734
dish_1563221025,phone,phone imitation,245.446,231.298,14.1475,123,123.449,0.448833,6.07083,6.31644,57.1985,-0.0544499,0.00382556
dish_1558461692,phone,phone imitation,231.24,276.233,44.9929,40,43.5159,3.51592,7.62214,9.82252,90.6647,-0.0588803,0.00651597
dish_1558031133,phone,phone imitation,136.51,147.545,11.0349,110,97.0806,12.9194,7.09069,8.75002,88.7508,-0.135602,0.00770721
dish_1563565323,phone,phone imitation,229.53,344.757,115.227,152,236.153,84.1533,6.91358,8.35306,72.236,0.1875,0.00518449
dish_1562617939,phone,phone imitation,234.966,182.519,52.4471,133,147.211,14.2111,6.05791,7.34749,61.2305,0.162313,0.00344652
dish_1558722207,phone,phone imitation,83.2,13.7057,69.4943,160,140.044,19.9556,7.04941,6.62941,59.3549,-0.0352176,0.00707681
dish_1558635546,phone,phone imitation,60.84,103.965,43.1246,117,153.8,36.7999,7.85758,7.07612,67.7812,-0.0550618,0.0088198
dish_1558639849,phone,phone imitation,23.37,36.8117,13.4417,57,53.5693,3.43072,7.4987,7.21107,69.4646,-0.061552,0.00733093
dish_1565020895,phone,phone imitation,348.126,366.281,18.1547,416,383.556,32.444,8.08738,8.99899,78.6051,0.124129,0.00221951
dish_1562963246,phone,phone imitation,324.398,186.985,137.413,122,101.688,20.3121,5.72563,5.09588,47.3771,0.0562012,0.00437027
dish_1563909550,phone,phone imitation,310.32,283.767,26.5525,273,299.286,26.286,8.96277,11.2659,94.4135,0.0677664,0.00241099
dish_1563998323,phone,phone imitation,634.505,556.407,78.0984,574,401.505,172.495,8.48328,11.5289,99.3435,0.0979717,0.0045537
dish_1567007783,phone,phone imitation,50,117.533,67.5332,106,185.029,79.0294,6.59734,6.03837,51.8501,0.0971804,0.00357546
dish_1559849020,phone,phone imitation,46.23,54.2609,8.03089,67,89.6291,22.6291,7.40299,6.08208,55.5732,-0.0384106,0.00468258
dish_1557936555,phone,phone imitation,149.28,165.787,16.5072,96,106.538,10.5376,6.21652,7.76132,64.7293,0.0613165,0.00520415
dish_1562009006,phone,phone imitation,470.717,451.616,19.1009,323,363.255,40.2546,7.45101,14.8319,130.592,0.103275,0.00340934
dish_1559239151,phone,phone imitation,9.2,47.1379,37.9379,40,85.3302,45.3302,6.48683,10.6412,99.7949,-0.0538138,0.00601738
dish_1560526490,phone,phone imitation,141.673,291.57,149.897,170,291.485,121.485,7.6655,12.1682,110.742,0.0907824,0.0025795
dish_1565811139,phone,phone imitation,902.2,486.984,415.216,416,496.404,80.4038,8.84103,23.0759,212.377,0.0267236,0.0045218
dish_1558635400,phone,phone imitation,25,146.789,121.789,100,155.607,55.6069,8.29198,8.39221,78.1084,-0.0534097,0.00911921
dish_1558461792,phone,phone imitation,331,373.248,42.2475,233,250.277,17.2769,7.12699,14.2945,133.509,-0.0114352,0.00379313
dish_1565811025,phone,phone imitation,361.05,545.026,183.976,277,480.969,203.969,7.71636,21.4036,209.842,0.0377014,0.00386444
dish_1560800951,phone,phone imitation,102.826,338.911,236.085,168,334.27,166.27,6.30885,14.6058,139.31,0.0381609,0.00302896
dish_1559846688,phone,phone imitation,82.8325,103.461,20.629,73,105.316,32.3161,7.40252,7.49474,72.5918,-0.0448796,0.00524569
dish_1558630207,phone,phone imitation,670.596,380.082,290.514,116,112.443,3.55737,9.1253,9.86209,100.419,-0.0662197,0.00585536
dish_1559157454,phone,phone imitation,34.5646,25.3817,9.18287,28,12.9548,15.0452,6.06665,9.66528,88.7825,-0.022294,0.00589679
dish_1562876494,phone,phone imitation,40.1069,64.9464,24.8395,26,33.6055,7.6055,7.08196,5.53322,46.8652,-0.0129581,0.00575639
dish_1561574479,phone,phone imitation,363.614,487.026,123.412,293,410.967,117.967,6.97503,20.2347,191.094,0.0350745,0.00464259
dish_1561654326,phone,phone imitation,59.7926,119.619,59.8266,46,95.5966,49.5966,7.11553,8.19026,72.9545,0.121089,0.00258166
dish_1563996441,phone,phone imitation,80.2392,161.872,81.6326,65,130.673,65.6732,8.13861,11.2354,92.6992,0.153656,0.00249173
dish_1560801883,phone,phone imitation,512.111,566.989,54.8773,315,397.408,82.4079,6.18844,13.3123,120.632,0.0488942,0.00553932
dish_1560801859,phone,phone imitation,428.704,466.463,37.7583,262,298.064,36.064,6.39974,12.0085,112.189,0.0530534,0.00485389
dish_1562691064,phone,phone imitation,555.304,510.323,44.9807,501,477.159,23.8408,6.88768,9.96221,87.581,0.0845318,0.00429979
dish_1558030383,phone,phone imitation,140.66,202.777,62.1175,26,48.9701,22.9701,7.64666,8.59796,84.1271,-0.144304,0.00941611
dish_1563389626,phone,phone imitation,498.62,268.295,230.325,360,261.668,98.3316,10.1485,10.8917,94.9466,0.0488659,0.00480864
dish_1565898331,phone,phone imitation,155.993,221.716,65.7226,100,116.347,16.3474,7.01288,7.38718,67.6651,-0.135769,0.00345302
dish_1567007751,phone,phone imitation,39.93,127.647,87.7173,87,172.701,85.7007,7.01678,5.93513,51.0551,0.0783358,0.00419559
dish_1558720097,phone,phone imitation,30.34,90.6124,60.2724,74,82.8885,8.88855,7.13724,8.29517,83.3587,-0.0490671,0.00716043
dish_1558110297,phone,phone imitation,29.07,94.7129,65.6429,51,102.811,51.8114,6.95389,8.90331,88.4809,-0.13072,0.00684879
dish_1561574783,phone,phone imitation,29.6268,5.42796,24.1988,24,8.98939,15.0106,6.84358,10.5976,106.933,0.0415605,0.00341237
dish_1563220987,phone,phone imitation,224.988,176.265,48.7221,110,91.5446,18.4554,7.07407,5.74442,52.138,-0.0565808,0.00379607
dish_1568305198,phone,phone imitation,311.354,362.846,51.4922,82,119.355,37.3546,10.089,7.39077,67.551,0.0553269,0.00193168
dish_1561405389,phone,phone imitation,265.983,430.103,164.119,223,297.766,74.766,7.10507,13.8624,126.619,0.0669334,0.00256042
dish_1565638599,phone,phone imitation,368.698,449.003,80.3048,279,378.325,99.3253,7.86372,13.0647,118.617,0.0815802,0.00228654
dish_1565986702,phone,phone imitation,211.344,325.242,113.898,204,194.707,9.29309,5.98002,10.2172,96.3138,-0.0626559,0.00276004
dish_1559578599,phone,phone imitation,229.98,435.322,205.342,193,280.596,87.5956,7.43779,11.1985,105.719,-0.0276846,0.00350037
dish_1559233715,phone,phone imitation,83.6,82.4869,1.11308,110,55.9331,54.0669,7.17211,7.98834,72.2846,-0.0145498,0.00719446
dish_1559849466,phone,phone imitation,467.613,351.641,115.972,262,155.848,106.152,7.41752,7.26176,69.6623,-0.0256827,0.00506569
dish_1558630325,phone,phone imitation,751.542,428.42,323.122,269,286.818,17.818,8.27588,12.9769,121.144,-0.011463,0.00451949
dish_1565035802,phone,phone imitation,69.2,217.506,148.306,250,329.061,79.0607,6.34248,7.55274,67.3412,0.187376,0.00245449
dish_1558641253,phone,phone imitation,116.71,123.934,7.22441,110,99.2697,10.7303,8.56456,7.23574,66.1553,-0.0670594,0.00867177
dish_1560444967,phone,phone imitation,197.378,369.193,171.815,252,410.821,158.821,7.47951,11.2511,101.741,0.0876495,0.00552203
dish_1559233570,phone,phone imitation,16.83,74.1856,57.3556,51,85.3153,34.3153,7.42527,7.43218,73.8108,-0.056596,0.00643143
dish_1565034661,phone,phone imitation,219.813,286.445,66.6317,146,270.428,124.428,7.62612,7.94454,68.9973,0.0922542,0.00260396
dish_1561663541,phone,phone imitation,124.32,234.019,109.699,112,143.042,31.0423,7.59911,8.31705,67.8939,-0.0508366,0.00511035
dish_1557937715,phone,phone imitation,20.67,77.2344,56.5644,39,168.984,129.984,6.28183,7.46206,65.3909,0.0555829,0.0035774
dish_1566838407,phone,phone imitation,358.948,338.353,20.5946,558,460.117,97.8829,7.70462,8.96783,83.1096,-0.0294093,0.00279679
dish_1562691000,phone,phone imitation,326.622,396.909,70.2873,349,391.915,42.9154,6.44385,10.7246,96.7625,0.071442,0.00343101
dish_1564427406,phone,phone imitation,305.37,246.428,58.9422,135,210.14,75.1401,9.92538,17.9821,167.156,0.0135478,0.00662522
dish_1561662814,phone,phone imitation,23.2435,115.855,92.6111,20,57.2653,37.2653,6.85431,7.40324,71.3133,0.129539,0.00468972
dish_1565638478,phone,phone imitation,47.6158,80.2225,32.6068,91,99.4864,8.4864,8.48051,8.33229,84.716,0.0857422,0.00212726
dish_1562690917,phone,phone imitation,69.0617,62.9647,6.097,122,154.621,32.6208,6.70675,7.41732,68.4437,0.0879339,0.00243823
dish_1558549806,phone,phone imitation,781.958,548.814,233.144,203,230.475,27.4747,10.354,21.023,185.413,-0.00330305,0.00558983
dish_1561578839,phone,phone imitation,362.155,410.757,48.6021,214,252.654,38.6536,6.90572,17.2223,166.225,0.0525099,0.00475669
dish_1558376984,phone,phone imitation,671.678,580.477,91.2009,350,374.857,24.8566,7.7528,14.2544,134.869,-0.055714,0.00419488
dish_1563996509,phone,phone imitation,365.185,442.838,77.6528,316,448.98,132.98,7.91171,14.3123,126.97,0.119882,0.00291281
dish_1558110436,phone,phone imitation,85.629,88.631,3.00201,69,55.3847,13.6153,7.3115,8.68437,82.6809,-0.1463,0.0080104
dish_1564686966,phone,phone imitation,153.205,234.77,81.5651,65,99.0542,34.0542,8.22152,5.68836,51.5038,-0.0172624,0.0037206
dish_1562099053,phone,phone imitation,98.383,82.7046,15.6784,37,50.5206,13.5206,9.63397,4.94848,43.4144,0.155925,0.00534301
dish_1563208459,phone,phone imitation,186.486,257.899,71.4131,161,271.548,110.548,7.48506,8.43249,76.7547,-0.0346699,0.00327847
dish_1566850031,phone,phone imitation,616.772,539.678,77.0942,662,512.293,149.707,7.84948,15.4729,151.009,-0.00940007,0.00644981
dish_1565711527,phone,phone imitation,484.807,597.811,113.004,302,436.872,134.872,8.48079,10.3047,87.7874,0.107178,0.00404691
dish_1562703382,phone,phone imitation,203.87,325.674,121.804,145,239.656,94.6559,6.86892,6.50595,57.264,0.0962355,0.00244274
dish_1566502437,phone,phone imitation,74.564,148.318,73.7542,64,121.897,57.8972,5.87574,8.8585,83.6945,0.231826,0.00214956
dish_1561662842,phone,phone imitation,263.125,385.433,122.308,172,222.87,50.8695,7.34953,10.4125,96.0691,0.0671997,0.00501937
dish_1562691032,phone,phone imitation,419.682,436.078,16.3967,415,432.471,17.4715,6.64068,11.5376,104.626,0.0740025,0.00318883
dish_1565974409,phone,phone imitation,688.65,462.924,225.726,228,188.388,39.6121,8.42598,8.37762,76.0525,-0.0742374,0.00220756
dish_1558372948,phone,phone imitation,687.939,395.244,292.695,119,139.404,20.404,7.23951,9.89901,97.0561,-0.0843688,0.00622251
dish_1560367980,phone,phone imitation,421.465,267.599,153.866,254,274.94,20.9402,7.77871,15.6846,156.354,0.0376481,0.00351458
dish_1560444914,phone,phone imitation,62.34,151.297,88.9567,166,237.608,71.608,8.00477,8.3481,70.9451,0.143615,0.00637901
dish_1557937335,phone,phone imitation,47.158,56.5832,9.42524,38,20.8633,17.1367,7.66378,7.75673,72.9742,0.060492,0.00388668
dish_1563221157,phone,phone imitation,418.152,583.484,165.331,352,460.974,108.974,6.65624,14.4726,129.979,-0.0303703,0.0023108
dish_1560526447,phone,phone imitation,88.5928,251.117,162.525,70,222.572,152.572,6.42129,11.5784,106.04,0.0857831,0.00295738
dish_1562774159,phone,phone imitation,90.7635,137.833,47.0692,129,191.448,62.4478,6.69858,8.1793,72.3855,0.167315,0.00272031
dish_1563998210,phone,phone imitation,148.089,187.618,39.5283,91,155.146,64.1456,9.7048,4.69838,36.5175,0.193108,0.00518486
dish_1565711498,phone,phone imitation,246.827,339.674,92.8468,229,267.952,38.952,9.16021,7.54433,64.7107,0.133768,0.00482633
dish_1561663606,phone,phone imitation,474.503,509.262,34.7591,347,362.984,15.9841,8.03366,11.3027,88.66,-0.0275217,0.00416216
dish_1558114086,phone,phone imitation,74.36,110.149,35.7888,143,148.512,5.51176,7.73422,8.22897,76.8999,-0.148537,0.00884237
dish_1558630288,phone,phone imitation,7.106,-38.4142,45.5202,11,-13.2219,24.2219,7.06451,9.45007,94.7648,-0.0766115,0.00583512
dish_1563984167,phone,phone imitation,291.68,409.952,118.272,608,525.919,82.081,9.25947,7.58184,62.8334,0.181925,0.00354259
dish_1566416701,phone,phone imitation,198.537,365.045,166.508,122,278.317,156.317,7.74883,10.1658,85.8907,0.0369654,0.00364448
dish_1560801797,phone,phone imitation,25.6557,106.164,80.5088,96,83.6215,12.3785,7.76745,7.08235,62.5685,0.0482327,0.00532123
dish_1562172643,phone,phone imitation,734.27,582.612,151.658,457,438.487,18.5132,7.92502,11.0853,98.78,0.10593,0.00299126
dish_1565117463,phone,phone imitation,435.313,557.967,122.654,248,339.429,91.4292,9.10963,15.1516,133.674,0.134671,0.00507727
dish_1561741063,phone,phone imitation,132.3,215.687,83.3869,135,193.348,58.3477,9.57756,8.09,70.2491,0.0050751,0.00310744
dish_1568401233,phone,phone imitation,490.393,526.044,35.651,418,466.66,48.6597,8.64059,11.7603,95.1562,0.0706993,0.00408351
dish_1565898432,phone,phone imitation,450.225,442.007,8.21751,282,371.704,89.7039,7.9856,16.61,150.89,0.00662315,0.00417255
